Command line invocation:
    /Applications/Xcode.app/Contents/Developer/usr/bin/xcodebuild -project FieldHT.xcodeproj -scheme FieldHT -configuration Debug -destination "platform=iOS Simulator,name=iPhone 16e" -derivedDataPath /var/folders/pm/b8pk4ccj1fn9p16yp_t2xwtw0000gn/T/xcode-bench-dd-yypjhhwm build -showBuildTimingSummary

Resolve Package Graph

Fetching from https://github.com/gavineadie/SatelliteKit.git (cached)

Creating working copy of package ‘SatelliteKit’

Checking out 2.1.1 of package ‘SatelliteKit’


Resolved source packages:
  SatelliteKit: https://github.com/gavineadie/SatelliteKit.git @ 2.1.1

ComputePackagePrebuildTargetDependencyGraph

Prepare packages

CreateBuildRequest

SendProjectDescription

CreateBuildOperation

ComputeTargetDependencyGraph
note: Building targets in dependency order
note: Target dependency graph (4 targets)
    Target 'FieldHT' in project 'FieldHT'
        ➜ Explicit dependency on target 'WidgetExtension' in project 'FieldHT'
        ➜ Explicit dependency on target 'SatelliteKit' in project 'SatelliteKit'
    Target 'SatelliteKit' in project 'SatelliteKit'
        ➜ Explicit dependency on target 'SatelliteKit' in project 'SatelliteKit'
    Target 'SatelliteKit' in project 'SatelliteKit' (no dependencies)
    Target 'WidgetExtension' in project 'FieldHT' (no dependencies)

GatherProvisioningInputs

CreateBuildDescription

ExecuteExternalTool /Applications/Xcode.app/Contents/Developer/Toolchains/XcodeDefault.xctoolchain/usr/bin/clang -v -E -dM -isysroot /Applications/Xcode.app/Contents/Developer/Platforms/iPhoneSimulator.platform/Developer/SDKs/iPhoneSimulator26.0.sdk -x c -c /dev/null

ExecuteExternalTool /Applications/Xcode.app/Contents/Developer/usr/bin/actool --version --output-format xml1

ExecuteExternalTool /Applications/Xcode.app/Contents/Developer/Toolchains/XcodeDefault.xctoolchain/usr/bin/swiftc --version

ExecuteExternalTool /Applications/Xcode.app/Contents/Developer/usr/bin/actool --print-asset-tag-combinations --output-format xml1 /Users/benjaminfaershtein/Documents/FieldHT/FieldHT/Assets.xcassets

ExecuteExternalTool /Applications/Xcode.app/Contents/Developer/Toolchains/XcodeDefault.xctoolchain/usr/bin/ld -version_details

Build description signature: 1cfe79f326dbd83a8a14cb8c03244af6
Build description path: /var/folders/pm/b8pk4ccj1fn9p16yp_t2xwtw0000gn/T/xcode-bench-dd-yypjhhwm/Build/Intermediates.noindex/XCBuildData/1cfe79f326dbd83a8a14cb8c03244af6.xcbuilddata
ClangStatCache /Applications/Xcode.app/Contents/Developer/Toolchains/XcodeDefault.xctoolchain/usr/bin/clang-stat-cache /Applications/Xcode.app/Contents/Developer/Platforms/iPhoneSimulator.platform/Developer/SDKs/iPhoneSimulator26.0.sdk /var/folders/pm/b8pk4ccj1fn9p16yp_t2xwtw0000gn/T/xcode-bench-dd-yypjhhwm/SDKStatCaches.noindex/iphonesimulator26.0-23A339-26257891a6c027eb51374368541b8346.sdkstatcache
    cd /Users/benjaminfaershtein/Documents/FieldHT/FieldHT.xcodeproj
    /Applications/Xcode.app/Contents/Developer/Toolchains/XcodeDefault.xctoolchain/usr/bin/clang-stat-cache /Applications/Xcode.app/Contents/Developer/Platforms/iPhoneSimulator.platform/Developer/SDKs/iPhoneSimulator26.0.sdk -o /var/folders/pm/b8pk4ccj1fn9p16yp_t2xwtw0000gn/T/xcode-bench-dd-yypjhhwm/SDKStatCaches.noindex/iphonesimulator26.0-23A339-26257891a6c027eb51374368541b8346.sdkstatcache

CreateBuildDirectory /var/folders/pm/b8pk4ccj1fn9p16yp_t2xwtw0000gn/T/xcode-bench-dd-yypjhhwm/Build/Products
    cd /Users/benjaminfaershtein/Documents/FieldHT/FieldHT.xcodeproj
    builtin-create-build-directory /var/folders/pm/b8pk4ccj1fn9p16yp_t2xwtw0000gn/T/xcode-bench-dd-yypjhhwm/Build/Products

CreateBuildDirectory /var/folders/pm/b8pk4ccj1fn9p16yp_t2xwtw0000gn/T/xcode-bench-dd-yypjhhwm/Build/Intermediates.noindex
    cd /Users/benjaminfaershtein/Documents/FieldHT/FieldHT.xcodeproj
    builtin-create-build-directory /var/folders/pm/b8pk4ccj1fn9p16yp_t2xwtw0000gn/T/xcode-bench-dd-yypjhhwm/Build/Intermediates.noindex

CreateBuildDirectory /var/folders/pm/b8pk4ccj1fn9p16yp_t2xwtw0000gn/T/xcode-bench-dd-yypjhhwm/Build/Products/Debug-iphonesimulator
    cd /Users/benjaminfaershtein/Documents/FieldHT/FieldHT.xcodeproj
    builtin-create-build-directory /var/folders/pm/b8pk4ccj1fn9p16yp_t2xwtw0000gn/T/xcode-bench-dd-yypjhhwm/Build/Products/Debug-iphonesimulator

CreateBuildDirectory /var/folders/pm/b8pk4ccj1fn9p16yp_t2xwtw0000gn/T/xcode-bench-dd-yypjhhwm/Build/Intermediates.noindex/SwiftExplicitPrecompiledModules
    cd /Users/benjaminfaershtein/Documents/FieldHT/FieldHT.xcodeproj
    builtin-create-build-directory /var/folders/pm/b8pk4ccj1fn9p16yp_t2xwtw0000gn/T/xcode-bench-dd-yypjhhwm/Build/Intermediates.noindex/SwiftExplicitPrecompiledModules

CreateBuildDirectory /var/folders/pm/b8pk4ccj1fn9p16yp_t2xwtw0000gn/T/xcode-bench-dd-yypjhhwm/Build/Intermediates.noindex/ExplicitPrecompiledModules
    cd /Users/benjaminfaershtein/Documents/FieldHT/FieldHT.xcodeproj
    builtin-create-build-directory /var/folders/pm/b8pk4ccj1fn9p16yp_t2xwtw0000gn/T/xcode-bench-dd-yypjhhwm/Build/Intermediates.noindex/ExplicitPrecompiledModules

CreateBuildDirectory /var/folders/pm/b8pk4ccj1fn9p16yp_t2xwtw0000gn/T/xcode-bench-dd-yypjhhwm/Build/Intermediates.noindex/EagerLinkingTBDs/Debug-iphonesimulator
    cd /Users/benjaminfaershtein/Documents/FieldHT/FieldHT.xcodeproj
    builtin-create-build-directory /var/folders/pm/b8pk4ccj1fn9p16yp_t2xwtw0000gn/T/xcode-bench-dd-yypjhhwm/Build/Intermediates.noindex/EagerLinkingTBDs/Debug-iphonesimulator

WriteAuxiliaryFile /var/folders/pm/b8pk4ccj1fn9p16yp_t2xwtw0000gn/T/xcode-bench-dd-yypjhhwm/Build/Intermediates.noindex/FieldHT.build/Debug-iphonesimulator/FieldHT-8db3a85ec02ee428a21b172cdb8cc156-VFS-iphonesimulator/all-product-headers.yaml
    cd /Users/benjaminfaershtein/Documents/FieldHT/FieldHT.xcodeproj
    write-file /var/folders/pm/b8pk4ccj1fn9p16yp_t2xwtw0000gn/T/xcode-bench-dd-yypjhhwm/Build/Intermediates.noindex/FieldHT.build/Debug-iphonesimulator/FieldHT-8db3a85ec02ee428a21b172cdb8cc156-VFS-iphonesimulator/all-product-headers.yaml

CreateBuildDirectory /var/folders/pm/b8pk4ccj1fn9p16yp_t2xwtw0000gn/T/xcode-bench-dd-yypjhhwm/Build/Products/Debug-iphonesimulator/PackageFrameworks
    cd /Users/benjaminfaershtein/Documents/FieldHT/FieldHT.xcodeproj
    builtin-create-build-directory /var/folders/pm/b8pk4ccj1fn9p16yp_t2xwtw0000gn/T/xcode-bench-dd-yypjhhwm/Build/Products/Debug-iphonesimulator/PackageFrameworks

WriteAuxiliaryFile /var/folders/pm/b8pk4ccj1fn9p16yp_t2xwtw0000gn/T/xcode-bench-dd-yypjhhwm/Build/Intermediates.noindex/FieldHT.build/Debug-iphonesimulator/WidgetExtension.build/WidgetExtension.hmap (in target 'WidgetExtension' from project 'FieldHT')
    cd /Users/benjaminfaershtein/Documents/FieldHT
    write-file /var/folders/pm/b8pk4ccj1fn9p16yp_t2xwtw0000gn/T/xcode-bench-dd-yypjhhwm/Build/Intermediates.noindex/FieldHT.build/Debug-iphonesimulator/WidgetExtension.build/WidgetExtension.hmap

WriteAuxiliaryFile /var/folders/pm/b8pk4ccj1fn9p16yp_t2xwtw0000gn/T/xcode-bench-dd-yypjhhwm/Build/Intermediates.noindex/FieldHT.build/Debug-iphonesimulator/WidgetExtension.build/WidgetExtension-generated-files.hmap (in target 'WidgetExtension' from project 'FieldHT')
    cd /Users/benjaminfaershtein/Documents/FieldHT
    write-file /var/folders/pm/b8pk4ccj1fn9p16yp_t2xwtw0000gn/T/xcode-bench-dd-yypjhhwm/Build/Intermediates.noindex/FieldHT.build/Debug-iphonesimulator/WidgetExtension.build/WidgetExtension-generated-files.hmap

WriteAuxiliaryFile /var/folders/pm/b8pk4ccj1fn9p16yp_t2xwtw0000gn/T/xcode-bench-dd-yypjhhwm/Build/Intermediates.noindex/FieldHT.build/Debug-iphonesimulator/WidgetExtension.build/WidgetExtension-own-target-headers.hmap (in target 'WidgetExtension' from project 'FieldHT')
    cd /Users/benjaminfaershtein/Documents/FieldHT
    write-file /var/folders/pm/b8pk4ccj1fn9p16yp_t2xwtw0000gn/T/xcode-bench-dd-yypjhhwm/Build/Intermediates.noindex/FieldHT.build/Debug-iphonesimulator/WidgetExtension.build/WidgetExtension-own-target-headers.hmap

WriteAuxiliaryFile /var/folders/pm/b8pk4ccj1fn9p16yp_t2xwtw0000gn/T/xcode-bench-dd-yypjhhwm/Build/Intermediates.noindex/FieldHT.build/Debug-iphonesimulator/WidgetExtension.build/WidgetExtension-project-headers.hmap (in target 'WidgetExtension' from project 'FieldHT')
    cd /Users/benjaminfaershtein/Documents/FieldHT
    write-file /var/folders/pm/b8pk4ccj1fn9p16yp_t2xwtw0000gn/T/xcode-bench-dd-yypjhhwm/Build/Intermediates.noindex/FieldHT.build/Debug-iphonesimulator/WidgetExtension.build/WidgetExtension-project-headers.hmap

WriteAuxiliaryFile /var/folders/pm/b8pk4ccj1fn9p16yp_t2xwtw0000gn/T/xcode-bench-dd-yypjhhwm/Build/Intermediates.noindex/FieldHT.build/Debug-iphonesimulator/WidgetExtension.build/WidgetExtension.DependencyMetadataFileList (in target 'WidgetExtension' from project 'FieldHT')
    cd /Users/benjaminfaershtein/Documents/FieldHT
    write-file /var/folders/pm/b8pk4ccj1fn9p16yp_t2xwtw0000gn/T/xcode-bench-dd-yypjhhwm/Build/Intermediates.noindex/FieldHT.build/Debug-iphonesimulator/WidgetExtension.build/WidgetExtension.DependencyMetadataFileList

WriteAuxiliaryFile /var/folders/pm/b8pk4ccj1fn9p16yp_t2xwtw0000gn/T/xcode-bench-dd-yypjhhwm/Build/Intermediates.noindex/FieldHT.build/Debug-iphonesimulator/WidgetExtension.build/WidgetExtension.DependencyStaticMetadataFileList (in target 'WidgetExtension' from project 'FieldHT')
    cd /Users/benjaminfaershtein/Documents/FieldHT
    write-file /var/folders/pm/b8pk4ccj1fn9p16yp_t2xwtw0000gn/T/xcode-bench-dd-yypjhhwm/Build/Intermediates.noindex/FieldHT.build/Debug-iphonesimulator/WidgetExtension.build/WidgetExtension.DependencyStaticMetadataFileList

WriteAuxiliaryFile /var/folders/pm/b8pk4ccj1fn9p16yp_t2xwtw0000gn/T/xcode-bench-dd-yypjhhwm/Build/Intermediates.noindex/FieldHT.build/Debug-iphonesimulator/FieldHT.build/Objects-normal/arm64/FieldHT.SwiftFileList (in target 'FieldHT' from project 'FieldHT')
    cd /Users/benjaminfaershtein/Documents/FieldHT
    write-file /var/folders/pm/b8pk4ccj1fn9p16yp_t2xwtw0000gn/T/xcode-bench-dd-yypjhhwm/Build/Intermediates.noindex/FieldHT.build/Debug-iphonesimulator/FieldHT.build/Objects-normal/arm64/FieldHT.SwiftFileList

WriteAuxiliaryFile /var/folders/pm/b8pk4ccj1fn9p16yp_t2xwtw0000gn/T/xcode-bench-dd-yypjhhwm/Build/Intermediates.noindex/FieldHT.build/Debug-iphonesimulator/FieldHT.build/Objects-normal/arm64/FieldHT_const_extract_protocols.json (in target 'FieldHT' from project 'FieldHT')
    cd /Users/benjaminfaershtein/Documents/FieldHT
    write-file /var/folders/pm/b8pk4ccj1fn9p16yp_t2xwtw0000gn/T/xcode-bench-dd-yypjhhwm/Build/Intermediates.noindex/FieldHT.build/Debug-iphonesimulator/FieldHT.build/Objects-normal/arm64/FieldHT_const_extract_protocols.json

WriteAuxiliaryFile /var/folders/pm/b8pk4ccj1fn9p16yp_t2xwtw0000gn/T/xcode-bench-dd-yypjhhwm/Build/Intermediates.noindex/FieldHT.build/Debug-iphonesimulator/WidgetExtension.build/WidgetExtension-all-target-headers.hmap (in target 'WidgetExtension' from project 'FieldHT')
    cd /Users/benjaminfaershtein/Documents/FieldHT
    write-file /var/folders/pm/b8pk4ccj1fn9p16yp_t2xwtw0000gn/T/xcode-bench-dd-yypjhhwm/Build/Intermediates.noindex/FieldHT.build/Debug-iphonesimulator/WidgetExtension.build/WidgetExtension-all-target-headers.hmap

WriteAuxiliaryFile /var/folders/pm/b8pk4ccj1fn9p16yp_t2xwtw0000gn/T/xcode-bench-dd-yypjhhwm/Build/Intermediates.noindex/FieldHT.build/Debug-iphonesimulator/WidgetExtension.build/WidgetExtension-all-non-framework-target-headers.hmap (in target 'WidgetExtension' from project 'FieldHT')
    cd /Users/benjaminfaershtein/Documents/FieldHT
    write-file /var/folders/pm/b8pk4ccj1fn9p16yp_t2xwtw0000gn/T/xcode-bench-dd-yypjhhwm/Build/Intermediates.noindex/FieldHT.build/Debug-iphonesimulator/WidgetExtension.build/WidgetExtension-all-non-framework-target-headers.hmap

WriteAuxiliaryFile /var/folders/pm/b8pk4ccj1fn9p16yp_t2xwtw0000gn/T/xcode-bench-dd-yypjhhwm/Build/Intermediates.noindex/FieldHT.build/Debug-iphonesimulator/WidgetExtension.build/WidgetExtension-DebugEntryPoint-normal-arm64.txt (in target 'WidgetExtension' from project 'FieldHT')
    cd /Users/benjaminfaershtein/Documents/FieldHT
    write-file /var/folders/pm/b8pk4ccj1fn9p16yp_t2xwtw0000gn/T/xcode-bench-dd-yypjhhwm/Build/Intermediates.noindex/FieldHT.build/Debug-iphonesimulator/WidgetExtension.build/WidgetExtension-DebugEntryPoint-normal-arm64.txt

WriteAuxiliaryFile /var/folders/pm/b8pk4ccj1fn9p16yp_t2xwtw0000gn/T/xcode-bench-dd-yypjhhwm/Build/Intermediates.noindex/FieldHT.build/Debug-iphonesimulator/WidgetExtension.build/WidgetExtension-DebugDylibPath-normal-arm64.txt (in target 'WidgetExtension' from project 'FieldHT')
    cd /Users/benjaminfaershtein/Documents/FieldHT
    write-file /var/folders/pm/b8pk4ccj1fn9p16yp_t2xwtw0000gn/T/xcode-bench-dd-yypjhhwm/Build/Intermediates.noindex/FieldHT.build/Debug-iphonesimulator/WidgetExtension.build/WidgetExtension-DebugDylibPath-normal-arm64.txt

WriteAuxiliaryFile /var/folders/pm/b8pk4ccj1fn9p16yp_t2xwtw0000gn/T/xcode-bench-dd-yypjhhwm/Build/Intermediates.noindex/FieldHT.build/Debug-iphonesimulator/WidgetExtension.build/WidgetExtension-DebugDylibInstallName-normal-arm64.txt (in target 'WidgetExtension' from project 'FieldHT')
    cd /Users/benjaminfaershtein/Documents/FieldHT
    write-file /var/folders/pm/b8pk4ccj1fn9p16yp_t2xwtw0000gn/T/xcode-bench-dd-yypjhhwm/Build/Intermediates.noindex/FieldHT.build/Debug-iphonesimulator/WidgetExtension.build/WidgetExtension-DebugDylibInstallName-normal-arm64.txt

WriteAuxiliaryFile /var/folders/pm/b8pk4ccj1fn9p16yp_t2xwtw0000gn/T/xcode-bench-dd-yypjhhwm/Build/Intermediates.noindex/FieldHT.build/Debug-iphonesimulator/WidgetExtension.build/Objects-normal/arm64/WidgetExtension_const_extract_protocols.json (in target 'WidgetExtension' from project 'FieldHT')
    cd /Users/benjaminfaershtein/Documents/FieldHT
    write-file /var/folders/pm/b8pk4ccj1fn9p16yp_t2xwtw0000gn/T/xcode-bench-dd-yypjhhwm/Build/Intermediates.noindex/FieldHT.build/Debug-iphonesimulator/WidgetExtension.build/Objects-normal/arm64/WidgetExtension_const_extract_protocols.json

WriteAuxiliaryFile /var/folders/pm/b8pk4ccj1fn9p16yp_t2xwtw0000gn/T/xcode-bench-dd-yypjhhwm/Build/Intermediates.noindex/FieldHT.build/Debug-iphonesimulator/WidgetExtension.build/Objects-normal/arm64/WidgetExtension.SwiftFileList (in target 'WidgetExtension' from project 'FieldHT')
    cd /Users/benjaminfaershtein/Documents/FieldHT
    write-file /var/folders/pm/b8pk4ccj1fn9p16yp_t2xwtw0000gn/T/xcode-bench-dd-yypjhhwm/Build/Intermediates.noindex/FieldHT.build/Debug-iphonesimulator/WidgetExtension.build/Objects-normal/arm64/WidgetExtension.SwiftFileList

WriteAuxiliaryFile /var/folders/pm/b8pk4ccj1fn9p16yp_t2xwtw0000gn/T/xcode-bench-dd-yypjhhwm/Build/Intermediates.noindex/FieldHT.build/Debug-iphonesimulator/WidgetExtension.build/Objects-normal/arm64/WidgetExtension.LinkFileList (in target 'WidgetExtension' from project 'FieldHT')
    cd /Users/benjaminfaershtein/Documents/FieldHT
    write-file /var/folders/pm/b8pk4ccj1fn9p16yp_t2xwtw0000gn/T/xcode-bench-dd-yypjhhwm/Build/Intermediates.noindex/FieldHT.build/Debug-iphonesimulator/WidgetExtension.build/Objects-normal/arm64/WidgetExtension.LinkFileList

WriteAuxiliaryFile /var/folders/pm/b8pk4ccj1fn9p16yp_t2xwtw0000gn/T/xcode-bench-dd-yypjhhwm/Build/Intermediates.noindex/FieldHT.build/Debug-iphonesimulator/WidgetExtension.build/Objects-normal/arm64/WidgetExtension.SwiftConstValuesFileList (in target 'WidgetExtension' from project 'FieldHT')
    cd /Users/benjaminfaershtein/Documents/FieldHT
    write-file /var/folders/pm/b8pk4ccj1fn9p16yp_t2xwtw0000gn/T/xcode-bench-dd-yypjhhwm/Build/Intermediates.noindex/FieldHT.build/Debug-iphonesimulator/WidgetExtension.build/Objects-normal/arm64/WidgetExtension.SwiftConstValuesFileList

WriteAuxiliaryFile /var/folders/pm/b8pk4ccj1fn9p16yp_t2xwtw0000gn/T/xcode-bench-dd-yypjhhwm/Build/Intermediates.noindex/FieldHT.build/Debug-iphonesimulator/WidgetExtension.build/Objects-normal/arm64/WidgetExtension-OutputFileMap.json (in target 'WidgetExtension' from project 'FieldHT')
    cd /Users/benjaminfaershtein/Documents/FieldHT
    write-file /var/folders/pm/b8pk4ccj1fn9p16yp_t2xwtw0000gn/T/xcode-bench-dd-yypjhhwm/Build/Intermediates.noindex/FieldHT.build/Debug-iphonesimulator/WidgetExtension.build/Objects-normal/arm64/WidgetExtension-OutputFileMap.json

WriteAuxiliaryFile /var/folders/pm/b8pk4ccj1fn9p16yp_t2xwtw0000gn/T/xcode-bench-dd-yypjhhwm/Build/Intermediates.noindex/FieldHT.build/Debug-iphonesimulator/WidgetExtension.build/DerivedSources/Entitlements-Simulated.plist (in target 'WidgetExtension' from project 'FieldHT')
    cd /Users/benjaminfaershtein/Documents/FieldHT
    write-file /var/folders/pm/b8pk4ccj1fn9p16yp_t2xwtw0000gn/T/xcode-bench-dd-yypjhhwm/Build/Intermediates.noindex/FieldHT.build/Debug-iphonesimulator/WidgetExtension.build/DerivedSources/Entitlements-Simulated.plist

WriteAuxiliaryFile /var/folders/pm/b8pk4ccj1fn9p16yp_t2xwtw0000gn/T/xcode-bench-dd-yypjhhwm/Build/Intermediates.noindex/SatelliteKit.build/Debug-iphonesimulator/SatelliteKit.build/SatelliteKit.DependencyMetadataFileList (in target 'SatelliteKit' from project 'SatelliteKit')
    cd /var/folders/pm/b8pk4ccj1fn9p16yp_t2xwtw0000gn/T/xcode-bench-dd-yypjhhwm/SourcePackages/checkouts/SatelliteKit
    write-file /var/folders/pm/b8pk4ccj1fn9p16yp_t2xwtw0000gn/T/xcode-bench-dd-yypjhhwm/Build/Intermediates.noindex/SatelliteKit.build/Debug-iphonesimulator/SatelliteKit.build/SatelliteKit.DependencyMetadataFileList

WriteAuxiliaryFile /var/folders/pm/b8pk4ccj1fn9p16yp_t2xwtw0000gn/T/xcode-bench-dd-yypjhhwm/Build/Intermediates.noindex/SatelliteKit.build/Debug-iphonesimulator/SatelliteKit.build/SatelliteKit.modulemap (in target 'SatelliteKit' from project 'SatelliteKit')
    cd /var/folders/pm/b8pk4ccj1fn9p16yp_t2xwtw0000gn/T/xcode-bench-dd-yypjhhwm/SourcePackages/checkouts/SatelliteKit
    write-file /var/folders/pm/b8pk4ccj1fn9p16yp_t2xwtw0000gn/T/xcode-bench-dd-yypjhhwm/Build/Intermediates.noindex/SatelliteKit.build/Debug-iphonesimulator/SatelliteKit.build/SatelliteKit.modulemap

WriteAuxiliaryFile /var/folders/pm/b8pk4ccj1fn9p16yp_t2xwtw0000gn/T/xcode-bench-dd-yypjhhwm/Build/Intermediates.noindex/SatelliteKit.build/Debug-iphonesimulator/SatelliteKit.build/SatelliteKit.DependencyStaticMetadataFileList (in target 'SatelliteKit' from project 'SatelliteKit')
    cd /var/folders/pm/b8pk4ccj1fn9p16yp_t2xwtw0000gn/T/xcode-bench-dd-yypjhhwm/SourcePackages/checkouts/SatelliteKit
    write-file /var/folders/pm/b8pk4ccj1fn9p16yp_t2xwtw0000gn/T/xcode-bench-dd-yypjhhwm/Build/Intermediates.noindex/SatelliteKit.build/Debug-iphonesimulator/SatelliteKit.build/SatelliteKit.DependencyStaticMetadataFileList

WriteAuxiliaryFile /var/folders/pm/b8pk4ccj1fn9p16yp_t2xwtw0000gn/T/xcode-bench-dd-yypjhhwm/Build/Intermediates.noindex/SatelliteKit.build/Debug-iphonesimulator/SatelliteKit.build/Objects-normal/arm64/SatelliteKit_const_extract_protocols.json (in target 'SatelliteKit' from project 'SatelliteKit')
    cd /var/folders/pm/b8pk4ccj1fn9p16yp_t2xwtw0000gn/T/xcode-bench-dd-yypjhhwm/SourcePackages/checkouts/SatelliteKit
    write-file /var/folders/pm/b8pk4ccj1fn9p16yp_t2xwtw0000gn/T/xcode-bench-dd-yypjhhwm/Build/Intermediates.noindex/SatelliteKit.build/Debug-iphonesimulator/SatelliteKit.build/Objects-normal/arm64/SatelliteKit_const_extract_protocols.json

WriteAuxiliaryFile /var/folders/pm/b8pk4ccj1fn9p16yp_t2xwtw0000gn/T/xcode-bench-dd-yypjhhwm/Build/Intermediates.noindex/SatelliteKit.build/Debug-iphonesimulator/SatelliteKit.build/Objects-normal/arm64/SatelliteKit.SwiftFileList (in target 'SatelliteKit' from project 'SatelliteKit')
    cd /var/folders/pm/b8pk4ccj1fn9p16yp_t2xwtw0000gn/T/xcode-bench-dd-yypjhhwm/SourcePackages/checkouts/SatelliteKit
    write-file /var/folders/pm/b8pk4ccj1fn9p16yp_t2xwtw0000gn/T/xcode-bench-dd-yypjhhwm/Build/Intermediates.noindex/SatelliteKit.build/Debug-iphonesimulator/SatelliteKit.build/Objects-normal/arm64/SatelliteKit.SwiftFileList

WriteAuxiliaryFile /var/folders/pm/b8pk4ccj1fn9p16yp_t2xwtw0000gn/T/xcode-bench-dd-yypjhhwm/Build/Intermediates.noindex/SatelliteKit.build/Debug-iphonesimulator/SatelliteKit.build/Objects-normal/arm64/SatelliteKit.SwiftConstValuesFileList (in target 'SatelliteKit' from project 'SatelliteKit')
    cd /var/folders/pm/b8pk4ccj1fn9p16yp_t2xwtw0000gn/T/xcode-bench-dd-yypjhhwm/SourcePackages/checkouts/SatelliteKit
    write-file /var/folders/pm/b8pk4ccj1fn9p16yp_t2xwtw0000gn/T/xcode-bench-dd-yypjhhwm/Build/Intermediates.noindex/SatelliteKit.build/Debug-iphonesimulator/SatelliteKit.build/Objects-normal/arm64/SatelliteKit.SwiftConstValuesFileList

WriteAuxiliaryFile /var/folders/pm/b8pk4ccj1fn9p16yp_t2xwtw0000gn/T/xcode-bench-dd-yypjhhwm/Build/Intermediates.noindex/SatelliteKit.build/Debug-iphonesimulator/SatelliteKit.build/Objects-normal/arm64/SatelliteKit.LinkFileList (in target 'SatelliteKit' from project 'SatelliteKit')
    cd /var/folders/pm/b8pk4ccj1fn9p16yp_t2xwtw0000gn/T/xcode-bench-dd-yypjhhwm/SourcePackages/checkouts/SatelliteKit
    write-file /var/folders/pm/b8pk4ccj1fn9p16yp_t2xwtw0000gn/T/xcode-bench-dd-yypjhhwm/Build/Intermediates.noindex/SatelliteKit.build/Debug-iphonesimulator/SatelliteKit.build/Objects-normal/arm64/SatelliteKit.LinkFileList

WriteAuxiliaryFile /var/folders/pm/b8pk4ccj1fn9p16yp_t2xwtw0000gn/T/xcode-bench-dd-yypjhhwm/Build/Intermediates.noindex/SatelliteKit.build/Debug-iphonesimulator/SatelliteKit.build/Objects-normal/arm64/SatelliteKit-OutputFileMap.json (in target 'SatelliteKit' from project 'SatelliteKit')
    cd /var/folders/pm/b8pk4ccj1fn9p16yp_t2xwtw0000gn/T/xcode-bench-dd-yypjhhwm/SourcePackages/checkouts/SatelliteKit
    write-file /var/folders/pm/b8pk4ccj1fn9p16yp_t2xwtw0000gn/T/xcode-bench-dd-yypjhhwm/Build/Intermediates.noindex/SatelliteKit.build/Debug-iphonesimulator/SatelliteKit.build/Objects-normal/arm64/SatelliteKit-OutputFileMap.json

WriteAuxiliaryFile /var/folders/pm/b8pk4ccj1fn9p16yp_t2xwtw0000gn/T/xcode-bench-dd-yypjhhwm/Build/Intermediates.noindex/FieldHT.build/Debug-iphonesimulator/FieldHT.build/Objects-normal/arm64/FieldHT.SwiftConstValuesFileList (in target 'FieldHT' from project 'FieldHT')
    cd /Users/benjaminfaershtein/Documents/FieldHT
    write-file /var/folders/pm/b8pk4ccj1fn9p16yp_t2xwtw0000gn/T/xcode-bench-dd-yypjhhwm/Build/Intermediates.noindex/FieldHT.build/Debug-iphonesimulator/FieldHT.build/Objects-normal/arm64/FieldHT.SwiftConstValuesFileList

WriteAuxiliaryFile /var/folders/pm/b8pk4ccj1fn9p16yp_t2xwtw0000gn/T/xcode-bench-dd-yypjhhwm/Build/Intermediates.noindex/FieldHT.build/Debug-iphonesimulator/FieldHT.build/Objects-normal/arm64/FieldHT.LinkFileList (in target 'FieldHT' from project 'FieldHT')
    cd /Users/benjaminfaershtein/Documents/FieldHT
    write-file /var/folders/pm/b8pk4ccj1fn9p16yp_t2xwtw0000gn/T/xcode-bench-dd-yypjhhwm/Build/Intermediates.noindex/FieldHT.build/Debug-iphonesimulator/FieldHT.build/Objects-normal/arm64/FieldHT.LinkFileList

WriteAuxiliaryFile /var/folders/pm/b8pk4ccj1fn9p16yp_t2xwtw0000gn/T/xcode-bench-dd-yypjhhwm/Build/Intermediates.noindex/FieldHT.build/Debug-iphonesimulator/FieldHT.build/Objects-normal/arm64/FieldHT-OutputFileMap.json (in target 'FieldHT' from project 'FieldHT')
    cd /Users/benjaminfaershtein/Documents/FieldHT
    write-file /var/folders/pm/b8pk4ccj1fn9p16yp_t2xwtw0000gn/T/xcode-bench-dd-yypjhhwm/Build/Intermediates.noindex/FieldHT.build/Debug-iphonesimulator/FieldHT.build/Objects-normal/arm64/FieldHT-OutputFileMap.json

WriteAuxiliaryFile /var/folders/pm/b8pk4ccj1fn9p16yp_t2xwtw0000gn/T/xcode-bench-dd-yypjhhwm/Build/Intermediates.noindex/FieldHT.build/Debug-iphonesimulator/FieldHT.build/FieldHT.hmap (in target 'FieldHT' from project 'FieldHT')
    cd /Users/benjaminfaershtein/Documents/FieldHT
    write-file /var/folders/pm/b8pk4ccj1fn9p16yp_t2xwtw0000gn/T/xcode-bench-dd-yypjhhwm/Build/Intermediates.noindex/FieldHT.build/Debug-iphonesimulator/FieldHT.build/FieldHT.hmap

WriteAuxiliaryFile /var/folders/pm/b8pk4ccj1fn9p16yp_t2xwtw0000gn/T/xcode-bench-dd-yypjhhwm/Build/Intermediates.noindex/FieldHT.build/Debug-iphonesimulator/FieldHT.build/FieldHT.DependencyStaticMetadataFileList (in target 'FieldHT' from project 'FieldHT')
    cd /Users/benjaminfaershtein/Documents/FieldHT
    write-file /var/folders/pm/b8pk4ccj1fn9p16yp_t2xwtw0000gn/T/xcode-bench-dd-yypjhhwm/Build/Intermediates.noindex/FieldHT.build/Debug-iphonesimulator/FieldHT.build/FieldHT.DependencyStaticMetadataFileList

WriteAuxiliaryFile /var/folders/pm/b8pk4ccj1fn9p16yp_t2xwtw0000gn/T/xcode-bench-dd-yypjhhwm/Build/Intermediates.noindex/FieldHT.build/Debug-iphonesimulator/FieldHT.build/FieldHT.DependencyMetadataFileList (in target 'FieldHT' from project 'FieldHT')
    cd /Users/benjaminfaershtein/Documents/FieldHT
    write-file /var/folders/pm/b8pk4ccj1fn9p16yp_t2xwtw0000gn/T/xcode-bench-dd-yypjhhwm/Build/Intermediates.noindex/FieldHT.build/Debug-iphonesimulator/FieldHT.build/FieldHT.DependencyMetadataFileList

Copy /var/folders/pm/b8pk4ccj1fn9p16yp_t2xwtw0000gn/T/xcode-bench-dd-yypjhhwm/Build/Intermediates.noindex/GeneratedModuleMaps-iphonesimulator/SatelliteKit.modulemap /var/folders/pm/b8pk4ccj1fn9p16yp_t2xwtw0000gn/T/xcode-bench-dd-yypjhhwm/Build/Intermediates.noindex/SatelliteKit.build/Debug-iphonesimulator/SatelliteKit.build/SatelliteKit.modulemap (in target 'SatelliteKit' from project 'SatelliteKit')
    cd /var/folders/pm/b8pk4ccj1fn9p16yp_t2xwtw0000gn/T/xcode-bench-dd-yypjhhwm/SourcePackages/checkouts/SatelliteKit
    builtin-copy -exclude .DS_Store -exclude CVS -exclude .svn -exclude .git -exclude .hg -resolve-src-symlinks /var/folders/pm/b8pk4ccj1fn9p16yp_t2xwtw0000gn/T/xcode-bench-dd-yypjhhwm/Build/Intermediates.noindex/SatelliteKit.build/Debug-iphonesimulator/SatelliteKit.build/SatelliteKit.modulemap /var/folders/pm/b8pk4ccj1fn9p16yp_t2xwtw0000gn/T/xcode-bench-dd-yypjhhwm/Build/Intermediates.noindex/GeneratedModuleMaps-iphonesimulator

WriteAuxiliaryFile /var/folders/pm/b8pk4ccj1fn9p16yp_t2xwtw0000gn/T/xcode-bench-dd-yypjhhwm/Build/Intermediates.noindex/FieldHT.build/Debug-iphonesimulator/FieldHT.build/FieldHT-project-headers.hmap (in target 'FieldHT' from project 'FieldHT')
    cd /Users/benjaminfaershtein/Documents/FieldHT
    write-file /var/folders/pm/b8pk4ccj1fn9p16yp_t2xwtw0000gn/T/xcode-bench-dd-yypjhhwm/Build/Intermediates.noindex/FieldHT.build/Debug-iphonesimulator/FieldHT.build/FieldHT-project-headers.hmap

WriteAuxiliaryFile /var/folders/pm/b8pk4ccj1fn9p16yp_t2xwtw0000gn/T/xcode-bench-dd-yypjhhwm/Build/Intermediates.noindex/FieldHT.build/Debug-iphonesimulator/FieldHT.build/FieldHT-own-target-headers.hmap (in target 'FieldHT' from project 'FieldHT')
    cd /Users/benjaminfaershtein/Documents/FieldHT
    write-file /var/folders/pm/b8pk4ccj1fn9p16yp_t2xwtw0000gn/T/xcode-bench-dd-yypjhhwm/Build/Intermediates.noindex/FieldHT.build/Debug-iphonesimulator/FieldHT.build/FieldHT-own-target-headers.hmap

WriteAuxiliaryFile /var/folders/pm/b8pk4ccj1fn9p16yp_t2xwtw0000gn/T/xcode-bench-dd-yypjhhwm/Build/Intermediates.noindex/FieldHT.build/Debug-iphonesimulator/FieldHT.build/FieldHT-generated-files.hmap (in target 'FieldHT' from project 'FieldHT')
    cd /Users/benjaminfaershtein/Documents/FieldHT
    write-file /var/folders/pm/b8pk4ccj1fn9p16yp_t2xwtw0000gn/T/xcode-bench-dd-yypjhhwm/Build/Intermediates.noindex/FieldHT.build/Debug-iphonesimulator/FieldHT.build/FieldHT-generated-files.hmap

WriteAuxiliaryFile /var/folders/pm/b8pk4ccj1fn9p16yp_t2xwtw0000gn/T/xcode-bench-dd-yypjhhwm/Build/Intermediates.noindex/FieldHT.build/Debug-iphonesimulator/FieldHT.build/FieldHT-all-target-headers.hmap (in target 'FieldHT' from project 'FieldHT')
    cd /Users/benjaminfaershtein/Documents/FieldHT
    write-file /var/folders/pm/b8pk4ccj1fn9p16yp_t2xwtw0000gn/T/xcode-bench-dd-yypjhhwm/Build/Intermediates.noindex/FieldHT.build/Debug-iphonesimulator/FieldHT.build/FieldHT-all-target-headers.hmap

WriteAuxiliaryFile /var/folders/pm/b8pk4ccj1fn9p16yp_t2xwtw0000gn/T/xcode-bench-dd-yypjhhwm/Build/Intermediates.noindex/FieldHT.build/Debug-iphonesimulator/FieldHT.build/FieldHT-all-non-framework-target-headers.hmap (in target 'FieldHT' from project 'FieldHT')
    cd /Users/benjaminfaershtein/Documents/FieldHT
    write-file /var/folders/pm/b8pk4ccj1fn9p16yp_t2xwtw0000gn/T/xcode-bench-dd-yypjhhwm/Build/Intermediates.noindex/FieldHT.build/Debug-iphonesimulator/FieldHT.build/FieldHT-all-non-framework-target-headers.hmap

WriteAuxiliaryFile /var/folders/pm/b8pk4ccj1fn9p16yp_t2xwtw0000gn/T/xcode-bench-dd-yypjhhwm/Build/Intermediates.noindex/FieldHT.build/Debug-iphonesimulator/FieldHT.build/FieldHT-DebugDylibPath-normal-arm64.txt (in target 'FieldHT' from project 'FieldHT')
    cd /Users/benjaminfaershtein/Documents/FieldHT
    write-file /var/folders/pm/b8pk4ccj1fn9p16yp_t2xwtw0000gn/T/xcode-bench-dd-yypjhhwm/Build/Intermediates.noindex/FieldHT.build/Debug-iphonesimulator/FieldHT.build/FieldHT-DebugDylibPath-normal-arm64.txt

WriteAuxiliaryFile /var/folders/pm/b8pk4ccj1fn9p16yp_t2xwtw0000gn/T/xcode-bench-dd-yypjhhwm/Build/Intermediates.noindex/FieldHT.build/Debug-iphonesimulator/FieldHT.build/FieldHT-DebugDylibInstallName-normal-arm64.txt (in target 'FieldHT' from project 'FieldHT')
    cd /Users/benjaminfaershtein/Documents/FieldHT
    write-file /var/folders/pm/b8pk4ccj1fn9p16yp_t2xwtw0000gn/T/xcode-bench-dd-yypjhhwm/Build/Intermediates.noindex/FieldHT.build/Debug-iphonesimulator/FieldHT.build/FieldHT-DebugDylibInstallName-normal-arm64.txt

WriteAuxiliaryFile /var/folders/pm/b8pk4ccj1fn9p16yp_t2xwtw0000gn/T/xcode-bench-dd-yypjhhwm/Build/Intermediates.noindex/FieldHT.build/Debug-iphonesimulator/FieldHT.build/DerivedSources/Entitlements-Simulated.plist (in target 'FieldHT' from project 'FieldHT')
    cd /Users/benjaminfaershtein/Documents/FieldHT
    write-file /var/folders/pm/b8pk4ccj1fn9p16yp_t2xwtw0000gn/T/xcode-bench-dd-yypjhhwm/Build/Intermediates.noindex/FieldHT.build/Debug-iphonesimulator/FieldHT.build/DerivedSources/Entitlements-Simulated.plist

MkDir /var/folders/pm/b8pk4ccj1fn9p16yp_t2xwtw0000gn/T/xcode-bench-dd-yypjhhwm/Build/Products/Debug-iphonesimulator/WidgetExtension.appex (in target 'WidgetExtension' from project 'FieldHT')
    cd /Users/benjaminfaershtein/Documents/FieldHT
    /bin/mkdir -p /var/folders/pm/b8pk4ccj1fn9p16yp_t2xwtw0000gn/T/xcode-bench-dd-yypjhhwm/Build/Products/Debug-iphonesimulator/WidgetExtension.appex

MkDir /var/folders/pm/b8pk4ccj1fn9p16yp_t2xwtw0000gn/T/xcode-bench-dd-yypjhhwm/Build/Products/Debug-iphonesimulator/FieldHT.app (in target 'FieldHT' from project 'FieldHT')
    cd /Users/benjaminfaershtein/Documents/FieldHT
    /bin/mkdir -p /var/folders/pm/b8pk4ccj1fn9p16yp_t2xwtw0000gn/T/xcode-bench-dd-yypjhhwm/Build/Products/Debug-iphonesimulator/FieldHT.app

MkDir /var/folders/pm/b8pk4ccj1fn9p16yp_t2xwtw0000gn/T/xcode-bench-dd-yypjhhwm/Build/Products/Debug-iphonesimulator/FieldHT.app/PlugIns (in target 'FieldHT' from project 'FieldHT')
    cd /Users/benjaminfaershtein/Documents/FieldHT
    /bin/mkdir -p /var/folders/pm/b8pk4ccj1fn9p16yp_t2xwtw0000gn/T/xcode-bench-dd-yypjhhwm/Build/Products/Debug-iphonesimulator/FieldHT.app/PlugIns

ProcessProductPackaging "" /var/folders/pm/b8pk4ccj1fn9p16yp_t2xwtw0000gn/T/xcode-bench-dd-yypjhhwm/Build/Intermediates.noindex/FieldHT.build/Debug-iphonesimulator/WidgetExtension.build/WidgetExtension.appex-Simulated.xcent (in target 'WidgetExtension' from project 'FieldHT')
    cd /Users/benjaminfaershtein/Documents/FieldHT
    
    Entitlements:
    
    {
    "application-identifier" = "FRFXFRT624.BenFaer.FieldHT.Widget";
}
    
    builtin-productPackagingUtility -entitlements -format xml -o /var/folders/pm/b8pk4ccj1fn9p16yp_t2xwtw0000gn/T/xcode-bench-dd-yypjhhwm/Build/Intermediates.noindex/FieldHT.build/Debug-iphonesimulator/WidgetExtension.build/WidgetExtension.appex-Simulated.xcent

ProcessProductPackagingDER /var/folders/pm/b8pk4ccj1fn9p16yp_t2xwtw0000gn/T/xcode-bench-dd-yypjhhwm/Build/Intermediates.noindex/FieldHT.build/Debug-iphonesimulator/WidgetExtension.build/WidgetExtension.appex-Simulated.xcent /var/folders/pm/b8pk4ccj1fn9p16yp_t2xwtw0000gn/T/xcode-bench-dd-yypjhhwm/Build/Intermediates.noindex/FieldHT.build/Debug-iphonesimulator/WidgetExtension.build/WidgetExtension.appex-Simulated.xcent.der (in target 'WidgetExtension' from project 'FieldHT')
    cd /Users/benjaminfaershtein/Documents/FieldHT
    /usr/bin/derq query -f xml -i /var/folders/pm/b8pk4ccj1fn9p16yp_t2xwtw0000gn/T/xcode-bench-dd-yypjhhwm/Build/Intermediates.noindex/FieldHT.build/Debug-iphonesimulator/WidgetExtension.build/WidgetExtension.appex-Simulated.xcent -o /var/folders/pm/b8pk4ccj1fn9p16yp_t2xwtw0000gn/T/xcode-bench-dd-yypjhhwm/Build/Intermediates.noindex/FieldHT.build/Debug-iphonesimulator/WidgetExtension.build/WidgetExtension.appex-Simulated.xcent.der --raw

Ld /var/folders/pm/b8pk4ccj1fn9p16yp_t2xwtw0000gn/T/xcode-bench-dd-yypjhhwm/Build/Products/Debug-iphonesimulator/WidgetExtension.appex/__preview.dylib normal (in target 'WidgetExtension' from project 'FieldHT')
    cd /Users/benjaminfaershtein/Documents/FieldHT
    /Applications/Xcode.app/Contents/Developer/Toolchains/XcodeDefault.xctoolchain/usr/bin/clang -Xlinker -reproducible -target arm64-apple-ios26.0-simulator -dynamiclib -isysroot /Applications/Xcode.app/Contents/Developer/Platforms/iPhoneSimulator.platform/Developer/SDKs/iPhoneSimulator26.0.sdk -O0 -L/var/folders/pm/b8pk4ccj1fn9p16yp_t2xwtw0000gn/T/xcode-bench-dd-yypjhhwm/Build/Products/Debug-iphonesimulator -F/var/folders/pm/b8pk4ccj1fn9p16yp_t2xwtw0000gn/T/xcode-bench-dd-yypjhhwm/Build/Products/Debug-iphonesimulator -install_name @rpath/WidgetExtension.debug.dylib -dead_strip -rdynamic -Xlinker -no_deduplicate -Xlinker -objc_abi_version -Xlinker 2 -Xlinker -dependency_info -Xlinker /var/folders/pm/b8pk4ccj1fn9p16yp_t2xwtw0000gn/T/xcode-bench-dd-yypjhhwm/Build/Intermediates.noindex/FieldHT.build/Debug-iphonesimulator/WidgetExtension.build/Objects-normal/arm64/WidgetExtension_dependency_info.dat -Xlinker -sectcreate -Xlinker __TEXT -Xlinker __entitlements -Xlinker /var/folders/pm/b8pk4ccj1fn9p16yp_t2xwtw0000gn/T/xcode-bench-dd-yypjhhwm/Build/Intermediates.noindex/FieldHT.build/Debug-iphonesimulator/WidgetExtension.build/WidgetExtension.appex-Simulated.xcent -Xlinker -sectcreate -Xlinker __TEXT -Xlinker __ents_der -Xlinker /var/folders/pm/b8pk4ccj1fn9p16yp_t2xwtw0000gn/T/xcode-bench-dd-yypjhhwm/Build/Intermediates.noindex/FieldHT.build/Debug-iphonesimulator/WidgetExtension.build/WidgetExtension.appex-Simulated.xcent.der -Xlinker -no_adhoc_codesign -o /var/folders/pm/b8pk4ccj1fn9p16yp_t2xwtw0000gn/T/xcode-bench-dd-yypjhhwm/Build/Products/Debug-iphonesimulator/WidgetExtension.appex/__preview.dylib

GenerateAssetSymbols /Users/benjaminfaershtein/Documents/FieldHT/Widget/Assets.xcassets (in target 'WidgetExtension' from project 'FieldHT')
    cd /Users/benjaminfaershtein/Documents/FieldHT
    /Applications/Xcode.app/Contents/Developer/usr/bin/actool /Users/benjaminfaershtein/Documents/FieldHT/Widget/Assets.xcassets --compile /var/folders/pm/b8pk4ccj1fn9p16yp_t2xwtw0000gn/T/xcode-bench-dd-yypjhhwm/Build/Products/Debug-iphonesimulator/WidgetExtension.appex --output-format human-readable-text --notices --warnings --export-dependency-info /var/folders/pm/b8pk4ccj1fn9p16yp_t2xwtw0000gn/T/xcode-bench-dd-yypjhhwm/Build/Intermediates.noindex/FieldHT.build/Debug-iphonesimulator/WidgetExtension.build/assetcatalog_dependencies --output-partial-info-plist /var/folders/pm/b8pk4ccj1fn9p16yp_t2xwtw0000gn/T/xcode-bench-dd-yypjhhwm/Build/Intermediates.noindex/FieldHT.build/Debug-iphonesimulator/WidgetExtension.build/assetcatalog_generated_info.plist --accent-color AccentColor --widget-background-color WidgetBackground --compress-pngs --enable-on-demand-resources NO --standalone-icon-behavior all --development-region en --target-device iphone --target-device ipad --minimum-deployment-target 26.0 --platform iphonesimulator --bundle-identifier BenFaer.FieldHT.Widget --generate-swift-asset-symbols /var/folders/pm/b8pk4ccj1fn9p16yp_t2xwtw0000gn/T/xcode-bench-dd-yypjhhwm/Build/Intermediates.noindex/FieldHT.build/Debug-iphonesimulator/WidgetExtension.build/DerivedSources/GeneratedAssetSymbols.swift --generate-objc-asset-symbols /var/folders/pm/b8pk4ccj1fn9p16yp_t2xwtw0000gn/T/xcode-bench-dd-yypjhhwm/Build/Intermediates.noindex/FieldHT.build/Debug-iphonesimulator/WidgetExtension.build/DerivedSources/GeneratedAssetSymbols.h --generate-asset-symbol-index /var/folders/pm/b8pk4ccj1fn9p16yp_t2xwtw0000gn/T/xcode-bench-dd-yypjhhwm/Build/Intermediates.noindex/FieldHT.build/Debug-iphonesimulator/WidgetExtension.build/DerivedSources/GeneratedAssetSymbols-Index.plist
/* com.apple.actool.compilation-results */
/var/folders/pm/b8pk4ccj1fn9p16yp_t2xwtw0000gn/T/xcode-bench-dd-yypjhhwm/Build/Intermediates.noindex/FieldHT.build/Debug-iphonesimulator/WidgetExtension.build/DerivedSources/GeneratedAssetSymbols-Index.plist
/var/folders/pm/b8pk4ccj1fn9p16yp_t2xwtw0000gn/T/xcode-bench-dd-yypjhhwm/Build/Intermediates.noindex/FieldHT.build/Debug-iphonesimulator/WidgetExtension.build/DerivedSources/GeneratedAssetSymbols.h
/var/folders/pm/b8pk4ccj1fn9p16yp_t2xwtw0000gn/T/xcode-bench-dd-yypjhhwm/Build/Intermediates.noindex/FieldHT.build/Debug-iphonesimulator/WidgetExtension.build/DerivedSources/GeneratedAssetSymbols.swift


MkDir /var/folders/pm/b8pk4ccj1fn9p16yp_t2xwtw0000gn/T/xcode-bench-dd-yypjhhwm/Build/Intermediates.noindex/FieldHT.build/Debug-iphonesimulator/WidgetExtension.build/assetcatalog_output/thinned (in target 'WidgetExtension' from project 'FieldHT')
    cd /Users/benjaminfaershtein/Documents/FieldHT
    /bin/mkdir -p /var/folders/pm/b8pk4ccj1fn9p16yp_t2xwtw0000gn/T/xcode-bench-dd-yypjhhwm/Build/Intermediates.noindex/FieldHT.build/Debug-iphonesimulator/WidgetExtension.build/assetcatalog_output/thinned

MkDir /var/folders/pm/b8pk4ccj1fn9p16yp_t2xwtw0000gn/T/xcode-bench-dd-yypjhhwm/Build/Intermediates.noindex/FieldHT.build/Debug-iphonesimulator/WidgetExtension.build/assetcatalog_output/unthinned (in target 'WidgetExtension' from project 'FieldHT')
    cd /Users/benjaminfaershtein/Documents/FieldHT
    /bin/mkdir -p /var/folders/pm/b8pk4ccj1fn9p16yp_t2xwtw0000gn/T/xcode-bench-dd-yypjhhwm/Build/Intermediates.noindex/FieldHT.build/Debug-iphonesimulator/WidgetExtension.build/assetcatalog_output/unthinned

CompileAssetCatalogVariant thinned /var/folders/pm/b8pk4ccj1fn9p16yp_t2xwtw0000gn/T/xcode-bench-dd-yypjhhwm/Build/Products/Debug-iphonesimulator/WidgetExtension.appex /Users/benjaminfaershtein/Documents/FieldHT/Widget/Assets.xcassets (in target 'WidgetExtension' from project 'FieldHT')
    cd /Users/benjaminfaershtein/Documents/FieldHT
    /Applications/Xcode.app/Contents/Developer/usr/bin/actool /Users/benjaminfaershtein/Documents/FieldHT/Widget/Assets.xcassets --compile /var/folders/pm/b8pk4ccj1fn9p16yp_t2xwtw0000gn/T/xcode-bench-dd-yypjhhwm/Build/Intermediates.noindex/FieldHT.build/Debug-iphonesimulator/WidgetExtension.build/assetcatalog_output/thinned --output-format human-readable-text --notices --warnings --export-dependency-info /var/folders/pm/b8pk4ccj1fn9p16yp_t2xwtw0000gn/T/xcode-bench-dd-yypjhhwm/Build/Intermediates.noindex/FieldHT.build/Debug-iphonesimulator/WidgetExtension.build/assetcatalog_dependencies_thinned --output-partial-info-plist /var/folders/pm/b8pk4ccj1fn9p16yp_t2xwtw0000gn/T/xcode-bench-dd-yypjhhwm/Build/Intermediates.noindex/FieldHT.build/Debug-iphonesimulator/WidgetExtension.build/assetcatalog_generated_info.plist_thinned --accent-color AccentColor --widget-background-color WidgetBackground --compress-pngs --enable-on-demand-resources NO --standalone-icon-behavior all --filter-for-thinning-device-configuration iPhone17,5 --filter-for-device-os-version 26.0.1 --development-region en --target-device iphone --target-device ipad --minimum-deployment-target 26.0 --platform iphonesimulator
/* com.apple.actool.compilation-results */
/var/folders/pm/b8pk4ccj1fn9p16yp_t2xwtw0000gn/T/xcode-bench-dd-yypjhhwm/Build/Intermediates.noindex/FieldHT.build/Debug-iphonesimulator/WidgetExtension.build/assetcatalog_generated_info.plist_thinned


LinkAssetCatalog /Users/benjaminfaershtein/Documents/FieldHT/Widget/Assets.xcassets (in target 'WidgetExtension' from project 'FieldHT')
    cd /Users/benjaminfaershtein/Documents/FieldHT
    builtin-linkAssetCatalog --thinned /var/folders/pm/b8pk4ccj1fn9p16yp_t2xwtw0000gn/T/xcode-bench-dd-yypjhhwm/Build/Intermediates.noindex/FieldHT.build/Debug-iphonesimulator/WidgetExtension.build/assetcatalog_output/thinned --thinned-dependencies /var/folders/pm/b8pk4ccj1fn9p16yp_t2xwtw0000gn/T/xcode-bench-dd-yypjhhwm/Build/Intermediates.noindex/FieldHT.build/Debug-iphonesimulator/WidgetExtension.build/assetcatalog_dependencies_thinned --thinned-info-plist-content /var/folders/pm/b8pk4ccj1fn9p16yp_t2xwtw0000gn/T/xcode-bench-dd-yypjhhwm/Build/Intermediates.noindex/FieldHT.build/Debug-iphonesimulator/WidgetExtension.build/assetcatalog_generated_info.plist_thinned --unthinned /var/folders/pm/b8pk4ccj1fn9p16yp_t2xwtw0000gn/T/xcode-bench-dd-yypjhhwm/Build/Intermediates.noindex/FieldHT.build/Debug-iphonesimulator/WidgetExtension.build/assetcatalog_output/unthinned --unthinned-dependencies /var/folders/pm/b8pk4ccj1fn9p16yp_t2xwtw0000gn/T/xcode-bench-dd-yypjhhwm/Build/Intermediates.noindex/FieldHT.build/Debug-iphonesimulator/WidgetExtension.build/assetcatalog_dependencies_unthinned --unthinned-info-plist-content /var/folders/pm/b8pk4ccj1fn9p16yp_t2xwtw0000gn/T/xcode-bench-dd-yypjhhwm/Build/Intermediates.noindex/FieldHT.build/Debug-iphonesimulator/WidgetExtension.build/assetcatalog_generated_info.plist_unthinned --output /var/folders/pm/b8pk4ccj1fn9p16yp_t2xwtw0000gn/T/xcode-bench-dd-yypjhhwm/Build/Products/Debug-iphonesimulator/WidgetExtension.appex --plist-output /var/folders/pm/b8pk4ccj1fn9p16yp_t2xwtw0000gn/T/xcode-bench-dd-yypjhhwm/Build/Intermediates.noindex/FieldHT.build/Debug-iphonesimulator/WidgetExtension.build/assetcatalog_generated_info.plist

ProcessInfoPlistFile /var/folders/pm/b8pk4ccj1fn9p16yp_t2xwtw0000gn/T/xcode-bench-dd-yypjhhwm/Build/Products/Debug-iphonesimulator/WidgetExtension.appex/Info.plist /Users/benjaminfaershtein/Documents/FieldHT/Widget/Info.plist (in target 'WidgetExtension' from project 'FieldHT')
    cd /Users/benjaminfaershtein/Documents/FieldHT
    builtin-infoPlistUtility /Users/benjaminfaershtein/Documents/FieldHT/Widget/Info.plist -producttype com.apple.product-type.app-extension -expandbuildsettings -format binary -platform iphonesimulator -additionalcontentfile /var/folders/pm/b8pk4ccj1fn9p16yp_t2xwtw0000gn/T/xcode-bench-dd-yypjhhwm/Build/Intermediates.noindex/FieldHT.build/Debug-iphonesimulator/WidgetExtension.build/assetcatalog_generated_info.plist -o /var/folders/pm/b8pk4ccj1fn9p16yp_t2xwtw0000gn/T/xcode-bench-dd-yypjhhwm/Build/Products/Debug-iphonesimulator/WidgetExtension.appex/Info.plist

SwiftDriver WidgetExtension normal arm64 com.apple.xcode.tools.swift.compiler (in target 'WidgetExtension' from project 'FieldHT')
    cd /Users/benjaminfaershtein/Documents/FieldHT
    builtin-SwiftDriver -- /Applications/Xcode.app/Contents/Developer/Toolchains/XcodeDefault.xctoolchain/usr/bin/swiftc -module-name WidgetExtension -Onone -enforce-exclusivity\=checked @/var/folders/pm/b8pk4ccj1fn9p16yp_t2xwtw0000gn/T/xcode-bench-dd-yypjhhwm/Build/Intermediates.noindex/FieldHT.build/Debug-iphonesimulator/WidgetExtension.build/Objects-normal/arm64/WidgetExtension.SwiftFileList -DDEBUG -enable-bare-slash-regex -enable-upcoming-feature DisableOutwardActorInference -enable-upcoming-feature InferSendableFromCaptures -enable-upcoming-feature GlobalActorIsolatedTypesUsability -enable-upcoming-feature MemberImportVisibility -enable-upcoming-feature InferIsolatedConformances -enable-upcoming-feature NonisolatedNonsendingByDefault -enable-experimental-feature DebugDescriptionMacro -sdk /Applications/Xcode.app/Contents/Developer/Platforms/iPhoneSimulator.platform/Developer/SDKs/iPhoneSimulator26.0.sdk -target arm64-apple-ios26.0-simulator -g -module-cache-path /var/folders/pm/b8pk4ccj1fn9p16yp_t2xwtw0000gn/T/xcode-bench-dd-yypjhhwm/ModuleCache.noindex -Xfrontend -serialize-debugging-options -application-extension -enable-testing -index-store-path /var/folders/pm/b8pk4ccj1fn9p16yp_t2xwtw0000gn/T/xcode-bench-dd-yypjhhwm/Index.noindex/DataStore -Xcc -D_LIBCPP_HARDENING_MODE\=_LIBCPP_HARDENING_MODE_DEBUG -swift-version 5 -I /var/folders/pm/b8pk4ccj1fn9p16yp_t2xwtw0000gn/T/xcode-bench-dd-yypjhhwm/Build/Products/Debug-iphonesimulator -F /var/folders/pm/b8pk4ccj1fn9p16yp_t2xwtw0000gn/T/xcode-bench-dd-yypjhhwm/Build/Products/Debug-iphonesimulator -emit-localized-strings -emit-localized-strings-path /var/folders/pm/b8pk4ccj1fn9p16yp_t2xwtw0000gn/T/xcode-bench-dd-yypjhhwm/Build/Intermediates.noindex/FieldHT.build/Debug-iphonesimulator/WidgetExtension.build/Objects-normal/arm64 -c -j10 -enable-batch-mode -incremental -Xcc -ivfsstatcache -Xcc /var/folders/pm/b8pk4ccj1fn9p16yp_t2xwtw0000gn/T/xcode-bench-dd-yypjhhwm/SDKStatCaches.noindex/iphonesimulator26.0-23A339-26257891a6c027eb51374368541b8346.sdkstatcache -output-file-map /var/folders/pm/b8pk4ccj1fn9p16yp_t2xwtw0000gn/T/xcode-bench-dd-yypjhhwm/Build/Intermediates.noindex/FieldHT.build/Debug-iphonesimulator/WidgetExtension.build/Objects-normal/arm64/WidgetExtension-OutputFileMap.json -use-frontend-parseable-output -save-temps -no-color-diagnostics -explicit-module-build -module-cache-path /var/folders/pm/b8pk4ccj1fn9p16yp_t2xwtw0000gn/T/xcode-bench-dd-yypjhhwm/Build/Intermediates.noindex/SwiftExplicitPrecompiledModules -clang-scanner-module-cache-path /var/folders/pm/b8pk4ccj1fn9p16yp_t2xwtw0000gn/T/xcode-bench-dd-yypjhhwm/ModuleCache.noindex -sdk-module-cache-path /var/folders/pm/b8pk4ccj1fn9p16yp_t2xwtw0000gn/T/xcode-bench-dd-yypjhhwm/ModuleCache.noindex -serialize-diagnostics -emit-dependencies -emit-module -emit-module-path /var/folders/pm/b8pk4ccj1fn9p16yp_t2xwtw0000gn/T/xcode-bench-dd-yypjhhwm/Build/Intermediates.noindex/FieldHT.build/Debug-iphonesimulator/WidgetExtension.build/Objects-normal/arm64/WidgetExtension.swiftmodule -validate-clang-modules-once -clang-build-session-file /var/folders/pm/b8pk4ccj1fn9p16yp_t2xwtw0000gn/T/xcode-bench-dd-yypjhhwm/ModuleCache.noindex/Session.modulevalidation -Xcc -I/var/folders/pm/b8pk4ccj1fn9p16yp_t2xwtw0000gn/T/xcode-bench-dd-yypjhhwm/Build/Intermediates.noindex/FieldHT.build/Debug-iphonesimulator/WidgetExtension.build/swift-overrides.hmap -emit-const-values -Xfrontend -const-gather-protocols-file -Xfrontend /var/folders/pm/b8pk4ccj1fn9p16yp_t2xwtw0000gn/T/xcode-bench-dd-yypjhhwm/Build/Intermediates.noindex/FieldHT.build/Debug-iphonesimulator/WidgetExtension.build/Objects-normal/arm64/WidgetExtension_const_extract_protocols.json -Xcc -iquote -Xcc /var/folders/pm/b8pk4ccj1fn9p16yp_t2xwtw0000gn/T/xcode-bench-dd-yypjhhwm/Build/Intermediates.noindex/FieldHT.build/Debug-iphonesimulator/WidgetExtension.build/WidgetExtension-generated-files.hmap -Xcc -I/var/folders/pm/b8pk4ccj1fn9p16yp_t2xwtw0000gn/T/xcode-bench-dd-yypjhhwm/Build/Intermediates.noindex/FieldHT.build/Debug-iphonesimulator/WidgetExtension.build/WidgetExtension-own-target-headers.hmap -Xcc -I/var/folders/pm/b8pk4ccj1fn9p16yp_t2xwtw0000gn/T/xcode-bench-dd-yypjhhwm/Build/Intermediates.noindex/FieldHT.build/Debug-iphonesimulator/WidgetExtension.build/WidgetExtension-all-non-framework-target-headers.hmap -Xcc -ivfsoverlay -Xcc /var/folders/pm/b8pk4ccj1fn9p16yp_t2xwtw0000gn/T/xcode-bench-dd-yypjhhwm/Build/Intermediates.noindex/FieldHT.build/Debug-iphonesimulator/FieldHT-8db3a85ec02ee428a21b172cdb8cc156-VFS-iphonesimulator/all-product-headers.yaml -Xcc -iquote -Xcc /var/folders/pm/b8pk4ccj1fn9p16yp_t2xwtw0000gn/T/xcode-bench-dd-yypjhhwm/Build/Intermediates.noindex/FieldHT.build/Debug-iphonesimulator/WidgetExtension.build/WidgetExtension-project-headers.hmap -Xcc -I/var/folders/pm/b8pk4ccj1fn9p16yp_t2xwtw0000gn/T/xcode-bench-dd-yypjhhwm/Build/Products/Debug-iphonesimulator/include -Xcc -I/var/folders/pm/b8pk4ccj1fn9p16yp_t2xwtw0000gn/T/xcode-bench-dd-yypjhhwm/Build/Intermediates.noindex/FieldHT.build/Debug-iphonesimulator/WidgetExtension.build/DerivedSources-normal/arm64 -Xcc -I/var/folders/pm/b8pk4ccj1fn9p16yp_t2xwtw0000gn/T/xcode-bench-dd-yypjhhwm/Build/Intermediates.noindex/FieldHT.build/Debug-iphonesimulator/WidgetExtension.build/DerivedSources/arm64 -Xcc -I/var/folders/pm/b8pk4ccj1fn9p16yp_t2xwtw0000gn/T/xcode-bench-dd-yypjhhwm/Build/Intermediates.noindex/FieldHT.build/Debug-iphonesimulator/WidgetExtension.build/DerivedSources -Xcc -DDEBUG\=1 -emit-objc-header -emit-objc-header-path /var/folders/pm/b8pk4ccj1fn9p16yp_t2xwtw0000gn/T/xcode-bench-dd-yypjhhwm/Build/Intermediates.noindex/FieldHT.build/Debug-iphonesimulator/WidgetExtension.build/Objects-normal/arm64/WidgetExtension-Swift.h -working-directory /Users/benjaminfaershtein/Documents/FieldHT -experimental-emit-module-separately -disable-cmo

SwiftDriver SatelliteKit normal arm64 com.apple.xcode.tools.swift.compiler (in target 'SatelliteKit' from project 'SatelliteKit')
    cd /Users/benjaminfaershtein/Documents/FieldHT/FieldHT.xcodeproj
    builtin-SwiftDriver -- /Applications/Xcode.app/Contents/Developer/Toolchains/XcodeDefault.xctoolchain/usr/bin/swiftc -module-name SatelliteKit -Onone -enforce-exclusivity\=checked @/var/folders/pm/b8pk4ccj1fn9p16yp_t2xwtw0000gn/T/xcode-bench-dd-yypjhhwm/Build/Intermediates.noindex/SatelliteKit.build/Debug-iphonesimulator/SatelliteKit.build/Objects-normal/arm64/SatelliteKit.SwiftFileList -DSWIFT_PACKAGE -DDEBUG -DSWIFT_MODULE_RESOURCE_BUNDLE_UNAVAILABLE -DXcode -plugin-path /Applications/Xcode.app/Contents/Developer/Toolchains/XcodeDefault.xctoolchain/usr/lib/swift/host/plugins/testing -enable-experimental-feature DebugDescriptionMacro -sdk /Applications/Xcode.app/Contents/Developer/Platforms/iPhoneSimulator.platform/Developer/SDKs/iPhoneSimulator26.0.sdk -target arm64-apple-ios12.0-simulator -g -module-cache-path /var/folders/pm/b8pk4ccj1fn9p16yp_t2xwtw0000gn/T/xcode-bench-dd-yypjhhwm/ModuleCache.noindex -Xfrontend -serialize-debugging-options -enable-testing -suppress-warnings -index-store-path /var/folders/pm/b8pk4ccj1fn9p16yp_t2xwtw0000gn/T/xcode-bench-dd-yypjhhwm/Index.noindex/DataStore -Xcc -D_LIBCPP_HARDENING_MODE\=_LIBCPP_HARDENING_MODE_DEBUG -swift-version 6 -I /var/folders/pm/b8pk4ccj1fn9p16yp_t2xwtw0000gn/T/xcode-bench-dd-yypjhhwm/Build/Products/Debug-iphonesimulator -Isystem /Applications/Xcode.app/Contents/Developer/Platforms/iPhoneSimulator.platform/Developer/usr/lib -F /var/folders/pm/b8pk4ccj1fn9p16yp_t2xwtw0000gn/T/xcode-bench-dd-yypjhhwm/Build/Products/Debug-iphonesimulator -F /Applications/Xcode.app/Contents/Developer/Platforms/iPhoneSimulator.platform/Developer/Library/Frameworks -F /Applications/Xcode.app/Contents/Developer/Platforms/iPhoneSimulator.platform/Developer/SDKs/iPhoneSimulator26.0.sdk/Developer/Library/Frameworks -c -j10 -enable-batch-mode -incremental -Xcc -ivfsstatcache -Xcc /var/folders/pm/b8pk4ccj1fn9p16yp_t2xwtw0000gn/T/xcode-bench-dd-yypjhhwm/SDKStatCaches.noindex/iphonesimulator26.0-23A339-26257891a6c027eb51374368541b8346.sdkstatcache -output-file-map /var/folders/pm/b8pk4ccj1fn9p16yp_t2xwtw0000gn/T/xcode-bench-dd-yypjhhwm/Build/Intermediates.noindex/SatelliteKit.build/Debug-iphonesimulator/SatelliteKit.build/Objects-normal/arm64/SatelliteKit-OutputFileMap.json -use-frontend-parseable-output -save-temps -no-color-diagnostics -explicit-module-build -module-cache-path /var/folders/pm/b8pk4ccj1fn9p16yp_t2xwtw0000gn/T/xcode-bench-dd-yypjhhwm/Build/Intermediates.noindex/SwiftExplicitPrecompiledModules -clang-scanner-module-cache-path /var/folders/pm/b8pk4ccj1fn9p16yp_t2xwtw0000gn/T/xcode-bench-dd-yypjhhwm/ModuleCache.noindex -sdk-module-cache-path /var/folders/pm/b8pk4ccj1fn9p16yp_t2xwtw0000gn/T/xcode-bench-dd-yypjhhwm/ModuleCache.noindex -serialize-diagnostics -emit-dependencies -emit-module -emit-module-path /var/folders/pm/b8pk4ccj1fn9p16yp_t2xwtw0000gn/T/xcode-bench-dd-yypjhhwm/Build/Intermediates.noindex/SatelliteKit.build/Debug-iphonesimulator/SatelliteKit.build/Objects-normal/arm64/SatelliteKit.swiftmodule -user-module-version 2.1.1 -validate-clang-modules-once -clang-build-session-file /var/folders/pm/b8pk4ccj1fn9p16yp_t2xwtw0000gn/T/xcode-bench-dd-yypjhhwm/ModuleCache.noindex/Session.modulevalidation -package-name satellitekit -Xcc -I/var/folders/pm/b8pk4ccj1fn9p16yp_t2xwtw0000gn/T/xcode-bench-dd-yypjhhwm/Build/Intermediates.noindex/SatelliteKit.build/Debug-iphonesimulator/SatelliteKit.build/swift-overrides.hmap -emit-const-values -Xfrontend -const-gather-protocols-file -Xfrontend /var/folders/pm/b8pk4ccj1fn9p16yp_t2xwtw0000gn/T/xcode-bench-dd-yypjhhwm/Build/Intermediates.noindex/SatelliteKit.build/Debug-iphonesimulator/SatelliteKit.build/Objects-normal/arm64/SatelliteKit_const_extract_protocols.json -Xcc -I/var/folders/pm/b8pk4ccj1fn9p16yp_t2xwtw0000gn/T/xcode-bench-dd-yypjhhwm/Build/Products/Debug-iphonesimulator/include -Xcc -I/var/folders/pm/b8pk4ccj1fn9p16yp_t2xwtw0000gn/T/xcode-bench-dd-yypjhhwm/Build/Intermediates.noindex/SatelliteKit.build/Debug-iphonesimulator/SatelliteKit.build/DerivedSources-normal/arm64 -Xcc -I/var/folders/pm/b8pk4ccj1fn9p16yp_t2xwtw0000gn/T/xcode-bench-dd-yypjhhwm/Build/Intermediates.noindex/SatelliteKit.build/Debug-iphonesimulator/SatelliteKit.build/DerivedSources/arm64 -Xcc -I/var/folders/pm/b8pk4ccj1fn9p16yp_t2xwtw0000gn/T/xcode-bench-dd-yypjhhwm/Build/Intermediates.noindex/SatelliteKit.build/Debug-iphonesimulator/SatelliteKit.build/DerivedSources -Xcc -DSWIFT_PACKAGE -Xcc -DDEBUG\=1 -emit-objc-header -emit-objc-header-path /var/folders/pm/b8pk4ccj1fn9p16yp_t2xwtw0000gn/T/xcode-bench-dd-yypjhhwm/Build/Intermediates.noindex/SatelliteKit.build/Debug-iphonesimulator/SatelliteKit.build/Objects-normal/arm64/SatelliteKit-Swift.h -working-directory /Users/benjaminfaershtein/Documents/FieldHT/FieldHT.xcodeproj -experimental-emit-module-separately -disable-cmo

SwiftExplicitDependencyGeneratePcm arm64 /var/folders/pm/b8pk4ccj1fn9p16yp_t2xwtw0000gn/T/xcode-bench-dd-yypjhhwm/ModuleCache.noindex/ptrauth-1TUH7XWC3KWWAKMQXX8N2H0VB.pcm

SwiftExplicitDependencyGeneratePcm arm64 /var/folders/pm/b8pk4ccj1fn9p16yp_t2xwtw0000gn/T/xcode-bench-dd-yypjhhwm/ModuleCache.noindex/_SwiftConcurrencyShims-6EJV3L7XMAO2UZ1GCUB2NTA2R.pcm

SwiftExplicitDependencyGeneratePcm arm64 /var/folders/pm/b8pk4ccj1fn9p16yp_t2xwtw0000gn/T/xcode-bench-dd-yypjhhwm/ModuleCache.noindex/ptrcheck-2RX99WKHERYHT9UYCBQ88JEE6.pcm

SwiftExplicitDependencyGeneratePcm arm64 /var/folders/pm/b8pk4ccj1fn9p16yp_t2xwtw0000gn/T/xcode-bench-dd-yypjhhwm/ModuleCache.noindex/SwiftShims-417T7YZCWUJJJ41709SEAFMG5.pcm

SwiftExplicitDependencyGeneratePcm arm64 /var/folders/pm/b8pk4ccj1fn9p16yp_t2xwtw0000gn/T/xcode-bench-dd-yypjhhwm/ModuleCache.noindex/_Builtin_stdbool-73QW3ERRW9SEGHJ95D4FSNOIN.pcm

SwiftExplicitDependencyGeneratePcm arm64 /var/folders/pm/b8pk4ccj1fn9p16yp_t2xwtw0000gn/T/xcode-bench-dd-yypjhhwm/ModuleCache.noindex/_Builtin_float-85GDB0P9MPT1PT54HTYUM7S9F.pcm

SwiftExplicitDependencyGeneratePcm arm64 /var/folders/pm/b8pk4ccj1fn9p16yp_t2xwtw0000gn/T/xcode-bench-dd-yypjhhwm/ModuleCache.noindex/_Builtin_stdarg-4S1XZXFKNAGGMOMC6FBMN9KJL.pcm

SwiftExplicitDependencyGeneratePcm arm64 /var/folders/pm/b8pk4ccj1fn9p16yp_t2xwtw0000gn/T/xcode-bench-dd-yypjhhwm/ModuleCache.noindex/_Builtin_stddef-BF5YVAXEMQJZWN679T5ZLPNCS.pcm

SwiftExplicitDependencyGeneratePcm arm64 /var/folders/pm/b8pk4ccj1fn9p16yp_t2xwtw0000gn/T/xcode-bench-dd-yypjhhwm/ModuleCache.noindex/_AvailabilityInternal-4987IPYSMPTW6P2ATVHZ3IL1C.pcm

SwiftExplicitDependencyGeneratePcm arm64 /var/folders/pm/b8pk4ccj1fn9p16yp_t2xwtw0000gn/T/xcode-bench-dd-yypjhhwm/ModuleCache.noindex/_DarwinFoundation1-9JQ7541QEXWPQ320H5VFTKZD1.pcm

SwiftExplicitDependencyGeneratePcm arm64 /var/folders/pm/b8pk4ccj1fn9p16yp_t2xwtw0000gn/T/xcode-bench-dd-yypjhhwm/ModuleCache.noindex/_DarwinFoundation2-44YSGD5STPAGPQ275OYAYDJ9V.pcm

SwiftExplicitDependencyGeneratePcm arm64 /var/folders/pm/b8pk4ccj1fn9p16yp_t2xwtw0000gn/T/xcode-bench-dd-yypjhhwm/ModuleCache.noindex/_Builtin_limits-A35ETI3EPK5985S2RQJGCYVCI.pcm

SwiftExplicitDependencyGeneratePcm arm64 /var/folders/pm/b8pk4ccj1fn9p16yp_t2xwtw0000gn/T/xcode-bench-dd-yypjhhwm/ModuleCache.noindex/ptrauth-B1RTM4ZSVCL4QIY804BT3DLQF.pcm

SwiftExplicitDependencyGeneratePcm arm64 /var/folders/pm/b8pk4ccj1fn9p16yp_t2xwtw0000gn/T/xcode-bench-dd-yypjhhwm/ModuleCache.noindex/_Builtin_stdbool-8KXOZ3NL3TDSSL9ERU1HP3EZS.pcm

SwiftExplicitDependencyGeneratePcm arm64 /var/folders/pm/b8pk4ccj1fn9p16yp_t2xwtw0000gn/T/xcode-bench-dd-yypjhhwm/ModuleCache.noindex/_Builtin_stdarg-PQCKH6VREK7FQNLCCMDO8CHJ.pcm

SwiftExplicitDependencyGeneratePcm arm64 /var/folders/pm/b8pk4ccj1fn9p16yp_t2xwtw0000gn/T/xcode-bench-dd-yypjhhwm/ModuleCache.noindex/SwiftShims-164ZL9TTLEUTWF6F7IHYUK0E9.pcm

SwiftExplicitDependencyGeneratePcm arm64 /var/folders/pm/b8pk4ccj1fn9p16yp_t2xwtw0000gn/T/xcode-bench-dd-yypjhhwm/ModuleCache.noindex/DeveloperToolsSupport-EZX7QPU64ODAJEH9TEOF06BLV.pcm

SwiftExplicitDependencyGeneratePcm arm64 /var/folders/pm/b8pk4ccj1fn9p16yp_t2xwtw0000gn/T/xcode-bench-dd-yypjhhwm/ModuleCache.noindex/_Builtin_stddef-7BSNN1QXHCGCT5XE6QXTA90FF.pcm

SwiftExplicitDependencyGeneratePcm arm64 /var/folders/pm/b8pk4ccj1fn9p16yp_t2xwtw0000gn/T/xcode-bench-dd-yypjhhwm/ModuleCache.noindex/_AvailabilityInternal-7SCWAFBL68OY2GW8H4FJNM8SR.pcm

SwiftExplicitDependencyGeneratePcm arm64 /var/folders/pm/b8pk4ccj1fn9p16yp_t2xwtw0000gn/T/xcode-bench-dd-yypjhhwm/ModuleCache.noindex/ptrcheck-EQM1GOTQKTQR5IBMPKCX6MCWA.pcm

SwiftExplicitDependencyGeneratePcm arm64 /var/folders/pm/b8pk4ccj1fn9p16yp_t2xwtw0000gn/T/xcode-bench-dd-yypjhhwm/ModuleCache.noindex/ActivityKit-20FI5E1JHTKV9KWF0MBSAH1W5.pcm

SwiftExplicitDependencyGeneratePcm arm64 /var/folders/pm/b8pk4ccj1fn9p16yp_t2xwtw0000gn/T/xcode-bench-dd-yypjhhwm/ModuleCache.noindex/_Builtin_float-3LUH8HB80HI7M4HS7VZCJZHLN.pcm

SwiftExplicitDependencyGeneratePcm arm64 /var/folders/pm/b8pk4ccj1fn9p16yp_t2xwtw0000gn/T/xcode-bench-dd-yypjhhwm/ModuleCache.noindex/sys_types-2LM4TX7H3HBVRPN8FQHF63P6O.pcm

SwiftExplicitDependencyGeneratePcm arm64 /var/folders/pm/b8pk4ccj1fn9p16yp_t2xwtw0000gn/T/xcode-bench-dd-yypjhhwm/ModuleCache.noindex/_Builtin_stdint-A3SGVSNZ7VG07CQZ46VFN8148.pcm

SwiftExplicitDependencyGeneratePcm arm64 /var/folders/pm/b8pk4ccj1fn9p16yp_t2xwtw0000gn/T/xcode-bench-dd-yypjhhwm/ModuleCache.noindex/_SwiftConcurrencyShims-D3I8YKHIZBPNDUARFKFRVQXJR.pcm

SwiftExplicitDependencyGeneratePcm arm64 /var/folders/pm/b8pk4ccj1fn9p16yp_t2xwtw0000gn/T/xcode-bench-dd-yypjhhwm/ModuleCache.noindex/_DarwinFoundation1-7K42W83HZWBPTH1BBSB2TGRS3.pcm

SwiftExplicitDependencyGeneratePcm arm64 /var/folders/pm/b8pk4ccj1fn9p16yp_t2xwtw0000gn/T/xcode-bench-dd-yypjhhwm/ModuleCache.noindex/_DarwinFoundation3-615ZLIWX8VB2KMAXMFFBK8JED.pcm

SwiftExplicitDependencyGeneratePcm arm64 /var/folders/pm/b8pk4ccj1fn9p16yp_t2xwtw0000gn/T/xcode-bench-dd-yypjhhwm/ModuleCache.noindex/_Builtin_limits-14EMK62CHQBBJG91IJK2ZCOY1.pcm

SwiftExplicitDependencyGeneratePcm arm64 /var/folders/pm/b8pk4ccj1fn9p16yp_t2xwtw0000gn/T/xcode-bench-dd-yypjhhwm/ModuleCache.noindex/ExtensionFoundation-F3HY6HR41MEWVB93VMG760ZX3.pcm

SwiftExplicitDependencyGeneratePcm arm64 /var/folders/pm/b8pk4ccj1fn9p16yp_t2xwtw0000gn/T/xcode-bench-dd-yypjhhwm/ModuleCache.noindex/_DarwinFoundation2-7RJW2OYR3L5BSEST0M8MR2ONX.pcm

SwiftExplicitDependencyGeneratePcm arm64 /var/folders/pm/b8pk4ccj1fn9p16yp_t2xwtw0000gn/T/xcode-bench-dd-yypjhhwm/ModuleCache.noindex/_Builtin_inttypes-1PCBBKGIPU9GY7L5ITK7WXYAT.pcm

SwiftExplicitDependencyGeneratePcm arm64 /var/folders/pm/b8pk4ccj1fn9p16yp_t2xwtw0000gn/T/xcode-bench-dd-yypjhhwm/ModuleCache.noindex/sys_types-2WS2P6QNIV2KOB5XX2AVXLL8J.pcm

SwiftExplicitDependencyGeneratePcm arm64 /var/folders/pm/b8pk4ccj1fn9p16yp_t2xwtw0000gn/T/xcode-bench-dd-yypjhhwm/ModuleCache.noindex/_Builtin_tgmath-BITZCJI479CIRQ4PH83U8APR8.pcm

SwiftExplicitDependencyGeneratePcm arm64 /var/folders/pm/b8pk4ccj1fn9p16yp_t2xwtw0000gn/T/xcode-bench-dd-yypjhhwm/ModuleCache.noindex/_Builtin_stdint-B1YYLL9FO95IAO4JEYBX9WX0Y.pcm

SwiftExplicitDependencyGeneratePcm arm64 /var/folders/pm/b8pk4ccj1fn9p16yp_t2xwtw0000gn/T/xcode-bench-dd-yypjhhwm/ModuleCache.noindex/Darwin-AU6EPSBXVQRH09UALTL5R6MSG.pcm

SwiftExplicitDependencyGeneratePcm arm64 /var/folders/pm/b8pk4ccj1fn9p16yp_t2xwtw0000gn/T/xcode-bench-dd-yypjhhwm/ModuleCache.noindex/_Builtin_intrinsics-20NOWD3G2P1ZRH4JTT0KL6LHR.pcm

SwiftExplicitDependencyGeneratePcm arm64 /var/folders/pm/b8pk4ccj1fn9p16yp_t2xwtw0000gn/T/xcode-bench-dd-yypjhhwm/ModuleCache.noindex/_DarwinFoundation3-EP35MQ97XI30MA6ZQ60D83QLC.pcm

SwiftExplicitDependencyGeneratePcm arm64 /var/folders/pm/b8pk4ccj1fn9p16yp_t2xwtw0000gn/T/xcode-bench-dd-yypjhhwm/ModuleCache.noindex/_Builtin_stdatomic-29OVQBGZXWA9ZHYJBIPIL60FM.pcm

SwiftExplicitDependencyGeneratePcm arm64 /var/folders/pm/b8pk4ccj1fn9p16yp_t2xwtw0000gn/T/xcode-bench-dd-yypjhhwm/ModuleCache.noindex/_Builtin_inttypes-B9M1XKPP2WQOLJNQ5NAYYRP0B.pcm

SwiftExplicitDependencyGeneratePcm arm64 /var/folders/pm/b8pk4ccj1fn9p16yp_t2xwtw0000gn/T/xcode-bench-dd-yypjhhwm/ModuleCache.noindex/Darwin-7K72JWKVPL5BCC873LKQYYB5F.pcm

SwiftExplicitDependencyGeneratePcm arm64 /var/folders/pm/b8pk4ccj1fn9p16yp_t2xwtw0000gn/T/xcode-bench-dd-yypjhhwm/ModuleCache.noindex/simd-543RHJQPGKHGL04USJ8OX3Y4E.pcm

SwiftExplicitDependencyGeneratePcm arm64 /var/folders/pm/b8pk4ccj1fn9p16yp_t2xwtw0000gn/T/xcode-bench-dd-yypjhhwm/ModuleCache.noindex/ObjectiveC-BMYANN0U6BVWXCOHY4QWOB3HP.pcm

SwiftExplicitDependencyGeneratePcm arm64 /var/folders/pm/b8pk4ccj1fn9p16yp_t2xwtw0000gn/T/xcode-bench-dd-yypjhhwm/ModuleCache.noindex/os_object-7V120NCCTA0ZDY7OEOA5J82IQ.pcm

SwiftExplicitDependencyGeneratePcm arm64 /var/folders/pm/b8pk4ccj1fn9p16yp_t2xwtw0000gn/T/xcode-bench-dd-yypjhhwm/ModuleCache.noindex/os_workgroup-7S5YAUTVBW27ICTJSIDD0V469.pcm

SwiftExplicitDependencyGeneratePcm arm64 /var/folders/pm/b8pk4ccj1fn9p16yp_t2xwtw0000gn/T/xcode-bench-dd-yypjhhwm/ModuleCache.noindex/MachO-9ZGO2RUO1BT2ANWCLIOR7WX1E.pcm

SwiftExplicitDependencyGeneratePcm arm64 /var/folders/pm/b8pk4ccj1fn9p16yp_t2xwtw0000gn/T/xcode-bench-dd-yypjhhwm/ModuleCache.noindex/ObjectiveC-6EMGLAVEDUTXY8D59AW1FU02Y.pcm

SwiftExplicitDependencyGeneratePcm arm64 /var/folders/pm/b8pk4ccj1fn9p16yp_t2xwtw0000gn/T/xcode-bench-dd-yypjhhwm/ModuleCache.noindex/Dispatch-6NR2LL2DN51IY39MHQBGSCYUQ.pcm

SwiftExplicitDependencyGeneratePcm arm64 /var/folders/pm/b8pk4ccj1fn9p16yp_t2xwtw0000gn/T/xcode-bench-dd-yypjhhwm/ModuleCache.noindex/os_object-3SS8P4FRN7F60KWZA2ZOXIBFI.pcm

SwiftExplicitDependencyGeneratePcm arm64 /var/folders/pm/b8pk4ccj1fn9p16yp_t2xwtw0000gn/T/xcode-bench-dd-yypjhhwm/ModuleCache.noindex/CoreFoundation-EQ7BUP2LPQL3W7IXXG76PR8X7.pcm

SwiftExplicitDependencyGeneratePcm arm64 /var/folders/pm/b8pk4ccj1fn9p16yp_t2xwtw0000gn/T/xcode-bench-dd-yypjhhwm/ModuleCache.noindex/XPC-DEDSO4MQYM2BRWUVF98WW8X9B.pcm

SwiftExplicitDependencyGeneratePcm arm64 /var/folders/pm/b8pk4ccj1fn9p16yp_t2xwtw0000gn/T/xcode-bench-dd-yypjhhwm/ModuleCache.noindex/os_workgroup-AKG7RSSQ5SMUVA27B5446YWK4.pcm

SwiftExplicitDependencyGeneratePcm arm64 /var/folders/pm/b8pk4ccj1fn9p16yp_t2xwtw0000gn/T/xcode-bench-dd-yypjhhwm/ModuleCache.noindex/Dispatch-1E04Q77PTALO6LR39D40X962A.pcm

SwiftExplicitDependencyGeneratePcm arm64 /var/folders/pm/b8pk4ccj1fn9p16yp_t2xwtw0000gn/T/xcode-bench-dd-yypjhhwm/ModuleCache.noindex/Security-A6W2JGAR0BNTPINWYQHJSPUE6.pcm

SwiftExplicitDependencyGeneratePcm arm64 /var/folders/pm/b8pk4ccj1fn9p16yp_t2xwtw0000gn/T/xcode-bench-dd-yypjhhwm/ModuleCache.noindex/CFNetwork-1FQXNC9AROVKJSX15FS6D8AS9.pcm

SwiftExplicitDependencyGeneratePcm arm64 /var/folders/pm/b8pk4ccj1fn9p16yp_t2xwtw0000gn/T/xcode-bench-dd-yypjhhwm/ModuleCache.noindex/Spatial-378T7TFVULJ1R127943RIPKQG.pcm

SwiftExplicitDependencyGeneratePcm arm64 /var/folders/pm/b8pk4ccj1fn9p16yp_t2xwtw0000gn/T/xcode-bench-dd-yypjhhwm/ModuleCache.noindex/CoreFoundation-956ZP5Y1HFPVJT9PBYL6AP781.pcm

SwiftExplicitDependencyGeneratePcm arm64 /var/folders/pm/b8pk4ccj1fn9p16yp_t2xwtw0000gn/T/xcode-bench-dd-yypjhhwm/ModuleCache.noindex/XPC-EZ0F26E02644Q1I90HFHGFF4U.pcm

SwiftExplicitDependencyGeneratePcm arm64 /var/folders/pm/b8pk4ccj1fn9p16yp_t2xwtw0000gn/T/xcode-bench-dd-yypjhhwm/ModuleCache.noindex/dnssd-QPF5YDMF2EDO0S1P65C1Y4NT.pcm

SwiftExplicitDependencyGeneratePcm arm64 /var/folders/pm/b8pk4ccj1fn9p16yp_t2xwtw0000gn/T/xcode-bench-dd-yypjhhwm/ModuleCache.noindex/Foundation-22B1BCP8LUW9RKKQH641ZP938.pcm

SwiftExplicitDependencyGeneratePcm arm64 /var/folders/pm/b8pk4ccj1fn9p16yp_t2xwtw0000gn/T/xcode-bench-dd-yypjhhwm/ModuleCache.noindex/os-DD08L4HATPD5F0C3XG5SCCMEB.pcm

SwiftExplicitDependencyGeneratePcm arm64 /var/folders/pm/b8pk4ccj1fn9p16yp_t2xwtw0000gn/T/xcode-bench-dd-yypjhhwm/ModuleCache.noindex/Security-5HXXTF8J5IGIKULO7PI8E1LSB.pcm

SwiftExplicitDependencyGeneratePcm arm64 /var/folders/pm/b8pk4ccj1fn9p16yp_t2xwtw0000gn/T/xcode-bench-dd-yypjhhwm/ModuleCache.noindex/CoreGraphics-7MGTKP5IZJYMZ81Q5W0QOQT7V.pcm

SwiftExplicitDependencyGeneratePcm arm64 /var/folders/pm/b8pk4ccj1fn9p16yp_t2xwtw0000gn/T/xcode-bench-dd-yypjhhwm/ModuleCache.noindex/CFNetwork-EJFLWSAL54ZXRHXRF0HBNHZ66.pcm

SwiftExplicitDependencyGeneratePcm arm64 /var/folders/pm/b8pk4ccj1fn9p16yp_t2xwtw0000gn/T/xcode-bench-dd-yypjhhwm/ModuleCache.noindex/Foundation-C088JMIM3HV2YKX8L44W83YB7.pcm

SwiftExplicitDependencyGeneratePcm arm64 /var/folders/pm/b8pk4ccj1fn9p16yp_t2xwtw0000gn/T/xcode-bench-dd-yypjhhwm/ModuleCache.noindex/CoreText-DR6FO47RQ2XXMUPRJ1CTF9H2T.pcm

SwiftExplicitDependencyGeneratePcm arm64 /var/folders/pm/b8pk4ccj1fn9p16yp_t2xwtw0000gn/T/xcode-bench-dd-yypjhhwm/ModuleCache.noindex/ImageIO-8DPDC6WN1ADI3HI9ST9XCONHS.pcm

SwiftEmitModule normal arm64 Emitting\ module\ for\ SatelliteKit (in target 'SatelliteKit' from project 'SatelliteKit')
EmitSwiftModule normal arm64 (in target 'SatelliteKit' from project 'SatelliteKit')
    cd /Users/benjaminfaershtein/Documents/FieldHT/FieldHT.xcodeproj
    

SwiftCompile normal arm64 Compiling\ Propagator.swift /var/folders/pm/b8pk4ccj1fn9p16yp_t2xwtw0000gn/T/xcode-bench-dd-yypjhhwm/SourcePackages/checkouts/SatelliteKit/Sources/SatelliteKit/TLE/Propagator.swift (in target 'SatelliteKit' from project 'SatelliteKit')
SwiftCompile normal arm64 /var/folders/pm/b8pk4ccj1fn9p16yp_t2xwtw0000gn/T/xcode-bench-dd-yypjhhwm/SourcePackages/checkouts/SatelliteKit/Sources/SatelliteKit/TLE/Propagator.swift (in target 'SatelliteKit' from project 'SatelliteKit')
    cd /Users/benjaminfaershtein/Documents/FieldHT/FieldHT.xcodeproj
    

SwiftCompile normal arm64 Compiling\ DeepSDP4.swift,\ PVCoordinates.swift /var/folders/pm/b8pk4ccj1fn9p16yp_t2xwtw0000gn/T/xcode-bench-dd-yypjhhwm/SourcePackages/checkouts/SatelliteKit/Sources/SatelliteKit/SGP/DeepSDP4.swift /var/folders/pm/b8pk4ccj1fn9p16yp_t2xwtw0000gn/T/xcode-bench-dd-yypjhhwm/SourcePackages/checkouts/SatelliteKit/Sources/SatelliteKit/SGP/PVCoordinates.swift (in target 'SatelliteKit' from project 'SatelliteKit')

SwiftCompile normal arm64 /var/folders/pm/b8pk4ccj1fn9p16yp_t2xwtw0000gn/T/xcode-bench-dd-yypjhhwm/SourcePackages/checkouts/SatelliteKit/Sources/SatelliteKit/SGP/DeepSDP4.swift (in target 'SatelliteKit' from project 'SatelliteKit')
    cd /Users/benjaminfaershtein/Documents/FieldHT/FieldHT.xcodeproj
    

SwiftCompile normal arm64 /var/folders/pm/b8pk4ccj1fn9p16yp_t2xwtw0000gn/T/xcode-bench-dd-yypjhhwm/SourcePackages/checkouts/SatelliteKit/Sources/SatelliteKit/SGP/PVCoordinates.swift (in target 'SatelliteKit' from project 'SatelliteKit')
    cd /Users/benjaminfaershtein/Documents/FieldHT/FieldHT.xcodeproj
    

SwiftCompile normal arm64 Compiling\ Elements.swift /var/folders/pm/b8pk4ccj1fn9p16yp_t2xwtw0000gn/T/xcode-bench-dd-yypjhhwm/SourcePackages/checkouts/SatelliteKit/Sources/SatelliteKit/TLE/Elements.swift (in target 'SatelliteKit' from project 'SatelliteKit')
SwiftCompile normal arm64 /var/folders/pm/b8pk4ccj1fn9p16yp_t2xwtw0000gn/T/xcode-bench-dd-yypjhhwm/SourcePackages/checkouts/SatelliteKit/Sources/SatelliteKit/TLE/Elements.swift (in target 'SatelliteKit' from project 'SatelliteKit')
    cd /Users/benjaminfaershtein/Documents/FieldHT/FieldHT.xcodeproj
    

SwiftCompile normal arm64 Compiling\ MathUtility.swift,\ TimeUtility.swift /var/folders/pm/b8pk4ccj1fn9p16yp_t2xwtw0000gn/T/xcode-bench-dd-yypjhhwm/SourcePackages/checkouts/SatelliteKit/Sources/SatelliteKit/Astro/MathUtility.swift /var/folders/pm/b8pk4ccj1fn9p16yp_t2xwtw0000gn/T/xcode-bench-dd-yypjhhwm/SourcePackages/checkouts/SatelliteKit/Sources/SatelliteKit/Astro/TimeUtility.swift (in target 'SatelliteKit' from project 'SatelliteKit')

SwiftCompile normal arm64 /var/folders/pm/b8pk4ccj1fn9p16yp_t2xwtw0000gn/T/xcode-bench-dd-yypjhhwm/SourcePackages/checkouts/SatelliteKit/Sources/SatelliteKit/Astro/MathUtility.swift (in target 'SatelliteKit' from project 'SatelliteKit')
    cd /Users/benjaminfaershtein/Documents/FieldHT/FieldHT.xcodeproj
    

SwiftCompile normal arm64 /var/folders/pm/b8pk4ccj1fn9p16yp_t2xwtw0000gn/T/xcode-bench-dd-yypjhhwm/SourcePackages/checkouts/SatelliteKit/Sources/SatelliteKit/Astro/TimeUtility.swift (in target 'SatelliteKit' from project 'SatelliteKit')
    cd /Users/benjaminfaershtein/Documents/FieldHT/FieldHT.xcodeproj
    

SwiftCompile normal arm64 Compiling\ Astronomy.swift,\ Geography.swift /var/folders/pm/b8pk4ccj1fn9p16yp_t2xwtw0000gn/T/xcode-bench-dd-yypjhhwm/SourcePackages/checkouts/SatelliteKit/Sources/SatelliteKit/Astro/Astronomy.swift /var/folders/pm/b8pk4ccj1fn9p16yp_t2xwtw0000gn/T/xcode-bench-dd-yypjhhwm/SourcePackages/checkouts/SatelliteKit/Sources/SatelliteKit/Astro/Geography.swift (in target 'SatelliteKit' from project 'SatelliteKit')

SwiftCompile normal arm64 /var/folders/pm/b8pk4ccj1fn9p16yp_t2xwtw0000gn/T/xcode-bench-dd-yypjhhwm/SourcePackages/checkouts/SatelliteKit/Sources/SatelliteKit/Astro/Astronomy.swift (in target 'SatelliteKit' from project 'SatelliteKit')
    cd /Users/benjaminfaershtein/Documents/FieldHT/FieldHT.xcodeproj
    

SwiftCompile normal arm64 /var/folders/pm/b8pk4ccj1fn9p16yp_t2xwtw0000gn/T/xcode-bench-dd-yypjhhwm/SourcePackages/checkouts/SatelliteKit/Sources/SatelliteKit/Astro/Geography.swift (in target 'SatelliteKit' from project 'SatelliteKit')
    cd /Users/benjaminfaershtein/Documents/FieldHT/FieldHT.xcodeproj
    

SwiftCompile normal arm64 Compiling\ SGP4.swift,\ Satellite.swift /var/folders/pm/b8pk4ccj1fn9p16yp_t2xwtw0000gn/T/xcode-bench-dd-yypjhhwm/SourcePackages/checkouts/SatelliteKit/Sources/SatelliteKit/SGP/SGP4.swift /var/folders/pm/b8pk4ccj1fn9p16yp_t2xwtw0000gn/T/xcode-bench-dd-yypjhhwm/SourcePackages/checkouts/SatelliteKit/Sources/SatelliteKit/SGP/Satellite.swift (in target 'SatelliteKit' from project 'SatelliteKit')

SwiftCompile normal arm64 /var/folders/pm/b8pk4ccj1fn9p16yp_t2xwtw0000gn/T/xcode-bench-dd-yypjhhwm/SourcePackages/checkouts/SatelliteKit/Sources/SatelliteKit/SGP/SGP4.swift (in target 'SatelliteKit' from project 'SatelliteKit')
    cd /Users/benjaminfaershtein/Documents/FieldHT/FieldHT.xcodeproj
    

SwiftCompile normal arm64 /var/folders/pm/b8pk4ccj1fn9p16yp_t2xwtw0000gn/T/xcode-bench-dd-yypjhhwm/SourcePackages/checkouts/SatelliteKit/Sources/SatelliteKit/SGP/Satellite.swift (in target 'SatelliteKit' from project 'SatelliteKit')
    cd /Users/benjaminfaershtein/Documents/FieldHT/FieldHT.xcodeproj
    

SwiftCompile normal arm64 Compiling\ PropagatorStructs.swift,\ SDP4.swift /var/folders/pm/b8pk4ccj1fn9p16yp_t2xwtw0000gn/T/xcode-bench-dd-yypjhhwm/SourcePackages/checkouts/SatelliteKit/Sources/SatelliteKit/SGP/PropagatorStructs.swift /var/folders/pm/b8pk4ccj1fn9p16yp_t2xwtw0000gn/T/xcode-bench-dd-yypjhhwm/SourcePackages/checkouts/SatelliteKit/Sources/SatelliteKit/SGP/SDP4.swift (in target 'SatelliteKit' from project 'SatelliteKit')

SwiftCompile normal arm64 /var/folders/pm/b8pk4ccj1fn9p16yp_t2xwtw0000gn/T/xcode-bench-dd-yypjhhwm/SourcePackages/checkouts/SatelliteKit/Sources/SatelliteKit/SGP/PropagatorStructs.swift (in target 'SatelliteKit' from project 'SatelliteKit')
    cd /Users/benjaminfaershtein/Documents/FieldHT/FieldHT.xcodeproj
    

SwiftCompile normal arm64 /var/folders/pm/b8pk4ccj1fn9p16yp_t2xwtw0000gn/T/xcode-bench-dd-yypjhhwm/SourcePackages/checkouts/SatelliteKit/Sources/SatelliteKit/SGP/SDP4.swift (in target 'SatelliteKit' from project 'SatelliteKit')
    cd /Users/benjaminfaershtein/Documents/FieldHT/FieldHT.xcodeproj
    

SwiftCompile normal arm64 Compiling\ ElementsJSON.swift /var/folders/pm/b8pk4ccj1fn9p16yp_t2xwtw0000gn/T/xcode-bench-dd-yypjhhwm/SourcePackages/checkouts/SatelliteKit/Sources/SatelliteKit/TLE/ElementsJSON.swift (in target 'SatelliteKit' from project 'SatelliteKit')

SwiftCompile normal arm64 /var/folders/pm/b8pk4ccj1fn9p16yp_t2xwtw0000gn/T/xcode-bench-dd-yypjhhwm/SourcePackages/checkouts/SatelliteKit/Sources/SatelliteKit/TLE/ElementsJSON.swift (in target 'SatelliteKit' from project 'SatelliteKit')
    cd /Users/benjaminfaershtein/Documents/FieldHT/FieldHT.xcodeproj
    

SwiftCompile normal arm64 Compiling\ ElementsXML.swift /var/folders/pm/b8pk4ccj1fn9p16yp_t2xwtw0000gn/T/xcode-bench-dd-yypjhhwm/SourcePackages/checkouts/SatelliteKit/Sources/SatelliteKit/TLE/ElementsXML.swift (in target 'SatelliteKit' from project 'SatelliteKit')

SwiftCompile normal arm64 /var/folders/pm/b8pk4ccj1fn9p16yp_t2xwtw0000gn/T/xcode-bench-dd-yypjhhwm/SourcePackages/checkouts/SatelliteKit/Sources/SatelliteKit/TLE/ElementsXML.swift (in target 'SatelliteKit' from project 'SatelliteKit')
    cd /Users/benjaminfaershtein/Documents/FieldHT/FieldHT.xcodeproj
    

SwiftExplicitDependencyGeneratePcm arm64 /var/folders/pm/b8pk4ccj1fn9p16yp_t2xwtw0000gn/T/xcode-bench-dd-yypjhhwm/ModuleCache.noindex/Accessibility-T4059HXRHK313Y90ULK60DRU.pcm

SwiftDriverJobDiscovery normal arm64 Emitting module for SatelliteKit (in target 'SatelliteKit' from project 'SatelliteKit')

SwiftDriver\ Compilation\ Requirements SatelliteKit normal arm64 com.apple.xcode.tools.swift.compiler (in target 'SatelliteKit' from project 'SatelliteKit')
    cd /Users/benjaminfaershtein/Documents/FieldHT/FieldHT.xcodeproj
    builtin-Swift-Compilation-Requirements -- /Applications/Xcode.app/Contents/Developer/Toolchains/XcodeDefault.xctoolchain/usr/bin/swiftc -module-name SatelliteKit -Onone -enforce-exclusivity\=checked @/var/folders/pm/b8pk4ccj1fn9p16yp_t2xwtw0000gn/T/xcode-bench-dd-yypjhhwm/Build/Intermediates.noindex/SatelliteKit.build/Debug-iphonesimulator/SatelliteKit.build/Objects-normal/arm64/SatelliteKit.SwiftFileList -DSWIFT_PACKAGE -DDEBUG -DSWIFT_MODULE_RESOURCE_BUNDLE_UNAVAILABLE -DXcode -plugin-path /Applications/Xcode.app/Contents/Developer/Toolchains/XcodeDefault.xctoolchain/usr/lib/swift/host/plugins/testing -enable-experimental-feature DebugDescriptionMacro -sdk /Applications/Xcode.app/Contents/Developer/Platforms/iPhoneSimulator.platform/Developer/SDKs/iPhoneSimulator26.0.sdk -target arm64-apple-ios12.0-simulator -g -module-cache-path /var/folders/pm/b8pk4ccj1fn9p16yp_t2xwtw0000gn/T/xcode-bench-dd-yypjhhwm/ModuleCache.noindex -Xfrontend -serialize-debugging-options -enable-testing -suppress-warnings -index-store-path /var/folders/pm/b8pk4ccj1fn9p16yp_t2xwtw0000gn/T/xcode-bench-dd-yypjhhwm/Index.noindex/DataStore -Xcc -D_LIBCPP_HARDENING_MODE\=_LIBCPP_HARDENING_MODE_DEBUG -swift-version 6 -I /var/folders/pm/b8pk4ccj1fn9p16yp_t2xwtw0000gn/T/xcode-bench-dd-yypjhhwm/Build/Products/Debug-iphonesimulator -Isystem /Applications/Xcode.app/Contents/Developer/Platforms/iPhoneSimulator.platform/Developer/usr/lib -F /var/folders/pm/b8pk4ccj1fn9p16yp_t2xwtw0000gn/T/xcode-bench-dd-yypjhhwm/Build/Products/Debug-iphonesimulator -F /Applications/Xcode.app/Contents/Developer/Platforms/iPhoneSimulator.platform/Developer/Library/Frameworks -F /Applications/Xcode.app/Contents/Developer/Platforms/iPhoneSimulator.platform/Developer/SDKs/iPhoneSimulator26.0.sdk/Developer/Library/Frameworks -c -j10 -enable-batch-mode -incremental -Xcc -ivfsstatcache -Xcc /var/folders/pm/b8pk4ccj1fn9p16yp_t2xwtw0000gn/T/xcode-bench-dd-yypjhhwm/SDKStatCaches.noindex/iphonesimulator26.0-23A339-26257891a6c027eb51374368541b8346.sdkstatcache -output-file-map /var/folders/pm/b8pk4ccj1fn9p16yp_t2xwtw0000gn/T/xcode-bench-dd-yypjhhwm/Build/Intermediates.noindex/SatelliteKit.build/Debug-iphonesimulator/SatelliteKit.build/Objects-normal/arm64/SatelliteKit-OutputFileMap.json -use-frontend-parseable-output -save-temps -no-color-diagnostics -explicit-module-build -module-cache-path /var/folders/pm/b8pk4ccj1fn9p16yp_t2xwtw0000gn/T/xcode-bench-dd-yypjhhwm/Build/Intermediates.noindex/SwiftExplicitPrecompiledModules -clang-scanner-module-cache-path /var/folders/pm/b8pk4ccj1fn9p16yp_t2xwtw0000gn/T/xcode-bench-dd-yypjhhwm/ModuleCache.noindex -sdk-module-cache-path /var/folders/pm/b8pk4ccj1fn9p16yp_t2xwtw0000gn/T/xcode-bench-dd-yypjhhwm/ModuleCache.noindex -serialize-diagnostics -emit-dependencies -emit-module -emit-module-path /var/folders/pm/b8pk4ccj1fn9p16yp_t2xwtw0000gn/T/xcode-bench-dd-yypjhhwm/Build/Intermediates.noindex/SatelliteKit.build/Debug-iphonesimulator/SatelliteKit.build/Objects-normal/arm64/SatelliteKit.swiftmodule -user-module-version 2.1.1 -validate-clang-modules-once -clang-build-session-file /var/folders/pm/b8pk4ccj1fn9p16yp_t2xwtw0000gn/T/xcode-bench-dd-yypjhhwm/ModuleCache.noindex/Session.modulevalidation -package-name satellitekit -Xcc -I/var/folders/pm/b8pk4ccj1fn9p16yp_t2xwtw0000gn/T/xcode-bench-dd-yypjhhwm/Build/Intermediates.noindex/SatelliteKit.build/Debug-iphonesimulator/SatelliteKit.build/swift-overrides.hmap -emit-const-values -Xfrontend -const-gather-protocols-file -Xfrontend /var/folders/pm/b8pk4ccj1fn9p16yp_t2xwtw0000gn/T/xcode-bench-dd-yypjhhwm/Build/Intermediates.noindex/SatelliteKit.build/Debug-iphonesimulator/SatelliteKit.build/Objects-normal/arm64/SatelliteKit_const_extract_protocols.json -Xcc -I/var/folders/pm/b8pk4ccj1fn9p16yp_t2xwtw0000gn/T/xcode-bench-dd-yypjhhwm/Build/Products/Debug-iphonesimulator/include -Xcc -I/var/folders/pm/b8pk4ccj1fn9p16yp_t2xwtw0000gn/T/xcode-bench-dd-yypjhhwm/Build/Intermediates.noindex/SatelliteKit.build/Debug-iphonesimulator/SatelliteKit.build/DerivedSources-normal/arm64 -Xcc -I/var/folders/pm/b8pk4ccj1fn9p16yp_t2xwtw0000gn/T/xcode-bench-dd-yypjhhwm/Build/Intermediates.noindex/SatelliteKit.build/Debug-iphonesimulator/SatelliteKit.build/DerivedSources/arm64 -Xcc -I/var/folders/pm/b8pk4ccj1fn9p16yp_t2xwtw0000gn/T/xcode-bench-dd-yypjhhwm/Build/Intermediates.noindex/SatelliteKit.build/Debug-iphonesimulator/SatelliteKit.build/DerivedSources -Xcc -DSWIFT_PACKAGE -Xcc -DDEBUG\=1 -emit-objc-header -emit-objc-header-path /var/folders/pm/b8pk4ccj1fn9p16yp_t2xwtw0000gn/T/xcode-bench-dd-yypjhhwm/Build/Intermediates.noindex/SatelliteKit.build/Debug-iphonesimulator/SatelliteKit.build/Objects-normal/arm64/SatelliteKit-Swift.h -working-directory /Users/benjaminfaershtein/Documents/FieldHT/FieldHT.xcodeproj -experimental-emit-module-separately -disable-cmo

SwiftExplicitDependencyGeneratePcm arm64 /var/folders/pm/b8pk4ccj1fn9p16yp_t2xwtw0000gn/T/xcode-bench-dd-yypjhhwm/ModuleCache.noindex/RelevanceKit-BGHFY7P42FM2AI5MLGRVOOOHU.pcm

SwiftMergeGeneratedHeaders /var/folders/pm/b8pk4ccj1fn9p16yp_t2xwtw0000gn/T/xcode-bench-dd-yypjhhwm/Build/Intermediates.noindex/GeneratedModuleMaps-iphonesimulator/SatelliteKit-Swift.h /var/folders/pm/b8pk4ccj1fn9p16yp_t2xwtw0000gn/T/xcode-bench-dd-yypjhhwm/Build/Intermediates.noindex/SatelliteKit.build/Debug-iphonesimulator/SatelliteKit.build/Objects-normal/arm64/SatelliteKit-Swift.h (in target 'SatelliteKit' from project 'SatelliteKit')
    cd /var/folders/pm/b8pk4ccj1fn9p16yp_t2xwtw0000gn/T/xcode-bench-dd-yypjhhwm/SourcePackages/checkouts/SatelliteKit
    builtin-swiftHeaderTool -arch arm64 /var/folders/pm/b8pk4ccj1fn9p16yp_t2xwtw0000gn/T/xcode-bench-dd-yypjhhwm/Build/Intermediates.noindex/SatelliteKit.build/Debug-iphonesimulator/SatelliteKit.build/Objects-normal/arm64/SatelliteKit-Swift.h -o /var/folders/pm/b8pk4ccj1fn9p16yp_t2xwtw0000gn/T/xcode-bench-dd-yypjhhwm/Build/Intermediates.noindex/GeneratedModuleMaps-iphonesimulator/SatelliteKit-Swift.h

Copy /var/folders/pm/b8pk4ccj1fn9p16yp_t2xwtw0000gn/T/xcode-bench-dd-yypjhhwm/Build/Products/Debug-iphonesimulator/SatelliteKit.swiftmodule/arm64-apple-ios-simulator.swiftmodule /var/folders/pm/b8pk4ccj1fn9p16yp_t2xwtw0000gn/T/xcode-bench-dd-yypjhhwm/Build/Intermediates.noindex/SatelliteKit.build/Debug-iphonesimulator/SatelliteKit.build/Objects-normal/arm64/SatelliteKit.swiftmodule (in target 'SatelliteKit' from project 'SatelliteKit')
    cd /var/folders/pm/b8pk4ccj1fn9p16yp_t2xwtw0000gn/T/xcode-bench-dd-yypjhhwm/SourcePackages/checkouts/SatelliteKit
    builtin-copy -exclude .DS_Store -exclude CVS -exclude .svn -exclude .git -exclude .hg -resolve-src-symlinks -rename /var/folders/pm/b8pk4ccj1fn9p16yp_t2xwtw0000gn/T/xcode-bench-dd-yypjhhwm/Build/Intermediates.noindex/SatelliteKit.build/Debug-iphonesimulator/SatelliteKit.build/Objects-normal/arm64/SatelliteKit.swiftmodule /var/folders/pm/b8pk4ccj1fn9p16yp_t2xwtw0000gn/T/xcode-bench-dd-yypjhhwm/Build/Products/Debug-iphonesimulator/SatelliteKit.swiftmodule/arm64-apple-ios-simulator.swiftmodule

Copy /var/folders/pm/b8pk4ccj1fn9p16yp_t2xwtw0000gn/T/xcode-bench-dd-yypjhhwm/Build/Products/Debug-iphonesimulator/SatelliteKit.swiftmodule/arm64-apple-ios-simulator.swiftdoc /var/folders/pm/b8pk4ccj1fn9p16yp_t2xwtw0000gn/T/xcode-bench-dd-yypjhhwm/Build/Intermediates.noindex/SatelliteKit.build/Debug-iphonesimulator/SatelliteKit.build/Objects-normal/arm64/SatelliteKit.swiftdoc (in target 'SatelliteKit' from project 'SatelliteKit')
    cd /var/folders/pm/b8pk4ccj1fn9p16yp_t2xwtw0000gn/T/xcode-bench-dd-yypjhhwm/SourcePackages/checkouts/SatelliteKit
    builtin-copy -exclude .DS_Store -exclude CVS -exclude .svn -exclude .git -exclude .hg -resolve-src-symlinks -rename /var/folders/pm/b8pk4ccj1fn9p16yp_t2xwtw0000gn/T/xcode-bench-dd-yypjhhwm/Build/Intermediates.noindex/SatelliteKit.build/Debug-iphonesimulator/SatelliteKit.build/Objects-normal/arm64/SatelliteKit.swiftdoc /var/folders/pm/b8pk4ccj1fn9p16yp_t2xwtw0000gn/T/xcode-bench-dd-yypjhhwm/Build/Products/Debug-iphonesimulator/SatelliteKit.swiftmodule/arm64-apple-ios-simulator.swiftdoc

Copy /var/folders/pm/b8pk4ccj1fn9p16yp_t2xwtw0000gn/T/xcode-bench-dd-yypjhhwm/Build/Products/Debug-iphonesimulator/SatelliteKit.swiftmodule/arm64-apple-ios-simulator.abi.json /var/folders/pm/b8pk4ccj1fn9p16yp_t2xwtw0000gn/T/xcode-bench-dd-yypjhhwm/Build/Intermediates.noindex/SatelliteKit.build/Debug-iphonesimulator/SatelliteKit.build/Objects-normal/arm64/SatelliteKit.abi.json (in target 'SatelliteKit' from project 'SatelliteKit')
    cd /var/folders/pm/b8pk4ccj1fn9p16yp_t2xwtw0000gn/T/xcode-bench-dd-yypjhhwm/SourcePackages/checkouts/SatelliteKit
    builtin-copy -exclude .DS_Store -exclude CVS -exclude .svn -exclude .git -exclude .hg -resolve-src-symlinks -rename /var/folders/pm/b8pk4ccj1fn9p16yp_t2xwtw0000gn/T/xcode-bench-dd-yypjhhwm/Build/Intermediates.noindex/SatelliteKit.build/Debug-iphonesimulator/SatelliteKit.build/Objects-normal/arm64/SatelliteKit.abi.json /var/folders/pm/b8pk4ccj1fn9p16yp_t2xwtw0000gn/T/xcode-bench-dd-yypjhhwm/Build/Products/Debug-iphonesimulator/SatelliteKit.swiftmodule/arm64-apple-ios-simulator.abi.json

Copy /var/folders/pm/b8pk4ccj1fn9p16yp_t2xwtw0000gn/T/xcode-bench-dd-yypjhhwm/Build/Products/Debug-iphonesimulator/SatelliteKit.swiftmodule/Project/arm64-apple-ios-simulator.swiftsourceinfo /var/folders/pm/b8pk4ccj1fn9p16yp_t2xwtw0000gn/T/xcode-bench-dd-yypjhhwm/Build/Intermediates.noindex/SatelliteKit.build/Debug-iphonesimulator/SatelliteKit.build/Objects-normal/arm64/SatelliteKit.swiftsourceinfo (in target 'SatelliteKit' from project 'SatelliteKit')
    cd /var/folders/pm/b8pk4ccj1fn9p16yp_t2xwtw0000gn/T/xcode-bench-dd-yypjhhwm/SourcePackages/checkouts/SatelliteKit
    builtin-copy -exclude .DS_Store -exclude CVS -exclude .svn -exclude .git -exclude .hg -resolve-src-symlinks -rename /var/folders/pm/b8pk4ccj1fn9p16yp_t2xwtw0000gn/T/xcode-bench-dd-yypjhhwm/Build/Intermediates.noindex/SatelliteKit.build/Debug-iphonesimulator/SatelliteKit.build/Objects-normal/arm64/SatelliteKit.swiftsourceinfo /var/folders/pm/b8pk4ccj1fn9p16yp_t2xwtw0000gn/T/xcode-bench-dd-yypjhhwm/Build/Products/Debug-iphonesimulator/SatelliteKit.swiftmodule/Project/arm64-apple-ios-simulator.swiftsourceinfo

SwiftExplicitDependencyGeneratePcm arm64 /var/folders/pm/b8pk4ccj1fn9p16yp_t2xwtw0000gn/T/xcode-bench-dd-yypjhhwm/ModuleCache.noindex/Symbols-3QT509PTB4MCN0S8ODSZPWYIL.pcm

SwiftExplicitDependencyGeneratePcm arm64 /var/folders/pm/b8pk4ccj1fn9p16yp_t2xwtw0000gn/T/xcode-bench-dd-yypjhhwm/ModuleCache.noindex/FileProvider-2BH6VT5EFZDN1I47Y6X9K3Q1S.pcm

SwiftExplicitDependencyGeneratePcm arm64 /var/folders/pm/b8pk4ccj1fn9p16yp_t2xwtw0000gn/T/xcode-bench-dd-yypjhhwm/ModuleCache.noindex/OpenGLES-DAF6O1MHG8O5AQF1A9GOR7FE5.pcm

SwiftExplicitDependencyGeneratePcm arm64 /var/folders/pm/b8pk4ccj1fn9p16yp_t2xwtw0000gn/T/xcode-bench-dd-yypjhhwm/ModuleCache.noindex/UserNotifications-3CSNEDV6PJM1YCF31R8SCHPKZ.pcm

SwiftExplicitDependencyGeneratePcm arm64 /var/folders/pm/b8pk4ccj1fn9p16yp_t2xwtw0000gn/T/xcode-bench-dd-yypjhhwm/ModuleCache.noindex/_LocationEssentials-622MUJ6SDWCYCOUVBBF42PBEP.pcm

SwiftExplicitDependencyGeneratePcm arm64 /var/folders/pm/b8pk4ccj1fn9p16yp_t2xwtw0000gn/T/xcode-bench-dd-yypjhhwm/ModuleCache.noindex/UIUtilities-91085MDRHPQT25IU5BZBR4HY4.pcm

SwiftExplicitDependencyGeneratePcm arm64 /var/folders/pm/b8pk4ccj1fn9p16yp_t2xwtw0000gn/T/xcode-bench-dd-yypjhhwm/ModuleCache.noindex/CoreLocation-C9KYCDT2MLZRYHLQ6N72AP0LL.pcm

SwiftExplicitDependencyGeneratePcm arm64 /var/folders/pm/b8pk4ccj1fn9p16yp_t2xwtw0000gn/T/xcode-bench-dd-yypjhhwm/ModuleCache.noindex/CoreTransferable-8C3WT7QW927M6MMDDCT27O8B9.pcm

SwiftExplicitDependencyGeneratePcm arm64 /var/folders/pm/b8pk4ccj1fn9p16yp_t2xwtw0000gn/T/xcode-bench-dd-yypjhhwm/ModuleCache.noindex/OSLog-1YZYALOKUIU2BMWN0ZQVL05AU.pcm

SwiftExplicitDependencyGeneratePcm arm64 /var/folders/pm/b8pk4ccj1fn9p16yp_t2xwtw0000gn/T/xcode-bench-dd-yypjhhwm/ModuleCache.noindex/Network-CZ3SBZGNECU07P7PN87TYWA5.pcm

SwiftExplicitDependencyGeneratePcm arm64 /var/folders/pm/b8pk4ccj1fn9p16yp_t2xwtw0000gn/T/xcode-bench-dd-yypjhhwm/ModuleCache.noindex/DataDetection-8ZWOM0DYO9037V6UXCLQ4P4DR.pcm

SwiftExplicitDependencyGeneratePcm arm64 /var/folders/pm/b8pk4ccj1fn9p16yp_t2xwtw0000gn/T/xcode-bench-dd-yypjhhwm/ModuleCache.noindex/IOSurface-5SDVIIHBP2RXTUR14O0HCKWFT.pcm

SwiftExplicitDependencyGeneratePcm arm64 /var/folders/pm/b8pk4ccj1fn9p16yp_t2xwtw0000gn/T/xcode-bench-dd-yypjhhwm/ModuleCache.noindex/AppIntents-7EMUJLO6XAO4BLMWETMT1VT92.pcm

SwiftExplicitDependencyGeneratePcm arm64 /var/folders/pm/b8pk4ccj1fn9p16yp_t2xwtw0000gn/T/xcode-bench-dd-yypjhhwm/ModuleCache.noindex/CoreData-DVBPPF5YGB2QNQO3D305L0HMX.pcm

SwiftDriverJobDiscovery normal arm64 Compiling SGP4.swift, Satellite.swift (in target 'SatelliteKit' from project 'SatelliteKit')

SwiftExplicitDependencyGeneratePcm arm64 /var/folders/pm/b8pk4ccj1fn9p16yp_t2xwtw0000gn/T/xcode-bench-dd-yypjhhwm/ModuleCache.noindex/WidgetKit-1MGCN9SMRCPLMACZH26T870CF.pcm

SwiftExplicitDependencyGeneratePcm arm64 /var/folders/pm/b8pk4ccj1fn9p16yp_t2xwtw0000gn/T/xcode-bench-dd-yypjhhwm/ModuleCache.noindex/UniformTypeIdentifiers-AZ85R6MSXCO4JSMS8KVWJ59QN.pcm

SwiftDriverJobDiscovery normal arm64 Compiling Astronomy.swift, Geography.swift (in target 'SatelliteKit' from project 'SatelliteKit')

SwiftExplicitDependencyGeneratePcm arm64 /var/folders/pm/b8pk4ccj1fn9p16yp_t2xwtw0000gn/T/xcode-bench-dd-yypjhhwm/ModuleCache.noindex/Metal-5B6I44G7OK43C0QV18XOIW11C.pcm

SwiftDriverJobDiscovery normal arm64 Compiling MathUtility.swift, TimeUtility.swift (in target 'SatelliteKit' from project 'SatelliteKit')

SwiftExplicitDependencyGeneratePcm arm64 /var/folders/pm/b8pk4ccj1fn9p16yp_t2xwtw0000gn/T/xcode-bench-dd-yypjhhwm/ModuleCache.noindex/Intents-ANH4YRUOLC3EEN39553DHIGHS.pcm

SwiftDriverJobDiscovery normal arm64 Compiling DeepSDP4.swift, PVCoordinates.swift (in target 'SatelliteKit' from project 'SatelliteKit')

SwiftDriverJobDiscovery normal arm64 Compiling PropagatorStructs.swift, SDP4.swift (in target 'SatelliteKit' from project 'SatelliteKit')

SwiftCompile normal arm64 Compiling\ SatelliteKit.swift /var/folders/pm/b8pk4ccj1fn9p16yp_t2xwtw0000gn/T/xcode-bench-dd-yypjhhwm/SourcePackages/checkouts/SatelliteKit/Sources/SatelliteKit/SatelliteKit.swift (in target 'SatelliteKit' from project 'SatelliteKit')

SwiftCompile normal arm64 /var/folders/pm/b8pk4ccj1fn9p16yp_t2xwtw0000gn/T/xcode-bench-dd-yypjhhwm/SourcePackages/checkouts/SatelliteKit/Sources/SatelliteKit/SatelliteKit.swift (in target 'SatelliteKit' from project 'SatelliteKit')
    cd /Users/benjaminfaershtein/Documents/FieldHT/FieldHT.xcodeproj
    

SwiftDriverJobDiscovery normal arm64 Compiling ElementsJSON.swift (in target 'SatelliteKit' from project 'SatelliteKit')

SwiftDriverJobDiscovery normal arm64 Compiling ElementsXML.swift (in target 'SatelliteKit' from project 'SatelliteKit')

SwiftDriverJobDiscovery normal arm64 Compiling Propagator.swift (in target 'SatelliteKit' from project 'SatelliteKit')

SwiftExplicitDependencyGeneratePcm arm64 /var/folders/pm/b8pk4ccj1fn9p16yp_t2xwtw0000gn/T/xcode-bench-dd-yypjhhwm/ModuleCache.noindex/CoreSpotlight-EH6C1NLL0APK3AGW3N5Q9KGE9.pcm

SwiftDriverJobDiscovery normal arm64 Compiling Elements.swift (in target 'SatelliteKit' from project 'SatelliteKit')

SwiftDriverJobDiscovery normal arm64 Compiling SatelliteKit.swift (in target 'SatelliteKit' from project 'SatelliteKit')

SwiftDriver\ Compilation SatelliteKit normal arm64 com.apple.xcode.tools.swift.compiler (in target 'SatelliteKit' from project 'SatelliteKit')
    cd /Users/benjaminfaershtein/Documents/FieldHT/FieldHT.xcodeproj
    builtin-Swift-Compilation -- /Applications/Xcode.app/Contents/Developer/Toolchains/XcodeDefault.xctoolchain/usr/bin/swiftc -module-name SatelliteKit -Onone -enforce-exclusivity\=checked @/var/folders/pm/b8pk4ccj1fn9p16yp_t2xwtw0000gn/T/xcode-bench-dd-yypjhhwm/Build/Intermediates.noindex/SatelliteKit.build/Debug-iphonesimulator/SatelliteKit.build/Objects-normal/arm64/SatelliteKit.SwiftFileList -DSWIFT_PACKAGE -DDEBUG -DSWIFT_MODULE_RESOURCE_BUNDLE_UNAVAILABLE -DXcode -plugin-path /Applications/Xcode.app/Contents/Developer/Toolchains/XcodeDefault.xctoolchain/usr/lib/swift/host/plugins/testing -enable-experimental-feature DebugDescriptionMacro -sdk /Applications/Xcode.app/Contents/Developer/Platforms/iPhoneSimulator.platform/Developer/SDKs/iPhoneSimulator26.0.sdk -target arm64-apple-ios12.0-simulator -g -module-cache-path /var/folders/pm/b8pk4ccj1fn9p16yp_t2xwtw0000gn/T/xcode-bench-dd-yypjhhwm/ModuleCache.noindex -Xfrontend -serialize-debugging-options -enable-testing -suppress-warnings -index-store-path /var/folders/pm/b8pk4ccj1fn9p16yp_t2xwtw0000gn/T/xcode-bench-dd-yypjhhwm/Index.noindex/DataStore -Xcc -D_LIBCPP_HARDENING_MODE\=_LIBCPP_HARDENING_MODE_DEBUG -swift-version 6 -I /var/folders/pm/b8pk4ccj1fn9p16yp_t2xwtw0000gn/T/xcode-bench-dd-yypjhhwm/Build/Products/Debug-iphonesimulator -Isystem /Applications/Xcode.app/Contents/Developer/Platforms/iPhoneSimulator.platform/Developer/usr/lib -F /var/folders/pm/b8pk4ccj1fn9p16yp_t2xwtw0000gn/T/xcode-bench-dd-yypjhhwm/Build/Products/Debug-iphonesimulator -F /Applications/Xcode.app/Contents/Developer/Platforms/iPhoneSimulator.platform/Developer/Library/Frameworks -F /Applications/Xcode.app/Contents/Developer/Platforms/iPhoneSimulator.platform/Developer/SDKs/iPhoneSimulator26.0.sdk/Developer/Library/Frameworks -c -j10 -enable-batch-mode -incremental -Xcc -ivfsstatcache -Xcc /var/folders/pm/b8pk4ccj1fn9p16yp_t2xwtw0000gn/T/xcode-bench-dd-yypjhhwm/SDKStatCaches.noindex/iphonesimulator26.0-23A339-26257891a6c027eb51374368541b8346.sdkstatcache -output-file-map /var/folders/pm/b8pk4ccj1fn9p16yp_t2xwtw0000gn/T/xcode-bench-dd-yypjhhwm/Build/Intermediates.noindex/SatelliteKit.build/Debug-iphonesimulator/SatelliteKit.build/Objects-normal/arm64/SatelliteKit-OutputFileMap.json -use-frontend-parseable-output -save-temps -no-color-diagnostics -explicit-module-build -module-cache-path /var/folders/pm/b8pk4ccj1fn9p16yp_t2xwtw0000gn/T/xcode-bench-dd-yypjhhwm/Build/Intermediates.noindex/SwiftExplicitPrecompiledModules -clang-scanner-module-cache-path /var/folders/pm/b8pk4ccj1fn9p16yp_t2xwtw0000gn/T/xcode-bench-dd-yypjhhwm/ModuleCache.noindex -sdk-module-cache-path /var/folders/pm/b8pk4ccj1fn9p16yp_t2xwtw0000gn/T/xcode-bench-dd-yypjhhwm/ModuleCache.noindex -serialize-diagnostics -emit-dependencies -emit-module -emit-module-path /var/folders/pm/b8pk4ccj1fn9p16yp_t2xwtw0000gn/T/xcode-bench-dd-yypjhhwm/Build/Intermediates.noindex/SatelliteKit.build/Debug-iphonesimulator/SatelliteKit.build/Objects-normal/arm64/SatelliteKit.swiftmodule -user-module-version 2.1.1 -validate-clang-modules-once -clang-build-session-file /var/folders/pm/b8pk4ccj1fn9p16yp_t2xwtw0000gn/T/xcode-bench-dd-yypjhhwm/ModuleCache.noindex/Session.modulevalidation -package-name satellitekit -Xcc -I/var/folders/pm/b8pk4ccj1fn9p16yp_t2xwtw0000gn/T/xcode-bench-dd-yypjhhwm/Build/Intermediates.noindex/SatelliteKit.build/Debug-iphonesimulator/SatelliteKit.build/swift-overrides.hmap -emit-const-values -Xfrontend -const-gather-protocols-file -Xfrontend /var/folders/pm/b8pk4ccj1fn9p16yp_t2xwtw0000gn/T/xcode-bench-dd-yypjhhwm/Build/Intermediates.noindex/SatelliteKit.build/Debug-iphonesimulator/SatelliteKit.build/Objects-normal/arm64/SatelliteKit_const_extract_protocols.json -Xcc -I/var/folders/pm/b8pk4ccj1fn9p16yp_t2xwtw0000gn/T/xcode-bench-dd-yypjhhwm/Build/Products/Debug-iphonesimulator/include -Xcc -I/var/folders/pm/b8pk4ccj1fn9p16yp_t2xwtw0000gn/T/xcode-bench-dd-yypjhhwm/Build/Intermediates.noindex/SatelliteKit.build/Debug-iphonesimulator/SatelliteKit.build/DerivedSources-normal/arm64 -Xcc -I/var/folders/pm/b8pk4ccj1fn9p16yp_t2xwtw0000gn/T/xcode-bench-dd-yypjhhwm/Build/Intermediates.noindex/SatelliteKit.build/Debug-iphonesimulator/SatelliteKit.build/DerivedSources/arm64 -Xcc -I/var/folders/pm/b8pk4ccj1fn9p16yp_t2xwtw0000gn/T/xcode-bench-dd-yypjhhwm/Build/Intermediates.noindex/SatelliteKit.build/Debug-iphonesimulator/SatelliteKit.build/DerivedSources -Xcc -DSWIFT_PACKAGE -Xcc -DDEBUG\=1 -emit-objc-header -emit-objc-header-path /var/folders/pm/b8pk4ccj1fn9p16yp_t2xwtw0000gn/T/xcode-bench-dd-yypjhhwm/Build/Intermediates.noindex/SatelliteKit.build/Debug-iphonesimulator/SatelliteKit.build/Objects-normal/arm64/SatelliteKit-Swift.h -working-directory /Users/benjaminfaershtein/Documents/FieldHT/FieldHT.xcodeproj -experimental-emit-module-separately -disable-cmo

Ld /var/folders/pm/b8pk4ccj1fn9p16yp_t2xwtw0000gn/T/xcode-bench-dd-yypjhhwm/Build/Products/Debug-iphonesimulator/SatelliteKit.o normal (in target 'SatelliteKit' from project 'SatelliteKit')
    cd /var/folders/pm/b8pk4ccj1fn9p16yp_t2xwtw0000gn/T/xcode-bench-dd-yypjhhwm/SourcePackages/checkouts/SatelliteKit
    /Applications/Xcode.app/Contents/Developer/Toolchains/XcodeDefault.xctoolchain/usr/bin/clang -Xlinker -reproducible -target arm64-apple-ios12.0-simulator -r -isysroot /Applications/Xcode.app/Contents/Developer/Platforms/iPhoneSimulator.platform/Developer/SDKs/iPhoneSimulator26.0.sdk -O0 -w -L/var/folders/pm/b8pk4ccj1fn9p16yp_t2xwtw0000gn/T/xcode-bench-dd-yypjhhwm/Build/Intermediates.noindex/EagerLinkingTBDs/Debug-iphonesimulator -L/var/folders/pm/b8pk4ccj1fn9p16yp_t2xwtw0000gn/T/xcode-bench-dd-yypjhhwm/Build/Products/Debug-iphonesimulator -L/Applications/Xcode.app/Contents/Developer/Platforms/iPhoneSimulator.platform/Developer/usr/lib -F/var/folders/pm/b8pk4ccj1fn9p16yp_t2xwtw0000gn/T/xcode-bench-dd-yypjhhwm/Build/Intermediates.noindex/EagerLinkingTBDs/Debug-iphonesimulator -F/var/folders/pm/b8pk4ccj1fn9p16yp_t2xwtw0000gn/T/xcode-bench-dd-yypjhhwm/Build/Products/Debug-iphonesimulator -iframework /Applications/Xcode.app/Contents/Developer/Platforms/iPhoneSimulator.platform/Developer/Library/Frameworks -iframework /Applications/Xcode.app/Contents/Developer/Platforms/iPhoneSimulator.platform/Developer/SDKs/iPhoneSimulator26.0.sdk/Developer/Library/Frameworks -filelist /var/folders/pm/b8pk4ccj1fn9p16yp_t2xwtw0000gn/T/xcode-bench-dd-yypjhhwm/Build/Intermediates.noindex/SatelliteKit.build/Debug-iphonesimulator/SatelliteKit.build/Objects-normal/arm64/SatelliteKit.LinkFileList -nostdlib -Xlinker -object_path_lto -Xlinker /var/folders/pm/b8pk4ccj1fn9p16yp_t2xwtw0000gn/T/xcode-bench-dd-yypjhhwm/Build/Intermediates.noindex/SatelliteKit.build/Debug-iphonesimulator/SatelliteKit.build/Objects-normal/arm64/SatelliteKit_lto.o -rdynamic -Xlinker -no_deduplicate -Xlinker -objc_abi_version -Xlinker 2 -Xlinker -dependency_info -Xlinker /var/folders/pm/b8pk4ccj1fn9p16yp_t2xwtw0000gn/T/xcode-bench-dd-yypjhhwm/Build/Intermediates.noindex/SatelliteKit.build/Debug-iphonesimulator/SatelliteKit.build/Objects-normal/arm64/SatelliteKit_dependency_info.dat -fobjc-link-runtime -L/Applications/Xcode.app/Contents/Developer/Toolchains/XcodeDefault.xctoolchain/usr/lib/swift/iphonesimulator -L/usr/lib/swift -Xlinker -add_ast_path -Xlinker /var/folders/pm/b8pk4ccj1fn9p16yp_t2xwtw0000gn/T/xcode-bench-dd-yypjhhwm/Build/Intermediates.noindex/SatelliteKit.build/Debug-iphonesimulator/SatelliteKit.build/Objects-normal/arm64/SatelliteKit.swiftmodule @/var/folders/pm/b8pk4ccj1fn9p16yp_t2xwtw0000gn/T/xcode-bench-dd-yypjhhwm/Build/Intermediates.noindex/SatelliteKit.build/Debug-iphonesimulator/SatelliteKit.build/Objects-normal/arm64/SatelliteKit-linker-args.resp -o /var/folders/pm/b8pk4ccj1fn9p16yp_t2xwtw0000gn/T/xcode-bench-dd-yypjhhwm/Build/Products/Debug-iphonesimulator/SatelliteKit.o

SwiftExplicitDependencyGeneratePcm arm64 /var/folders/pm/b8pk4ccj1fn9p16yp_t2xwtw0000gn/T/xcode-bench-dd-yypjhhwm/ModuleCache.noindex/CoreVideo-1EDG8M2SRJW3B8KUOWZUC8E7L.pcm

ExtractAppIntentsMetadata (in target 'SatelliteKit' from project 'SatelliteKit')
    cd /var/folders/pm/b8pk4ccj1fn9p16yp_t2xwtw0000gn/T/xcode-bench-dd-yypjhhwm/SourcePackages/checkouts/SatelliteKit
    /Applications/Xcode.app/Contents/Developer/Toolchains/XcodeDefault.xctoolchain/usr/bin/appintentsmetadataprocessor --toolchain-dir /Applications/Xcode.app/Contents/Developer/Toolchains/XcodeDefault.xctoolchain --module-name SatelliteKit --sdk-root /Applications/Xcode.app/Contents/Developer/Platforms/iPhoneSimulator.platform/Developer/SDKs/iPhoneSimulator26.0.sdk --xcode-version 17A400 --platform-family iOS --deployment-target 12.0 --bundle-identifier satellitekit.SatelliteKit --output /var/folders/pm/b8pk4ccj1fn9p16yp_t2xwtw0000gn/T/xcode-bench-dd-yypjhhwm/Build/Products/Debug-iphonesimulator/SatelliteKit.appintents --target-triple arm64-apple-ios12.0-simulator --binary-file /var/folders/pm/b8pk4ccj1fn9p16yp_t2xwtw0000gn/T/xcode-bench-dd-yypjhhwm/Build/Products/Debug-iphonesimulator/SatelliteKit.o --dependency-file /var/folders/pm/b8pk4ccj1fn9p16yp_t2xwtw0000gn/T/xcode-bench-dd-yypjhhwm/Build/Intermediates.noindex/SatelliteKit.build/Debug-iphonesimulator/SatelliteKit.build/Objects-normal/arm64/SatelliteKit_dependency_info.dat --stringsdata-file /var/folders/pm/b8pk4ccj1fn9p16yp_t2xwtw0000gn/T/xcode-bench-dd-yypjhhwm/Build/Intermediates.noindex/SatelliteKit.build/Debug-iphonesimulator/SatelliteKit.build/Objects-normal/arm64/ExtractedAppShortcutsMetadata.stringsdata --source-file-list /var/folders/pm/b8pk4ccj1fn9p16yp_t2xwtw0000gn/T/xcode-bench-dd-yypjhhwm/Build/Intermediates.noindex/SatelliteKit.build/Debug-iphonesimulator/SatelliteKit.build/Objects-normal/arm64/SatelliteKit.SwiftFileList --metadata-file-list /var/folders/pm/b8pk4ccj1fn9p16yp_t2xwtw0000gn/T/xcode-bench-dd-yypjhhwm/Build/Intermediates.noindex/SatelliteKit.build/Debug-iphonesimulator/SatelliteKit.build/SatelliteKit.DependencyMetadataFileList --static-metadata-file-list /var/folders/pm/b8pk4ccj1fn9p16yp_t2xwtw0000gn/T/xcode-bench-dd-yypjhhwm/Build/Intermediates.noindex/SatelliteKit.build/Debug-iphonesimulator/SatelliteKit.build/SatelliteKit.DependencyStaticMetadataFileList --swift-const-vals-list /var/folders/pm/b8pk4ccj1fn9p16yp_t2xwtw0000gn/T/xcode-bench-dd-yypjhhwm/Build/Intermediates.noindex/SatelliteKit.build/Debug-iphonesimulator/SatelliteKit.build/Objects-normal/arm64/SatelliteKit.SwiftConstValuesFileList --force --compile-time-extraction --deployment-aware-processing --validate-assistant-intents --no-app-shortcuts-localization
2026-03-31 17:48:07.371 appintentsmetadataprocessor[80558:6314503] Starting appintentsmetadataprocessor export
2026-03-31 17:48:07.474 appintentsmetadataprocessor[80558:6314503] Extracted no relevant App Intents symbols, skipping writing output

SwiftExplicitDependencyGeneratePcm arm64 /var/folders/pm/b8pk4ccj1fn9p16yp_t2xwtw0000gn/T/xcode-bench-dd-yypjhhwm/ModuleCache.noindex/QuartzCore-DIPN0D56T7CHBS439ZB42YMDT.pcm

SwiftExplicitDependencyGeneratePcm arm64 /var/folders/pm/b8pk4ccj1fn9p16yp_t2xwtw0000gn/T/xcode-bench-dd-yypjhhwm/ModuleCache.noindex/CoreImage-6SRK1DA4WDJEG10SQKBJO64J9.pcm

SwiftExplicitDependencyGeneratePcm arm64 /var/folders/pm/b8pk4ccj1fn9p16yp_t2xwtw0000gn/T/xcode-bench-dd-yypjhhwm/ModuleCache.noindex/SwiftUICore-DYT1ATNHX6UYE8TCOHHAP1UN8.pcm

RegisterExecutionPolicyException /var/folders/pm/b8pk4ccj1fn9p16yp_t2xwtw0000gn/T/xcode-bench-dd-yypjhhwm/Build/Products/Debug-iphonesimulator/SatelliteKit.o (in target 'SatelliteKit' from project 'SatelliteKit')
    cd /var/folders/pm/b8pk4ccj1fn9p16yp_t2xwtw0000gn/T/xcode-bench-dd-yypjhhwm/SourcePackages/checkouts/SatelliteKit
    builtin-RegisterExecutionPolicyException /var/folders/pm/b8pk4ccj1fn9p16yp_t2xwtw0000gn/T/xcode-bench-dd-yypjhhwm/Build/Products/Debug-iphonesimulator/SatelliteKit.o

SwiftExplicitDependencyGeneratePcm arm64 /var/folders/pm/b8pk4ccj1fn9p16yp_t2xwtw0000gn/T/xcode-bench-dd-yypjhhwm/ModuleCache.noindex/UIKit-DLZWMJ7HY97CW6V7CRUVZYWCA.pcm

SwiftExplicitDependencyGeneratePcm arm64 /var/folders/pm/b8pk4ccj1fn9p16yp_t2xwtw0000gn/T/xcode-bench-dd-yypjhhwm/ModuleCache.noindex/SwiftUI-CJL92X8E52I6W53T0TNVJZWQ2.pcm

SwiftCompile normal arm64 Compiling\ WidgetLiveActivity.swift /Users/benjaminfaershtein/Documents/FieldHT/Widget/WidgetLiveActivity.swift (in target 'WidgetExtension' from project 'FieldHT')

SwiftCompile normal arm64 /Users/benjaminfaershtein/Documents/FieldHT/Widget/WidgetLiveActivity.swift (in target 'WidgetExtension' from project 'FieldHT')
    cd /Users/benjaminfaershtein/Documents/FieldHT
    

SwiftEmitModule normal arm64 Emitting\ module\ for\ WidgetExtension (in target 'WidgetExtension' from project 'FieldHT')

EmitSwiftModule normal arm64 (in target 'WidgetExtension' from project 'FieldHT')
    cd /Users/benjaminfaershtein/Documents/FieldHT
    

SwiftCompile normal arm64 Compiling\ GeneratedAssetSymbols.swift /var/folders/pm/b8pk4ccj1fn9p16yp_t2xwtw0000gn/T/xcode-bench-dd-yypjhhwm/Build/Intermediates.noindex/FieldHT.build/Debug-iphonesimulator/WidgetExtension.build/DerivedSources/GeneratedAssetSymbols.swift (in target 'WidgetExtension' from project 'FieldHT')
SwiftCompile normal arm64 /var/folders/pm/b8pk4ccj1fn9p16yp_t2xwtw0000gn/T/xcode-bench-dd-yypjhhwm/Build/Intermediates.noindex/FieldHT.build/Debug-iphonesimulator/WidgetExtension.build/DerivedSources/GeneratedAssetSymbols.swift (in target 'WidgetExtension' from project 'FieldHT')
    cd /Users/benjaminfaershtein/Documents/FieldHT
    

SwiftCompile normal arm64 Compiling\ SatelliteTrackingAttributes.swift /Users/benjaminfaershtein/Documents/FieldHT/FieldHT/LiveActivity/SatelliteTrackingAttributes.swift (in target 'WidgetExtension' from project 'FieldHT')

SwiftCompile normal arm64 /Users/benjaminfaershtein/Documents/FieldHT/FieldHT/LiveActivity/SatelliteTrackingAttributes.swift (in target 'WidgetExtension' from project 'FieldHT')
    cd /Users/benjaminfaershtein/Documents/FieldHT
    

SwiftCompile normal arm64 Compiling\ AppIntent.swift /Users/benjaminfaershtein/Documents/FieldHT/Widget/AppIntent.swift (in target 'WidgetExtension' from project 'FieldHT')

SwiftCompile normal arm64 /Users/benjaminfaershtein/Documents/FieldHT/Widget/AppIntent.swift (in target 'WidgetExtension' from project 'FieldHT')
    cd /Users/benjaminfaershtein/Documents/FieldHT
    

SwiftCompile normal arm64 Compiling\ SatelliteActivityState.swift /Users/benjaminfaershtein/Documents/FieldHT/FieldHT/LiveActivity/SatelliteActivityState.swift (in target 'WidgetExtension' from project 'FieldHT')

SwiftCompile normal arm64 /Users/benjaminfaershtein/Documents/FieldHT/FieldHT/LiveActivity/SatelliteActivityState.swift (in target 'WidgetExtension' from project 'FieldHT')
    cd /Users/benjaminfaershtein/Documents/FieldHT
    

SwiftCompile normal arm64 Compiling\ SatelliteLiveActivityManager.swift /Users/benjaminfaershtein/Documents/FieldHT/FieldHT/LiveActivity/SatelliteLiveActivityManager.swift (in target 'WidgetExtension' from project 'FieldHT')

SwiftCompile normal arm64 /Users/benjaminfaershtein/Documents/FieldHT/FieldHT/LiveActivity/SatelliteLiveActivityManager.swift (in target 'WidgetExtension' from project 'FieldHT')
    cd /Users/benjaminfaershtein/Documents/FieldHT
    

SwiftCompile normal arm64 Compiling\ WidgetBundle.swift /Users/benjaminfaershtein/Documents/FieldHT/Widget/WidgetBundle.swift (in target 'WidgetExtension' from project 'FieldHT')

SwiftCompile normal arm64 /Users/benjaminfaershtein/Documents/FieldHT/Widget/WidgetBundle.swift (in target 'WidgetExtension' from project 'FieldHT')
    cd /Users/benjaminfaershtein/Documents/FieldHT
    

SwiftCompile normal arm64 Compiling\ WidgetControl.swift /Users/benjaminfaershtein/Documents/FieldHT/Widget/WidgetControl.swift (in target 'WidgetExtension' from project 'FieldHT')

SwiftCompile normal arm64 /Users/benjaminfaershtein/Documents/FieldHT/Widget/WidgetControl.swift (in target 'WidgetExtension' from project 'FieldHT')
    cd /Users/benjaminfaershtein/Documents/FieldHT
    

SwiftCompile normal arm64 Compiling\ Widget.swift /Users/benjaminfaershtein/Documents/FieldHT/Widget/Widget.swift (in target 'WidgetExtension' from project 'FieldHT')

SwiftCompile normal arm64 /Users/benjaminfaershtein/Documents/FieldHT/Widget/Widget.swift (in target 'WidgetExtension' from project 'FieldHT')
    cd /Users/benjaminfaershtein/Documents/FieldHT
    

SwiftDriverJobDiscovery normal arm64 Compiling SatelliteActivityState.swift (in target 'WidgetExtension' from project 'FieldHT')

SwiftDriverJobDiscovery normal arm64 Emitting module for WidgetExtension (in target 'WidgetExtension' from project 'FieldHT')

SwiftDriver\ Compilation\ Requirements WidgetExtension normal arm64 com.apple.xcode.tools.swift.compiler (in target 'WidgetExtension' from project 'FieldHT')
    cd /Users/benjaminfaershtein/Documents/FieldHT
    builtin-Swift-Compilation-Requirements -- /Applications/Xcode.app/Contents/Developer/Toolchains/XcodeDefault.xctoolchain/usr/bin/swiftc -module-name WidgetExtension -Onone -enforce-exclusivity\=checked @/var/folders/pm/b8pk4ccj1fn9p16yp_t2xwtw0000gn/T/xcode-bench-dd-yypjhhwm/Build/Intermediates.noindex/FieldHT.build/Debug-iphonesimulator/WidgetExtension.build/Objects-normal/arm64/WidgetExtension.SwiftFileList -DDEBUG -enable-bare-slash-regex -enable-upcoming-feature DisableOutwardActorInference -enable-upcoming-feature InferSendableFromCaptures -enable-upcoming-feature GlobalActorIsolatedTypesUsability -enable-upcoming-feature MemberImportVisibility -enable-upcoming-feature InferIsolatedConformances -enable-upcoming-feature NonisolatedNonsendingByDefault -enable-experimental-feature DebugDescriptionMacro -sdk /Applications/Xcode.app/Contents/Developer/Platforms/iPhoneSimulator.platform/Developer/SDKs/iPhoneSimulator26.0.sdk -target arm64-apple-ios26.0-simulator -g -module-cache-path /var/folders/pm/b8pk4ccj1fn9p16yp_t2xwtw0000gn/T/xcode-bench-dd-yypjhhwm/ModuleCache.noindex -Xfrontend -serialize-debugging-options -application-extension -enable-testing -index-store-path /var/folders/pm/b8pk4ccj1fn9p16yp_t2xwtw0000gn/T/xcode-bench-dd-yypjhhwm/Index.noindex/DataStore -Xcc -D_LIBCPP_HARDENING_MODE\=_LIBCPP_HARDENING_MODE_DEBUG -swift-version 5 -I /var/folders/pm/b8pk4ccj1fn9p16yp_t2xwtw0000gn/T/xcode-bench-dd-yypjhhwm/Build/Products/Debug-iphonesimulator -F /var/folders/pm/b8pk4ccj1fn9p16yp_t2xwtw0000gn/T/xcode-bench-dd-yypjhhwm/Build/Products/Debug-iphonesimulator -emit-localized-strings -emit-localized-strings-path /var/folders/pm/b8pk4ccj1fn9p16yp_t2xwtw0000gn/T/xcode-bench-dd-yypjhhwm/Build/Intermediates.noindex/FieldHT.build/Debug-iphonesimulator/WidgetExtension.build/Objects-normal/arm64 -c -j10 -enable-batch-mode -incremental -Xcc -ivfsstatcache -Xcc /var/folders/pm/b8pk4ccj1fn9p16yp_t2xwtw0000gn/T/xcode-bench-dd-yypjhhwm/SDKStatCaches.noindex/iphonesimulator26.0-23A339-26257891a6c027eb51374368541b8346.sdkstatcache -output-file-map /var/folders/pm/b8pk4ccj1fn9p16yp_t2xwtw0000gn/T/xcode-bench-dd-yypjhhwm/Build/Intermediates.noindex/FieldHT.build/Debug-iphonesimulator/WidgetExtension.build/Objects-normal/arm64/WidgetExtension-OutputFileMap.json -use-frontend-parseable-output -save-temps -no-color-diagnostics -explicit-module-build -module-cache-path /var/folders/pm/b8pk4ccj1fn9p16yp_t2xwtw0000gn/T/xcode-bench-dd-yypjhhwm/Build/Intermediates.noindex/SwiftExplicitPrecompiledModules -clang-scanner-module-cache-path /var/folders/pm/b8pk4ccj1fn9p16yp_t2xwtw0000gn/T/xcode-bench-dd-yypjhhwm/ModuleCache.noindex -sdk-module-cache-path /var/folders/pm/b8pk4ccj1fn9p16yp_t2xwtw0000gn/T/xcode-bench-dd-yypjhhwm/ModuleCache.noindex -serialize-diagnostics -emit-dependencies -emit-module -emit-module-path /var/folders/pm/b8pk4ccj1fn9p16yp_t2xwtw0000gn/T/xcode-bench-dd-yypjhhwm/Build/Intermediates.noindex/FieldHT.build/Debug-iphonesimulator/WidgetExtension.build/Objects-normal/arm64/WidgetExtension.swiftmodule -validate-clang-modules-once -clang-build-session-file /var/folders/pm/b8pk4ccj1fn9p16yp_t2xwtw0000gn/T/xcode-bench-dd-yypjhhwm/ModuleCache.noindex/Session.modulevalidation -Xcc -I/var/folders/pm/b8pk4ccj1fn9p16yp_t2xwtw0000gn/T/xcode-bench-dd-yypjhhwm/Build/Intermediates.noindex/FieldHT.build/Debug-iphonesimulator/WidgetExtension.build/swift-overrides.hmap -emit-const-values -Xfrontend -const-gather-protocols-file -Xfrontend /var/folders/pm/b8pk4ccj1fn9p16yp_t2xwtw0000gn/T/xcode-bench-dd-yypjhhwm/Build/Intermediates.noindex/FieldHT.build/Debug-iphonesimulator/WidgetExtension.build/Objects-normal/arm64/WidgetExtension_const_extract_protocols.json -Xcc -iquote -Xcc /var/folders/pm/b8pk4ccj1fn9p16yp_t2xwtw0000gn/T/xcode-bench-dd-yypjhhwm/Build/Intermediates.noindex/FieldHT.build/Debug-iphonesimulator/WidgetExtension.build/WidgetExtension-generated-files.hmap -Xcc -I/var/folders/pm/b8pk4ccj1fn9p16yp_t2xwtw0000gn/T/xcode-bench-dd-yypjhhwm/Build/Intermediates.noindex/FieldHT.build/Debug-iphonesimulator/WidgetExtension.build/WidgetExtension-own-target-headers.hmap -Xcc -I/var/folders/pm/b8pk4ccj1fn9p16yp_t2xwtw0000gn/T/xcode-bench-dd-yypjhhwm/Build/Intermediates.noindex/FieldHT.build/Debug-iphonesimulator/WidgetExtension.build/WidgetExtension-all-non-framework-target-headers.hmap -Xcc -ivfsoverlay -Xcc /var/folders/pm/b8pk4ccj1fn9p16yp_t2xwtw0000gn/T/xcode-bench-dd-yypjhhwm/Build/Intermediates.noindex/FieldHT.build/Debug-iphonesimulator/FieldHT-8db3a85ec02ee428a21b172cdb8cc156-VFS-iphonesimulator/all-product-headers.yaml -Xcc -iquote -Xcc /var/folders/pm/b8pk4ccj1fn9p16yp_t2xwtw0000gn/T/xcode-bench-dd-yypjhhwm/Build/Intermediates.noindex/FieldHT.build/Debug-iphonesimulator/WidgetExtension.build/WidgetExtension-project-headers.hmap -Xcc -I/var/folders/pm/b8pk4ccj1fn9p16yp_t2xwtw0000gn/T/xcode-bench-dd-yypjhhwm/Build/Products/Debug-iphonesimulator/include -Xcc -I/var/folders/pm/b8pk4ccj1fn9p16yp_t2xwtw0000gn/T/xcode-bench-dd-yypjhhwm/Build/Intermediates.noindex/FieldHT.build/Debug-iphonesimulator/WidgetExtension.build/DerivedSources-normal/arm64 -Xcc -I/var/folders/pm/b8pk4ccj1fn9p16yp_t2xwtw0000gn/T/xcode-bench-dd-yypjhhwm/Build/Intermediates.noindex/FieldHT.build/Debug-iphonesimulator/WidgetExtension.build/DerivedSources/arm64 -Xcc -I/var/folders/pm/b8pk4ccj1fn9p16yp_t2xwtw0000gn/T/xcode-bench-dd-yypjhhwm/Build/Intermediates.noindex/FieldHT.build/Debug-iphonesimulator/WidgetExtension.build/DerivedSources -Xcc -DDEBUG\=1 -emit-objc-header -emit-objc-header-path /var/folders/pm/b8pk4ccj1fn9p16yp_t2xwtw0000gn/T/xcode-bench-dd-yypjhhwm/Build/Intermediates.noindex/FieldHT.build/Debug-iphonesimulator/WidgetExtension.build/Objects-normal/arm64/WidgetExtension-Swift.h -working-directory /Users/benjaminfaershtein/Documents/FieldHT -experimental-emit-module-separately -disable-cmo

SwiftMergeGeneratedHeaders /var/folders/pm/b8pk4ccj1fn9p16yp_t2xwtw0000gn/T/xcode-bench-dd-yypjhhwm/Build/Intermediates.noindex/FieldHT.build/Debug-iphonesimulator/WidgetExtension.build/DerivedSources/WidgetExtension-Swift.h /var/folders/pm/b8pk4ccj1fn9p16yp_t2xwtw0000gn/T/xcode-bench-dd-yypjhhwm/Build/Intermediates.noindex/FieldHT.build/Debug-iphonesimulator/WidgetExtension.build/Objects-normal/arm64/WidgetExtension-Swift.h (in target 'WidgetExtension' from project 'FieldHT')
    cd /Users/benjaminfaershtein/Documents/FieldHT
    builtin-swiftHeaderTool -arch arm64 /var/folders/pm/b8pk4ccj1fn9p16yp_t2xwtw0000gn/T/xcode-bench-dd-yypjhhwm/Build/Intermediates.noindex/FieldHT.build/Debug-iphonesimulator/WidgetExtension.build/Objects-normal/arm64/WidgetExtension-Swift.h -o /var/folders/pm/b8pk4ccj1fn9p16yp_t2xwtw0000gn/T/xcode-bench-dd-yypjhhwm/Build/Intermediates.noindex/FieldHT.build/Debug-iphonesimulator/WidgetExtension.build/DerivedSources/WidgetExtension-Swift.h

Copy /var/folders/pm/b8pk4ccj1fn9p16yp_t2xwtw0000gn/T/xcode-bench-dd-yypjhhwm/Build/Products/Debug-iphonesimulator/WidgetExtension.swiftmodule/arm64-apple-ios-simulator.swiftmodule /var/folders/pm/b8pk4ccj1fn9p16yp_t2xwtw0000gn/T/xcode-bench-dd-yypjhhwm/Build/Intermediates.noindex/FieldHT.build/Debug-iphonesimulator/WidgetExtension.build/Objects-normal/arm64/WidgetExtension.swiftmodule (in target 'WidgetExtension' from project 'FieldHT')
    cd /Users/benjaminfaershtein/Documents/FieldHT
    builtin-copy -exclude .DS_Store -exclude CVS -exclude .svn -exclude .git -exclude .hg -resolve-src-symlinks -rename /var/folders/pm/b8pk4ccj1fn9p16yp_t2xwtw0000gn/T/xcode-bench-dd-yypjhhwm/Build/Intermediates.noindex/FieldHT.build/Debug-iphonesimulator/WidgetExtension.build/Objects-normal/arm64/WidgetExtension.swiftmodule /var/folders/pm/b8pk4ccj1fn9p16yp_t2xwtw0000gn/T/xcode-bench-dd-yypjhhwm/Build/Products/Debug-iphonesimulator/WidgetExtension.swiftmodule/arm64-apple-ios-simulator.swiftmodule

Copy /var/folders/pm/b8pk4ccj1fn9p16yp_t2xwtw0000gn/T/xcode-bench-dd-yypjhhwm/Build/Products/Debug-iphonesimulator/WidgetExtension.swiftmodule/arm64-apple-ios-simulator.swiftdoc /var/folders/pm/b8pk4ccj1fn9p16yp_t2xwtw0000gn/T/xcode-bench-dd-yypjhhwm/Build/Intermediates.noindex/FieldHT.build/Debug-iphonesimulator/WidgetExtension.build/Objects-normal/arm64/WidgetExtension.swiftdoc (in target 'WidgetExtension' from project 'FieldHT')
    cd /Users/benjaminfaershtein/Documents/FieldHT
    builtin-copy -exclude .DS_Store -exclude CVS -exclude .svn -exclude .git -exclude .hg -resolve-src-symlinks -rename /var/folders/pm/b8pk4ccj1fn9p16yp_t2xwtw0000gn/T/xcode-bench-dd-yypjhhwm/Build/Intermediates.noindex/FieldHT.build/Debug-iphonesimulator/WidgetExtension.build/Objects-normal/arm64/WidgetExtension.swiftdoc /var/folders/pm/b8pk4ccj1fn9p16yp_t2xwtw0000gn/T/xcode-bench-dd-yypjhhwm/Build/Products/Debug-iphonesimulator/WidgetExtension.swiftmodule/arm64-apple-ios-simulator.swiftdoc

Copy /var/folders/pm/b8pk4ccj1fn9p16yp_t2xwtw0000gn/T/xcode-bench-dd-yypjhhwm/Build/Products/Debug-iphonesimulator/WidgetExtension.swiftmodule/arm64-apple-ios-simulator.abi.json /var/folders/pm/b8pk4ccj1fn9p16yp_t2xwtw0000gn/T/xcode-bench-dd-yypjhhwm/Build/Intermediates.noindex/FieldHT.build/Debug-iphonesimulator/WidgetExtension.build/Objects-normal/arm64/WidgetExtension.abi.json (in target 'WidgetExtension' from project 'FieldHT')
    cd /Users/benjaminfaershtein/Documents/FieldHT
    builtin-copy -exclude .DS_Store -exclude CVS -exclude .svn -exclude .git -exclude .hg -resolve-src-symlinks -rename /var/folders/pm/b8pk4ccj1fn9p16yp_t2xwtw0000gn/T/xcode-bench-dd-yypjhhwm/Build/Intermediates.noindex/FieldHT.build/Debug-iphonesimulator/WidgetExtension.build/Objects-normal/arm64/WidgetExtension.abi.json /var/folders/pm/b8pk4ccj1fn9p16yp_t2xwtw0000gn/T/xcode-bench-dd-yypjhhwm/Build/Products/Debug-iphonesimulator/WidgetExtension.swiftmodule/arm64-apple-ios-simulator.abi.json

SwiftDriverJobDiscovery normal arm64 Compiling SatelliteLiveActivityManager.swift (in target 'WidgetExtension' from project 'FieldHT')

Copy /var/folders/pm/b8pk4ccj1fn9p16yp_t2xwtw0000gn/T/xcode-bench-dd-yypjhhwm/Build/Products/Debug-iphonesimulator/WidgetExtension.swiftmodule/Project/arm64-apple-ios-simulator.swiftsourceinfo /var/folders/pm/b8pk4ccj1fn9p16yp_t2xwtw0000gn/T/xcode-bench-dd-yypjhhwm/Build/Intermediates.noindex/FieldHT.build/Debug-iphonesimulator/WidgetExtension.build/Objects-normal/arm64/WidgetExtension.swiftsourceinfo (in target 'WidgetExtension' from project 'FieldHT')
    cd /Users/benjaminfaershtein/Documents/FieldHT
    builtin-copy -exclude .DS_Store -exclude CVS -exclude .svn -exclude .git -exclude .hg -resolve-src-symlinks -rename /var/folders/pm/b8pk4ccj1fn9p16yp_t2xwtw0000gn/T/xcode-bench-dd-yypjhhwm/Build/Intermediates.noindex/FieldHT.build/Debug-iphonesimulator/WidgetExtension.build/Objects-normal/arm64/WidgetExtension.swiftsourceinfo /var/folders/pm/b8pk4ccj1fn9p16yp_t2xwtw0000gn/T/xcode-bench-dd-yypjhhwm/Build/Products/Debug-iphonesimulator/WidgetExtension.swiftmodule/Project/arm64-apple-ios-simulator.swiftsourceinfo

ProcessProductPackaging "" /var/folders/pm/b8pk4ccj1fn9p16yp_t2xwtw0000gn/T/xcode-bench-dd-yypjhhwm/Build/Intermediates.noindex/FieldHT.build/Debug-iphonesimulator/FieldHT.build/FieldHT.app-Simulated.xcent (in target 'FieldHT' from project 'FieldHT')
    cd /Users/benjaminfaershtein/Documents/FieldHT
    
    Entitlements:
    
    {
    "application-identifier" = "FRFXFRT624.BenFaer.FieldHT";
}
    
    builtin-productPackagingUtility -entitlements -format xml -o /var/folders/pm/b8pk4ccj1fn9p16yp_t2xwtw0000gn/T/xcode-bench-dd-yypjhhwm/Build/Intermediates.noindex/FieldHT.build/Debug-iphonesimulator/FieldHT.build/FieldHT.app-Simulated.xcent

ProcessProductPackagingDER /var/folders/pm/b8pk4ccj1fn9p16yp_t2xwtw0000gn/T/xcode-bench-dd-yypjhhwm/Build/Intermediates.noindex/FieldHT.build/Debug-iphonesimulator/FieldHT.build/FieldHT.app-Simulated.xcent /var/folders/pm/b8pk4ccj1fn9p16yp_t2xwtw0000gn/T/xcode-bench-dd-yypjhhwm/Build/Intermediates.noindex/FieldHT.build/Debug-iphonesimulator/FieldHT.build/FieldHT.app-Simulated.xcent.der (in target 'FieldHT' from project 'FieldHT')
    cd /Users/benjaminfaershtein/Documents/FieldHT
    /usr/bin/derq query -f xml -i /var/folders/pm/b8pk4ccj1fn9p16yp_t2xwtw0000gn/T/xcode-bench-dd-yypjhhwm/Build/Intermediates.noindex/FieldHT.build/Debug-iphonesimulator/FieldHT.build/FieldHT.app-Simulated.xcent -o /var/folders/pm/b8pk4ccj1fn9p16yp_t2xwtw0000gn/T/xcode-bench-dd-yypjhhwm/Build/Intermediates.noindex/FieldHT.build/Debug-iphonesimulator/FieldHT.build/FieldHT.app-Simulated.xcent.der --raw

MkDir /var/folders/pm/b8pk4ccj1fn9p16yp_t2xwtw0000gn/T/xcode-bench-dd-yypjhhwm/Build/Intermediates.noindex/FieldHT.build/Debug-iphonesimulator/FieldHT.build/assetcatalog_output/thinned (in target 'FieldHT' from project 'FieldHT')
    cd /Users/benjaminfaershtein/Documents/FieldHT
    /bin/mkdir -p /var/folders/pm/b8pk4ccj1fn9p16yp_t2xwtw0000gn/T/xcode-bench-dd-yypjhhwm/Build/Intermediates.noindex/FieldHT.build/Debug-iphonesimulator/FieldHT.build/assetcatalog_output/thinned

MkDir /var/folders/pm/b8pk4ccj1fn9p16yp_t2xwtw0000gn/T/xcode-bench-dd-yypjhhwm/Build/Intermediates.noindex/FieldHT.build/Debug-iphonesimulator/FieldHT.build/assetcatalog_output/unthinned (in target 'FieldHT' from project 'FieldHT')
    cd /Users/benjaminfaershtein/Documents/FieldHT
    /bin/mkdir -p /var/folders/pm/b8pk4ccj1fn9p16yp_t2xwtw0000gn/T/xcode-bench-dd-yypjhhwm/Build/Intermediates.noindex/FieldHT.build/Debug-iphonesimulator/FieldHT.build/assetcatalog_output/unthinned

GenerateAssetSymbols /Users/benjaminfaershtein/Documents/FieldHT/FieldHT/Assets.xcassets (in target 'FieldHT' from project 'FieldHT')
    cd /Users/benjaminfaershtein/Documents/FieldHT
    /Applications/Xcode.app/Contents/Developer/usr/bin/actool /Users/benjaminfaershtein/Documents/FieldHT/FieldHT/Assets.xcassets --compile /var/folders/pm/b8pk4ccj1fn9p16yp_t2xwtw0000gn/T/xcode-bench-dd-yypjhhwm/Build/Products/Debug-iphonesimulator/FieldHT.app --output-format human-readable-text --notices --warnings --export-dependency-info /var/folders/pm/b8pk4ccj1fn9p16yp_t2xwtw0000gn/T/xcode-bench-dd-yypjhhwm/Build/Intermediates.noindex/FieldHT.build/Debug-iphonesimulator/FieldHT.build/assetcatalog_dependencies --output-partial-info-plist /var/folders/pm/b8pk4ccj1fn9p16yp_t2xwtw0000gn/T/xcode-bench-dd-yypjhhwm/Build/Intermediates.noindex/FieldHT.build/Debug-iphonesimulator/FieldHT.build/assetcatalog_generated_info.plist --app-icon AppIcon --accent-color AccentColor --compress-pngs --enable-on-demand-resources YES --development-region en --target-device iphone --target-device ipad --minimum-deployment-target 26.0 --platform iphonesimulator --bundle-identifier BenFaer.FieldHT --generate-swift-asset-symbols /var/folders/pm/b8pk4ccj1fn9p16yp_t2xwtw0000gn/T/xcode-bench-dd-yypjhhwm/Build/Intermediates.noindex/FieldHT.build/Debug-iphonesimulator/FieldHT.build/DerivedSources/GeneratedAssetSymbols.swift --generate-objc-asset-symbols /var/folders/pm/b8pk4ccj1fn9p16yp_t2xwtw0000gn/T/xcode-bench-dd-yypjhhwm/Build/Intermediates.noindex/FieldHT.build/Debug-iphonesimulator/FieldHT.build/DerivedSources/GeneratedAssetSymbols.h --generate-asset-symbol-index /var/folders/pm/b8pk4ccj1fn9p16yp_t2xwtw0000gn/T/xcode-bench-dd-yypjhhwm/Build/Intermediates.noindex/FieldHT.build/Debug-iphonesimulator/FieldHT.build/DerivedSources/GeneratedAssetSymbols-Index.plist
/* com.apple.actool.compilation-results */
/var/folders/pm/b8pk4ccj1fn9p16yp_t2xwtw0000gn/T/xcode-bench-dd-yypjhhwm/Build/Intermediates.noindex/FieldHT.build/Debug-iphonesimulator/FieldHT.build/DerivedSources/GeneratedAssetSymbols-Index.plist
/var/folders/pm/b8pk4ccj1fn9p16yp_t2xwtw0000gn/T/xcode-bench-dd-yypjhhwm/Build/Intermediates.noindex/FieldHT.build/Debug-iphonesimulator/FieldHT.build/DerivedSources/GeneratedAssetSymbols.h
/var/folders/pm/b8pk4ccj1fn9p16yp_t2xwtw0000gn/T/xcode-bench-dd-yypjhhwm/Build/Intermediates.noindex/FieldHT.build/Debug-iphonesimulator/FieldHT.build/DerivedSources/GeneratedAssetSymbols.swift


CompileAssetCatalogVariant thinned /var/folders/pm/b8pk4ccj1fn9p16yp_t2xwtw0000gn/T/xcode-bench-dd-yypjhhwm/Build/Products/Debug-iphonesimulator/FieldHT.app /Users/benjaminfaershtein/Documents/FieldHT/FieldHT/Assets.xcassets (in target 'FieldHT' from project 'FieldHT')
    cd /Users/benjaminfaershtein/Documents/FieldHT
    /Applications/Xcode.app/Contents/Developer/usr/bin/actool /Users/benjaminfaershtein/Documents/FieldHT/FieldHT/Assets.xcassets --compile /var/folders/pm/b8pk4ccj1fn9p16yp_t2xwtw0000gn/T/xcode-bench-dd-yypjhhwm/Build/Intermediates.noindex/FieldHT.build/Debug-iphonesimulator/FieldHT.build/assetcatalog_output/thinned --output-format human-readable-text --notices --warnings --export-dependency-info /var/folders/pm/b8pk4ccj1fn9p16yp_t2xwtw0000gn/T/xcode-bench-dd-yypjhhwm/Build/Intermediates.noindex/FieldHT.build/Debug-iphonesimulator/FieldHT.build/assetcatalog_dependencies_thinned --output-partial-info-plist /var/folders/pm/b8pk4ccj1fn9p16yp_t2xwtw0000gn/T/xcode-bench-dd-yypjhhwm/Build/Intermediates.noindex/FieldHT.build/Debug-iphonesimulator/FieldHT.build/assetcatalog_generated_info.plist_thinned --app-icon AppIcon --accent-color AccentColor --compress-pngs --enable-on-demand-resources YES --filter-for-thinning-device-configuration iPhone17,5 --filter-for-device-os-version 26.0.1 --development-region en --target-device iphone --target-device ipad --minimum-deployment-target 26.0 --platform iphonesimulator
objc[80581]: Class _NoAnimationDelegate is implemented in both /Library/Developer/CoreSimulator/Volumes/iOS_23A8464/Library/Developer/CoreSimulator/Profiles/Runtimes/iOS 26.0.simruntime/Contents/Resources/RuntimeRoot/System/Library/Frameworks/SwiftUICore.framework/SwiftUICore (0x145280130) and /Library/Developer/CoreSimulator/Volumes/iOS_23A8464/Library/Developer/CoreSimulator/Profiles/Runtimes/iOS 26.0.simruntime/Contents/Resources/RuntimeRoot/System/Library/PrivateFrameworks/UIKitCore.framework/UIKitCore (0x1423e9198). This may cause spurious casting failures and mysterious crashes. One of the duplicates must be removed or renamed.
/* com.apple.actool.compilation-results */
/var/folders/pm/b8pk4ccj1fn9p16yp_t2xwtw0000gn/T/xcode-bench-dd-yypjhhwm/Build/Intermediates.noindex/FieldHT.build/Debug-iphonesimulator/FieldHT.build/assetcatalog_generated_info.plist_thinned
/var/folders/pm/b8pk4ccj1fn9p16yp_t2xwtw0000gn/T/xcode-bench-dd-yypjhhwm/Build/Intermediates.noindex/FieldHT.build/Debug-iphonesimulator/FieldHT.build/assetcatalog_output/thinned/AppIcon60x60@2x.png
/var/folders/pm/b8pk4ccj1fn9p16yp_t2xwtw0000gn/T/xcode-bench-dd-yypjhhwm/Build/Intermediates.noindex/FieldHT.build/Debug-iphonesimulator/FieldHT.build/assetcatalog_output/thinned/AppIcon76x76@2x~ipad.png
/var/folders/pm/b8pk4ccj1fn9p16yp_t2xwtw0000gn/T/xcode-bench-dd-yypjhhwm/Build/Intermediates.noindex/FieldHT.build/Debug-iphonesimulator/FieldHT.build/assetcatalog_output/thinned/Assets.car


SwiftDriverJobDiscovery normal arm64 Compiling SatelliteTrackingAttributes.swift (in target 'WidgetExtension' from project 'FieldHT')

SwiftDriver FieldHT normal arm64 com.apple.xcode.tools.swift.compiler (in target 'FieldHT' from project 'FieldHT')
    cd /Users/benjaminfaershtein/Documents/FieldHT
    builtin-SwiftDriver -- /Applications/Xcode.app/Contents/Developer/Toolchains/XcodeDefault.xctoolchain/usr/bin/swiftc -module-name FieldHT -Onone -enforce-exclusivity\=checked @/var/folders/pm/b8pk4ccj1fn9p16yp_t2xwtw0000gn/T/xcode-bench-dd-yypjhhwm/Build/Intermediates.noindex/FieldHT.build/Debug-iphonesimulator/FieldHT.build/Objects-normal/arm64/FieldHT.SwiftFileList -DDEBUG -default-isolation\=MainActor -enable-bare-slash-regex -enable-upcoming-feature DisableOutwardActorInference -enable-upcoming-feature InferSendableFromCaptures -enable-upcoming-feature GlobalActorIsolatedTypesUsability -enable-upcoming-feature MemberImportVisibility -enable-upcoming-feature InferIsolatedConformances -enable-upcoming-feature NonisolatedNonsendingByDefault -enable-experimental-feature DebugDescriptionMacro -sdk /Applications/Xcode.app/Contents/Developer/Platforms/iPhoneSimulator.platform/Developer/SDKs/iPhoneSimulator26.0.sdk -target arm64-apple-ios26.0-simulator -g -module-cache-path /var/folders/pm/b8pk4ccj1fn9p16yp_t2xwtw0000gn/T/xcode-bench-dd-yypjhhwm/ModuleCache.noindex -Xfrontend -serialize-debugging-options -enable-testing -index-store-path /var/folders/pm/b8pk4ccj1fn9p16yp_t2xwtw0000gn/T/xcode-bench-dd-yypjhhwm/Index.noindex/DataStore -Xcc -D_LIBCPP_HARDENING_MODE\=_LIBCPP_HARDENING_MODE_DEBUG -swift-version 5 -I /var/folders/pm/b8pk4ccj1fn9p16yp_t2xwtw0000gn/T/xcode-bench-dd-yypjhhwm/Build/Products/Debug-iphonesimulator -F /var/folders/pm/b8pk4ccj1fn9p16yp_t2xwtw0000gn/T/xcode-bench-dd-yypjhhwm/Build/Products/Debug-iphonesimulator/PackageFrameworks -F /var/folders/pm/b8pk4ccj1fn9p16yp_t2xwtw0000gn/T/xcode-bench-dd-yypjhhwm/Build/Products/Debug-iphonesimulator -emit-localized-strings -emit-localized-strings-path /var/folders/pm/b8pk4ccj1fn9p16yp_t2xwtw0000gn/T/xcode-bench-dd-yypjhhwm/Build/Intermediates.noindex/FieldHT.build/Debug-iphonesimulator/FieldHT.build/Objects-normal/arm64 -c -j10 -enable-batch-mode -incremental -Xcc -ivfsstatcache -Xcc /var/folders/pm/b8pk4ccj1fn9p16yp_t2xwtw0000gn/T/xcode-bench-dd-yypjhhwm/SDKStatCaches.noindex/iphonesimulator26.0-23A339-26257891a6c027eb51374368541b8346.sdkstatcache -output-file-map /var/folders/pm/b8pk4ccj1fn9p16yp_t2xwtw0000gn/T/xcode-bench-dd-yypjhhwm/Build/Intermediates.noindex/FieldHT.build/Debug-iphonesimulator/FieldHT.build/Objects-normal/arm64/FieldHT-OutputFileMap.json -use-frontend-parseable-output -save-temps -no-color-diagnostics -explicit-module-build -module-cache-path /var/folders/pm/b8pk4ccj1fn9p16yp_t2xwtw0000gn/T/xcode-bench-dd-yypjhhwm/Build/Intermediates.noindex/SwiftExplicitPrecompiledModules -clang-scanner-module-cache-path /var/folders/pm/b8pk4ccj1fn9p16yp_t2xwtw0000gn/T/xcode-bench-dd-yypjhhwm/ModuleCache.noindex -sdk-module-cache-path /var/folders/pm/b8pk4ccj1fn9p16yp_t2xwtw0000gn/T/xcode-bench-dd-yypjhhwm/ModuleCache.noindex -serialize-diagnostics -emit-dependencies -emit-module -emit-module-path /var/folders/pm/b8pk4ccj1fn9p16yp_t2xwtw0000gn/T/xcode-bench-dd-yypjhhwm/Build/Intermediates.noindex/FieldHT.build/Debug-iphonesimulator/FieldHT.build/Objects-normal/arm64/FieldHT.swiftmodule -validate-clang-modules-once -clang-build-session-file /var/folders/pm/b8pk4ccj1fn9p16yp_t2xwtw0000gn/T/xcode-bench-dd-yypjhhwm/ModuleCache.noindex/Session.modulevalidation -Xcc -I/var/folders/pm/b8pk4ccj1fn9p16yp_t2xwtw0000gn/T/xcode-bench-dd-yypjhhwm/Build/Intermediates.noindex/FieldHT.build/Debug-iphonesimulator/FieldHT.build/swift-overrides.hmap -emit-const-values -Xfrontend -const-gather-protocols-file -Xfrontend /var/folders/pm/b8pk4ccj1fn9p16yp_t2xwtw0000gn/T/xcode-bench-dd-yypjhhwm/Build/Intermediates.noindex/FieldHT.build/Debug-iphonesimulator/FieldHT.build/Objects-normal/arm64/FieldHT_const_extract_protocols.json -Xcc -iquote -Xcc /var/folders/pm/b8pk4ccj1fn9p16yp_t2xwtw0000gn/T/xcode-bench-dd-yypjhhwm/Build/Intermediates.noindex/FieldHT.build/Debug-iphonesimulator/FieldHT.build/FieldHT-generated-files.hmap -Xcc -I/var/folders/pm/b8pk4ccj1fn9p16yp_t2xwtw0000gn/T/xcode-bench-dd-yypjhhwm/Build/Intermediates.noindex/FieldHT.build/Debug-iphonesimulator/FieldHT.build/FieldHT-own-target-headers.hmap -Xcc -I/var/folders/pm/b8pk4ccj1fn9p16yp_t2xwtw0000gn/T/xcode-bench-dd-yypjhhwm/Build/Intermediates.noindex/FieldHT.build/Debug-iphonesimulator/FieldHT.build/FieldHT-all-non-framework-target-headers.hmap -Xcc -ivfsoverlay -Xcc /var/folders/pm/b8pk4ccj1fn9p16yp_t2xwtw0000gn/T/xcode-bench-dd-yypjhhwm/Build/Intermediates.noindex/FieldHT.build/Debug-iphonesimulator/FieldHT-8db3a85ec02ee428a21b172cdb8cc156-VFS-iphonesimulator/all-product-headers.yaml -Xcc -iquote -Xcc /var/folders/pm/b8pk4ccj1fn9p16yp_t2xwtw0000gn/T/xcode-bench-dd-yypjhhwm/Build/Intermediates.noindex/FieldHT.build/Debug-iphonesimulator/FieldHT.build/FieldHT-project-headers.hmap -Xcc -I/var/folders/pm/b8pk4ccj1fn9p16yp_t2xwtw0000gn/T/xcode-bench-dd-yypjhhwm/Build/Products/Debug-iphonesimulator/include -Xcc -I/var/folders/pm/b8pk4ccj1fn9p16yp_t2xwtw0000gn/T/xcode-bench-dd-yypjhhwm/Build/Intermediates.noindex/FieldHT.build/Debug-iphonesimulator/FieldHT.build/DerivedSources-normal/arm64 -Xcc -I/var/folders/pm/b8pk4ccj1fn9p16yp_t2xwtw0000gn/T/xcode-bench-dd-yypjhhwm/Build/Intermediates.noindex/FieldHT.build/Debug-iphonesimulator/FieldHT.build/DerivedSources/arm64 -Xcc -I/var/folders/pm/b8pk4ccj1fn9p16yp_t2xwtw0000gn/T/xcode-bench-dd-yypjhhwm/Build/Intermediates.noindex/FieldHT.build/Debug-iphonesimulator/FieldHT.build/DerivedSources -Xcc -DDEBUG\=1 -emit-objc-header -emit-objc-header-path /var/folders/pm/b8pk4ccj1fn9p16yp_t2xwtw0000gn/T/xcode-bench-dd-yypjhhwm/Build/Intermediates.noindex/FieldHT.build/Debug-iphonesimulator/FieldHT.build/Objects-normal/arm64/FieldHT-Swift.h -working-directory /Users/benjaminfaershtein/Documents/FieldHT -experimental-emit-module-separately -disable-cmo

SwiftExplicitDependencyGeneratePcm arm64 /var/folders/pm/b8pk4ccj1fn9p16yp_t2xwtw0000gn/T/xcode-bench-dd-yypjhhwm/ModuleCache.noindex/_AvailabilityInternal-DK9AEXC8CLE8V1AOHF3P2GAYW.pcm

SwiftExplicitDependencyGeneratePcm arm64 /var/folders/pm/b8pk4ccj1fn9p16yp_t2xwtw0000gn/T/xcode-bench-dd-yypjhhwm/ModuleCache.noindex/_SwiftConcurrencyShims-SOYS3MQB53Z1WDOZFUSK5VY0.pcm

SwiftExplicitDependencyGeneratePcm arm64 /var/folders/pm/b8pk4ccj1fn9p16yp_t2xwtw0000gn/T/xcode-bench-dd-yypjhhwm/ModuleCache.noindex/ptrcheck-DBG3EUCDY2N95BQFHOI8HPNEM.pcm

SwiftExplicitDependencyGeneratePcm arm64 /var/folders/pm/b8pk4ccj1fn9p16yp_t2xwtw0000gn/T/xcode-bench-dd-yypjhhwm/ModuleCache.noindex/ActivityKit-DF0G0JIP8LOH2GNYD2H2BD5VY.pcm

SwiftExplicitDependencyGeneratePcm arm64 /var/folders/pm/b8pk4ccj1fn9p16yp_t2xwtw0000gn/T/xcode-bench-dd-yypjhhwm/ModuleCache.noindex/SwiftShims-7D1C799RXEV4DZSCMZEZZTX5Q.pcm

SwiftExplicitDependencyGeneratePcm arm64 /var/folders/pm/b8pk4ccj1fn9p16yp_t2xwtw0000gn/T/xcode-bench-dd-yypjhhwm/ModuleCache.noindex/_Builtin_stdbool-3ZYKNNQ4BTIGG7TW0Y9UKRUP6.pcm

SwiftExplicitDependencyGeneratePcm arm64 /var/folders/pm/b8pk4ccj1fn9p16yp_t2xwtw0000gn/T/xcode-bench-dd-yypjhhwm/ModuleCache.noindex/DeveloperToolsSupport-1EUH8URU7CFLEHOTMM5LAD0JO.pcm

SwiftExplicitDependencyGeneratePcm arm64 /var/folders/pm/b8pk4ccj1fn9p16yp_t2xwtw0000gn/T/xcode-bench-dd-yypjhhwm/ModuleCache.noindex/_DarwinFoundation1-7LP2ZIA1Z79JU726RQRFQVWS7.pcm

SwiftExplicitDependencyGeneratePcm arm64 /var/folders/pm/b8pk4ccj1fn9p16yp_t2xwtw0000gn/T/xcode-bench-dd-yypjhhwm/ModuleCache.noindex/_Builtin_float-4D9G65K4BPD2PITXHZYXTJ2CZ.pcm

SwiftExplicitDependencyGeneratePcm arm64 /var/folders/pm/b8pk4ccj1fn9p16yp_t2xwtw0000gn/T/xcode-bench-dd-yypjhhwm/ModuleCache.noindex/ptrauth-D8QAQPHBSBZVS4TMKTLU5CU3W.pcm

SwiftExplicitDependencyGeneratePcm arm64 /var/folders/pm/b8pk4ccj1fn9p16yp_t2xwtw0000gn/T/xcode-bench-dd-yypjhhwm/ModuleCache.noindex/_Builtin_stddef-69TB7FU46EHLRUB4F8EPMN6I4.pcm

SwiftExplicitDependencyGeneratePcm arm64 /var/folders/pm/b8pk4ccj1fn9p16yp_t2xwtw0000gn/T/xcode-bench-dd-yypjhhwm/ModuleCache.noindex/_Builtin_stdarg-9HTT5BL0AKVY2LEDHSJT6M0JW.pcm

SwiftExplicitDependencyGeneratePcm arm64 /var/folders/pm/b8pk4ccj1fn9p16yp_t2xwtw0000gn/T/xcode-bench-dd-yypjhhwm/ModuleCache.noindex/_Builtin_limits-13OPTYTB0PQFZX5GAJHEI7TD3.pcm

SwiftExplicitDependencyGeneratePcm arm64 /var/folders/pm/b8pk4ccj1fn9p16yp_t2xwtw0000gn/T/xcode-bench-dd-yypjhhwm/ModuleCache.noindex/_DarwinFoundation2-BCK7MOJAUF781L134K8613XZI.pcm

SwiftExplicitDependencyGeneratePcm arm64 /var/folders/pm/b8pk4ccj1fn9p16yp_t2xwtw0000gn/T/xcode-bench-dd-yypjhhwm/ModuleCache.noindex/sys_types-BIQ6G2NPVMLURANRRV650LNAB.pcm

SwiftExplicitDependencyGeneratePcm arm64 /var/folders/pm/b8pk4ccj1fn9p16yp_t2xwtw0000gn/T/xcode-bench-dd-yypjhhwm/ModuleCache.noindex/_Builtin_stdint-B40TDATFXP3KZKV4TW28MED2Q.pcm

SwiftExplicitDependencyGeneratePcm arm64 /var/folders/pm/b8pk4ccj1fn9p16yp_t2xwtw0000gn/T/xcode-bench-dd-yypjhhwm/ModuleCache.noindex/_Builtin_tgmath-EMX49VSESS17IOMMEX8L2UPKW.pcm

SwiftExplicitDependencyGeneratePcm arm64 /var/folders/pm/b8pk4ccj1fn9p16yp_t2xwtw0000gn/T/xcode-bench-dd-yypjhhwm/ModuleCache.noindex/_Builtin_stdatomic-EJMNN210UWGQ4NPXYWHFSFTRP.pcm

SwiftExplicitDependencyGeneratePcm arm64 /var/folders/pm/b8pk4ccj1fn9p16yp_t2xwtw0000gn/T/xcode-bench-dd-yypjhhwm/ModuleCache.noindex/_DarwinFoundation3-48Q656ZCIZEGN33BAY7J4TO4A.pcm

SwiftExplicitDependencyGeneratePcm arm64 /var/folders/pm/b8pk4ccj1fn9p16yp_t2xwtw0000gn/T/xcode-bench-dd-yypjhhwm/ModuleCache.noindex/_Builtin_intrinsics-32AUZ55CES3ILR6TT286U8MR.pcm

SwiftDriverJobDiscovery normal arm64 Compiling WidgetBundle.swift (in target 'WidgetExtension' from project 'FieldHT')

SwiftDriverJobDiscovery normal arm64 Compiling AppIntent.swift (in target 'WidgetExtension' from project 'FieldHT')

SwiftExplicitDependencyGeneratePcm arm64 /var/folders/pm/b8pk4ccj1fn9p16yp_t2xwtw0000gn/T/xcode-bench-dd-yypjhhwm/ModuleCache.noindex/_Builtin_inttypes-DSJ1OP9DRA2XTPE34RUDG8ENH.pcm

SwiftDriverJobDiscovery normal arm64 Compiling Widget.swift (in target 'WidgetExtension' from project 'FieldHT')

SwiftExplicitDependencyGeneratePcm arm64 /var/folders/pm/b8pk4ccj1fn9p16yp_t2xwtw0000gn/T/xcode-bench-dd-yypjhhwm/ModuleCache.noindex/Darwin-9FGI8P2DKHEF52FTT1NEWYC5H.pcm

SwiftDriverJobDiscovery normal arm64 Compiling WidgetLiveActivity.swift (in target 'WidgetExtension' from project 'FieldHT')

SwiftDriverJobDiscovery normal arm64 Compiling WidgetControl.swift (in target 'WidgetExtension' from project 'FieldHT')

SwiftExplicitDependencyGeneratePcm arm64 /var/folders/pm/b8pk4ccj1fn9p16yp_t2xwtw0000gn/T/xcode-bench-dd-yypjhhwm/ModuleCache.noindex/simd-DLHO3EI9LTS3LVF9M9VUL690S.pcm

SwiftDriverJobDiscovery normal arm64 Compiling GeneratedAssetSymbols.swift (in target 'WidgetExtension' from project 'FieldHT')

SwiftDriver\ Compilation WidgetExtension normal arm64 com.apple.xcode.tools.swift.compiler (in target 'WidgetExtension' from project 'FieldHT')
    cd /Users/benjaminfaershtein/Documents/FieldHT
    builtin-Swift-Compilation -- /Applications/Xcode.app/Contents/Developer/Toolchains/XcodeDefault.xctoolchain/usr/bin/swiftc -module-name WidgetExtension -Onone -enforce-exclusivity\=checked @/var/folders/pm/b8pk4ccj1fn9p16yp_t2xwtw0000gn/T/xcode-bench-dd-yypjhhwm/Build/Intermediates.noindex/FieldHT.build/Debug-iphonesimulator/WidgetExtension.build/Objects-normal/arm64/WidgetExtension.SwiftFileList -DDEBUG -enable-bare-slash-regex -enable-upcoming-feature DisableOutwardActorInference -enable-upcoming-feature InferSendableFromCaptures -enable-upcoming-feature GlobalActorIsolatedTypesUsability -enable-upcoming-feature MemberImportVisibility -enable-upcoming-feature InferIsolatedConformances -enable-upcoming-feature NonisolatedNonsendingByDefault -enable-experimental-feature DebugDescriptionMacro -sdk /Applications/Xcode.app/Contents/Developer/Platforms/iPhoneSimulator.platform/Developer/SDKs/iPhoneSimulator26.0.sdk -target arm64-apple-ios26.0-simulator -g -module-cache-path /var/folders/pm/b8pk4ccj1fn9p16yp_t2xwtw0000gn/T/xcode-bench-dd-yypjhhwm/ModuleCache.noindex -Xfrontend -serialize-debugging-options -application-extension -enable-testing -index-store-path /var/folders/pm/b8pk4ccj1fn9p16yp_t2xwtw0000gn/T/xcode-bench-dd-yypjhhwm/Index.noindex/DataStore -Xcc -D_LIBCPP_HARDENING_MODE\=_LIBCPP_HARDENING_MODE_DEBUG -swift-version 5 -I /var/folders/pm/b8pk4ccj1fn9p16yp_t2xwtw0000gn/T/xcode-bench-dd-yypjhhwm/Build/Products/Debug-iphonesimulator -F /var/folders/pm/b8pk4ccj1fn9p16yp_t2xwtw0000gn/T/xcode-bench-dd-yypjhhwm/Build/Products/Debug-iphonesimulator -emit-localized-strings -emit-localized-strings-path /var/folders/pm/b8pk4ccj1fn9p16yp_t2xwtw0000gn/T/xcode-bench-dd-yypjhhwm/Build/Intermediates.noindex/FieldHT.build/Debug-iphonesimulator/WidgetExtension.build/Objects-normal/arm64 -c -j10 -enable-batch-mode -incremental -Xcc -ivfsstatcache -Xcc /var/folders/pm/b8pk4ccj1fn9p16yp_t2xwtw0000gn/T/xcode-bench-dd-yypjhhwm/SDKStatCaches.noindex/iphonesimulator26.0-23A339-26257891a6c027eb51374368541b8346.sdkstatcache -output-file-map /var/folders/pm/b8pk4ccj1fn9p16yp_t2xwtw0000gn/T/xcode-bench-dd-yypjhhwm/Build/Intermediates.noindex/FieldHT.build/Debug-iphonesimulator/WidgetExtension.build/Objects-normal/arm64/WidgetExtension-OutputFileMap.json -use-frontend-parseable-output -save-temps -no-color-diagnostics -explicit-module-build -module-cache-path /var/folders/pm/b8pk4ccj1fn9p16yp_t2xwtw0000gn/T/xcode-bench-dd-yypjhhwm/Build/Intermediates.noindex/SwiftExplicitPrecompiledModules -clang-scanner-module-cache-path /var/folders/pm/b8pk4ccj1fn9p16yp_t2xwtw0000gn/T/xcode-bench-dd-yypjhhwm/ModuleCache.noindex -sdk-module-cache-path /var/folders/pm/b8pk4ccj1fn9p16yp_t2xwtw0000gn/T/xcode-bench-dd-yypjhhwm/ModuleCache.noindex -serialize-diagnostics -emit-dependencies -emit-module -emit-module-path /var/folders/pm/b8pk4ccj1fn9p16yp_t2xwtw0000gn/T/xcode-bench-dd-yypjhhwm/Build/Intermediates.noindex/FieldHT.build/Debug-iphonesimulator/WidgetExtension.build/Objects-normal/arm64/WidgetExtension.swiftmodule -validate-clang-modules-once -clang-build-session-file /var/folders/pm/b8pk4ccj1fn9p16yp_t2xwtw0000gn/T/xcode-bench-dd-yypjhhwm/ModuleCache.noindex/Session.modulevalidation -Xcc -I/var/folders/pm/b8pk4ccj1fn9p16yp_t2xwtw0000gn/T/xcode-bench-dd-yypjhhwm/Build/Intermediates.noindex/FieldHT.build/Debug-iphonesimulator/WidgetExtension.build/swift-overrides.hmap -emit-const-values -Xfrontend -const-gather-protocols-file -Xfrontend /var/folders/pm/b8pk4ccj1fn9p16yp_t2xwtw0000gn/T/xcode-bench-dd-yypjhhwm/Build/Intermediates.noindex/FieldHT.build/Debug-iphonesimulator/WidgetExtension.build/Objects-normal/arm64/WidgetExtension_const_extract_protocols.json -Xcc -iquote -Xcc /var/folders/pm/b8pk4ccj1fn9p16yp_t2xwtw0000gn/T/xcode-bench-dd-yypjhhwm/Build/Intermediates.noindex/FieldHT.build/Debug-iphonesimulator/WidgetExtension.build/WidgetExtension-generated-files.hmap -Xcc -I/var/folders/pm/b8pk4ccj1fn9p16yp_t2xwtw0000gn/T/xcode-bench-dd-yypjhhwm/Build/Intermediates.noindex/FieldHT.build/Debug-iphonesimulator/WidgetExtension.build/WidgetExtension-own-target-headers.hmap -Xcc -I/var/folders/pm/b8pk4ccj1fn9p16yp_t2xwtw0000gn/T/xcode-bench-dd-yypjhhwm/Build/Intermediates.noindex/FieldHT.build/Debug-iphonesimulator/WidgetExtension.build/WidgetExtension-all-non-framework-target-headers.hmap -Xcc -ivfsoverlay -Xcc /var/folders/pm/b8pk4ccj1fn9p16yp_t2xwtw0000gn/T/xcode-bench-dd-yypjhhwm/Build/Intermediates.noindex/FieldHT.build/Debug-iphonesimulator/FieldHT-8db3a85ec02ee428a21b172cdb8cc156-VFS-iphonesimulator/all-product-headers.yaml -Xcc -iquote -Xcc /var/folders/pm/b8pk4ccj1fn9p16yp_t2xwtw0000gn/T/xcode-bench-dd-yypjhhwm/Build/Intermediates.noindex/FieldHT.build/Debug-iphonesimulator/WidgetExtension.build/WidgetExtension-project-headers.hmap -Xcc -I/var/folders/pm/b8pk4ccj1fn9p16yp_t2xwtw0000gn/T/xcode-bench-dd-yypjhhwm/Build/Products/Debug-iphonesimulator/include -Xcc -I/var/folders/pm/b8pk4ccj1fn9p16yp_t2xwtw0000gn/T/xcode-bench-dd-yypjhhwm/Build/Intermediates.noindex/FieldHT.build/Debug-iphonesimulator/WidgetExtension.build/DerivedSources-normal/arm64 -Xcc -I/var/folders/pm/b8pk4ccj1fn9p16yp_t2xwtw0000gn/T/xcode-bench-dd-yypjhhwm/Build/Intermediates.noindex/FieldHT.build/Debug-iphonesimulator/WidgetExtension.build/DerivedSources/arm64 -Xcc -I/var/folders/pm/b8pk4ccj1fn9p16yp_t2xwtw0000gn/T/xcode-bench-dd-yypjhhwm/Build/Intermediates.noindex/FieldHT.build/Debug-iphonesimulator/WidgetExtension.build/DerivedSources -Xcc -DDEBUG\=1 -emit-objc-header -emit-objc-header-path /var/folders/pm/b8pk4ccj1fn9p16yp_t2xwtw0000gn/T/xcode-bench-dd-yypjhhwm/Build/Intermediates.noindex/FieldHT.build/Debug-iphonesimulator/WidgetExtension.build/Objects-normal/arm64/WidgetExtension-Swift.h -working-directory /Users/benjaminfaershtein/Documents/FieldHT -experimental-emit-module-separately -disable-cmo

Ld /var/folders/pm/b8pk4ccj1fn9p16yp_t2xwtw0000gn/T/xcode-bench-dd-yypjhhwm/Build/Products/Debug-iphonesimulator/WidgetExtension.appex/WidgetExtension.debug.dylib normal (in target 'WidgetExtension' from project 'FieldHT')
    cd /Users/benjaminfaershtein/Documents/FieldHT
    /Applications/Xcode.app/Contents/Developer/Toolchains/XcodeDefault.xctoolchain/usr/bin/clang -Xlinker -reproducible -target arm64-apple-ios26.0-simulator -dynamiclib -isysroot /Applications/Xcode.app/Contents/Developer/Platforms/iPhoneSimulator.platform/Developer/SDKs/iPhoneSimulator26.0.sdk -O0 -L/var/folders/pm/b8pk4ccj1fn9p16yp_t2xwtw0000gn/T/xcode-bench-dd-yypjhhwm/Build/Intermediates.noindex/EagerLinkingTBDs/Debug-iphonesimulator -L/var/folders/pm/b8pk4ccj1fn9p16yp_t2xwtw0000gn/T/xcode-bench-dd-yypjhhwm/Build/Products/Debug-iphonesimulator -F/var/folders/pm/b8pk4ccj1fn9p16yp_t2xwtw0000gn/T/xcode-bench-dd-yypjhhwm/Build/Intermediates.noindex/EagerLinkingTBDs/Debug-iphonesimulator -F/var/folders/pm/b8pk4ccj1fn9p16yp_t2xwtw0000gn/T/xcode-bench-dd-yypjhhwm/Build/Products/Debug-iphonesimulator -filelist /var/folders/pm/b8pk4ccj1fn9p16yp_t2xwtw0000gn/T/xcode-bench-dd-yypjhhwm/Build/Intermediates.noindex/FieldHT.build/Debug-iphonesimulator/WidgetExtension.build/Objects-normal/arm64/WidgetExtension.LinkFileList -install_name @rpath/WidgetExtension.debug.dylib -Xlinker -rpath -Xlinker @executable_path/Frameworks -Xlinker -rpath -Xlinker @executable_path/../../Frameworks -dead_strip -Xlinker -object_path_lto -Xlinker /var/folders/pm/b8pk4ccj1fn9p16yp_t2xwtw0000gn/T/xcode-bench-dd-yypjhhwm/Build/Intermediates.noindex/FieldHT.build/Debug-iphonesimulator/WidgetExtension.build/Objects-normal/arm64/WidgetExtension_lto.o -rdynamic -Xlinker -no_deduplicate -Xlinker -objc_abi_version -Xlinker 2 -Xlinker -dependency_info -Xlinker /var/folders/pm/b8pk4ccj1fn9p16yp_t2xwtw0000gn/T/xcode-bench-dd-yypjhhwm/Build/Intermediates.noindex/FieldHT.build/Debug-iphonesimulator/WidgetExtension.build/Objects-normal/arm64/WidgetExtension_dependency_info.dat -fapplication-extension -fobjc-link-runtime -L/Applications/Xcode.app/Contents/Developer/Toolchains/XcodeDefault.xctoolchain/usr/lib/swift/iphonesimulator -L/usr/lib/swift -Xlinker -add_ast_path -Xlinker /var/folders/pm/b8pk4ccj1fn9p16yp_t2xwtw0000gn/T/xcode-bench-dd-yypjhhwm/Build/Intermediates.noindex/FieldHT.build/Debug-iphonesimulator/WidgetExtension.build/Objects-normal/arm64/WidgetExtension.swiftmodule @/var/folders/pm/b8pk4ccj1fn9p16yp_t2xwtw0000gn/T/xcode-bench-dd-yypjhhwm/Build/Intermediates.noindex/FieldHT.build/Debug-iphonesimulator/WidgetExtension.build/Objects-normal/arm64/WidgetExtension-linker-args.resp -Xlinker -alias -Xlinker _NSExtensionMain -Xlinker ___debug_main_executable_dylib_entry_point -framework SwiftUI -framework WidgetKit -Xlinker -no_adhoc_codesign -o /var/folders/pm/b8pk4ccj1fn9p16yp_t2xwtw0000gn/T/xcode-bench-dd-yypjhhwm/Build/Products/Debug-iphonesimulator/WidgetExtension.appex/WidgetExtension.debug.dylib

SwiftExplicitDependencyGeneratePcm arm64 /var/folders/pm/b8pk4ccj1fn9p16yp_t2xwtw0000gn/T/xcode-bench-dd-yypjhhwm/ModuleCache.noindex/ObjectiveC-6UMG8907I5MNACJ6JGPFP65BD.pcm

SwiftExplicitDependencyGeneratePcm arm64 /var/folders/pm/b8pk4ccj1fn9p16yp_t2xwtw0000gn/T/xcode-bench-dd-yypjhhwm/ModuleCache.noindex/MachO-5VX7QB6L7ZHSKZYEE6W13J0KX.pcm

SwiftExplicitDependencyGeneratePcm arm64 /var/folders/pm/b8pk4ccj1fn9p16yp_t2xwtw0000gn/T/xcode-bench-dd-yypjhhwm/ModuleCache.noindex/os_object-52O95AGRO8F274YALE5N26JWP.pcm

SwiftExplicitDependencyGeneratePcm arm64 /var/folders/pm/b8pk4ccj1fn9p16yp_t2xwtw0000gn/T/xcode-bench-dd-yypjhhwm/ModuleCache.noindex/os_workgroup-76O0VJXKB1CNJPQJW0XV421YT.pcm

SwiftExplicitDependencyGeneratePcm arm64 /var/folders/pm/b8pk4ccj1fn9p16yp_t2xwtw0000gn/T/xcode-bench-dd-yypjhhwm/ModuleCache.noindex/Spatial-1X0PJ97HXE4N4JJYIJBQB6WY9.pcm

SwiftExplicitDependencyGeneratePcm arm64 /var/folders/pm/b8pk4ccj1fn9p16yp_t2xwtw0000gn/T/xcode-bench-dd-yypjhhwm/ModuleCache.noindex/Dispatch-7WYJI1IF5QNOIS0H11R69RK5Y.pcm

SwiftExplicitDependencyGeneratePcm arm64 /var/folders/pm/b8pk4ccj1fn9p16yp_t2xwtw0000gn/T/xcode-bench-dd-yypjhhwm/ModuleCache.noindex/dnssd-2W9IOVT8MXSDHA6USG9WEITRU.pcm

SwiftExplicitDependencyGeneratePcm arm64 /var/folders/pm/b8pk4ccj1fn9p16yp_t2xwtw0000gn/T/xcode-bench-dd-yypjhhwm/ModuleCache.noindex/CoreFoundation-7SDE7LLTBNC5FMFF87OLQ3EOR.pcm

SwiftExplicitDependencyGeneratePcm arm64 /var/folders/pm/b8pk4ccj1fn9p16yp_t2xwtw0000gn/T/xcode-bench-dd-yypjhhwm/ModuleCache.noindex/XPC-90QJEEZU2SY11ORZHG0FJCPW7.pcm

ConstructStubExecutorLinkFileList /var/folders/pm/b8pk4ccj1fn9p16yp_t2xwtw0000gn/T/xcode-bench-dd-yypjhhwm/Build/Intermediates.noindex/FieldHT.build/Debug-iphonesimulator/WidgetExtension.build/WidgetExtension-ExecutorLinkFileList-normal-arm64.txt (in target 'WidgetExtension' from project 'FieldHT')
    cd /Users/benjaminfaershtein/Documents/FieldHT
    construct-stub-executor-link-file-list /var/folders/pm/b8pk4ccj1fn9p16yp_t2xwtw0000gn/T/xcode-bench-dd-yypjhhwm/Build/Products/Debug-iphonesimulator/WidgetExtension.appex/WidgetExtension.debug.dylib /Applications/Xcode.app/Contents/Developer/Platforms/iPhoneSimulator.platform/Developer/usr/lib/libPreviewsJITStubExecutor_no_swift_entry_point.a /Applications/Xcode.app/Contents/Developer/Platforms/iPhoneSimulator.platform/Developer/usr/lib/libPreviewsJITStubExecutor.a --output /var/folders/pm/b8pk4ccj1fn9p16yp_t2xwtw0000gn/T/xcode-bench-dd-yypjhhwm/Build/Intermediates.noindex/FieldHT.build/Debug-iphonesimulator/WidgetExtension.build/WidgetExtension-ExecutorLinkFileList-normal-arm64.txt
note: Using stub executor library with Swift entry point. (in target 'WidgetExtension' from project 'FieldHT')

Ld /var/folders/pm/b8pk4ccj1fn9p16yp_t2xwtw0000gn/T/xcode-bench-dd-yypjhhwm/Build/Products/Debug-iphonesimulator/WidgetExtension.appex/WidgetExtension normal (in target 'WidgetExtension' from project 'FieldHT')
    cd /Users/benjaminfaershtein/Documents/FieldHT
    /Applications/Xcode.app/Contents/Developer/Toolchains/XcodeDefault.xctoolchain/usr/bin/clang -Xlinker -reproducible -target arm64-apple-ios26.0-simulator -isysroot /Applications/Xcode.app/Contents/Developer/Platforms/iPhoneSimulator.platform/Developer/SDKs/iPhoneSimulator26.0.sdk -O0 -L/var/folders/pm/b8pk4ccj1fn9p16yp_t2xwtw0000gn/T/xcode-bench-dd-yypjhhwm/Build/Products/Debug-iphonesimulator -F/var/folders/pm/b8pk4ccj1fn9p16yp_t2xwtw0000gn/T/xcode-bench-dd-yypjhhwm/Build/Products/Debug-iphonesimulator -Xlinker -rpath -Xlinker @executable_path -Xlinker -rpath -Xlinker @executable_path/Frameworks -Xlinker -rpath -Xlinker @executable_path/../../Frameworks -rdynamic -Xlinker -no_deduplicate -Xlinker -objc_abi_version -Xlinker 2 -e ___debug_blank_executor_main -Xlinker -sectcreate -Xlinker __TEXT -Xlinker __debug_dylib -Xlinker /var/folders/pm/b8pk4ccj1fn9p16yp_t2xwtw0000gn/T/xcode-bench-dd-yypjhhwm/Build/Intermediates.noindex/FieldHT.build/Debug-iphonesimulator/WidgetExtension.build/WidgetExtension-DebugDylibPath-normal-arm64.txt -Xlinker -sectcreate -Xlinker __TEXT -Xlinker __debug_entry -Xlinker /var/folders/pm/b8pk4ccj1fn9p16yp_t2xwtw0000gn/T/xcode-bench-dd-yypjhhwm/Build/Intermediates.noindex/FieldHT.build/Debug-iphonesimulator/WidgetExtension.build/WidgetExtension-DebugEntryPoint-normal-arm64.txt -Xlinker -sectcreate -Xlinker __TEXT -Xlinker __debug_instlnm -Xlinker /var/folders/pm/b8pk4ccj1fn9p16yp_t2xwtw0000gn/T/xcode-bench-dd-yypjhhwm/Build/Intermediates.noindex/FieldHT.build/Debug-iphonesimulator/WidgetExtension.build/WidgetExtension-DebugDylibInstallName-normal-arm64.txt -Xlinker -filelist -Xlinker /var/folders/pm/b8pk4ccj1fn9p16yp_t2xwtw0000gn/T/xcode-bench-dd-yypjhhwm/Build/Intermediates.noindex/FieldHT.build/Debug-iphonesimulator/WidgetExtension.build/WidgetExtension-ExecutorLinkFileList-normal-arm64.txt -Xlinker -sectcreate -Xlinker __TEXT -Xlinker __entitlements -Xlinker /var/folders/pm/b8pk4ccj1fn9p16yp_t2xwtw0000gn/T/xcode-bench-dd-yypjhhwm/Build/Intermediates.noindex/FieldHT.build/Debug-iphonesimulator/WidgetExtension.build/WidgetExtension.appex-Simulated.xcent -Xlinker -sectcreate -Xlinker __TEXT -Xlinker __ents_der -Xlinker /var/folders/pm/b8pk4ccj1fn9p16yp_t2xwtw0000gn/T/xcode-bench-dd-yypjhhwm/Build/Intermediates.noindex/FieldHT.build/Debug-iphonesimulator/WidgetExtension.build/WidgetExtension.appex-Simulated.xcent.der /var/folders/pm/b8pk4ccj1fn9p16yp_t2xwtw0000gn/T/xcode-bench-dd-yypjhhwm/Build/Products/Debug-iphonesimulator/WidgetExtension.appex/WidgetExtension.debug.dylib -Xlinker -no_adhoc_codesign -o /var/folders/pm/b8pk4ccj1fn9p16yp_t2xwtw0000gn/T/xcode-bench-dd-yypjhhwm/Build/Products/Debug-iphonesimulator/WidgetExtension.appex/WidgetExtension

SwiftExplicitDependencyGeneratePcm arm64 /var/folders/pm/b8pk4ccj1fn9p16yp_t2xwtw0000gn/T/xcode-bench-dd-yypjhhwm/ModuleCache.noindex/os-E1YKRCK9ED56T9JZ7PGNA5BJC.pcm

ExtractAppIntentsMetadata (in target 'WidgetExtension' from project 'FieldHT')
    cd /Users/benjaminfaershtein/Documents/FieldHT
    /Applications/Xcode.app/Contents/Developer/Toolchains/XcodeDefault.xctoolchain/usr/bin/appintentsmetadataprocessor --toolchain-dir /Applications/Xcode.app/Contents/Developer/Toolchains/XcodeDefault.xctoolchain --module-name WidgetExtension --sdk-root /Applications/Xcode.app/Contents/Developer/Platforms/iPhoneSimulator.platform/Developer/SDKs/iPhoneSimulator26.0.sdk --xcode-version 17A400 --platform-family iOS --deployment-target 26.0 --bundle-identifier BenFaer.FieldHT.Widget --output /var/folders/pm/b8pk4ccj1fn9p16yp_t2xwtw0000gn/T/xcode-bench-dd-yypjhhwm/Build/Products/Debug-iphonesimulator/WidgetExtension.appex --target-triple arm64-apple-ios26.0-simulator --binary-file /var/folders/pm/b8pk4ccj1fn9p16yp_t2xwtw0000gn/T/xcode-bench-dd-yypjhhwm/Build/Products/Debug-iphonesimulator/WidgetExtension.appex/WidgetExtension --dependency-file /var/folders/pm/b8pk4ccj1fn9p16yp_t2xwtw0000gn/T/xcode-bench-dd-yypjhhwm/Build/Intermediates.noindex/FieldHT.build/Debug-iphonesimulator/WidgetExtension.build/Objects-normal/arm64/WidgetExtension_dependency_info.dat --stringsdata-file /var/folders/pm/b8pk4ccj1fn9p16yp_t2xwtw0000gn/T/xcode-bench-dd-yypjhhwm/Build/Intermediates.noindex/FieldHT.build/Debug-iphonesimulator/WidgetExtension.build/Objects-normal/arm64/ExtractedAppShortcutsMetadata.stringsdata --source-file-list /var/folders/pm/b8pk4ccj1fn9p16yp_t2xwtw0000gn/T/xcode-bench-dd-yypjhhwm/Build/Intermediates.noindex/FieldHT.build/Debug-iphonesimulator/WidgetExtension.build/Objects-normal/arm64/WidgetExtension.SwiftFileList --metadata-file-list /var/folders/pm/b8pk4ccj1fn9p16yp_t2xwtw0000gn/T/xcode-bench-dd-yypjhhwm/Build/Intermediates.noindex/FieldHT.build/Debug-iphonesimulator/WidgetExtension.build/WidgetExtension.DependencyMetadataFileList --static-metadata-file-list /var/folders/pm/b8pk4ccj1fn9p16yp_t2xwtw0000gn/T/xcode-bench-dd-yypjhhwm/Build/Intermediates.noindex/FieldHT.build/Debug-iphonesimulator/WidgetExtension.build/WidgetExtension.DependencyStaticMetadataFileList --swift-const-vals-list /var/folders/pm/b8pk4ccj1fn9p16yp_t2xwtw0000gn/T/xcode-bench-dd-yypjhhwm/Build/Intermediates.noindex/FieldHT.build/Debug-iphonesimulator/WidgetExtension.build/Objects-normal/arm64/WidgetExtension.SwiftConstValuesFileList --compile-time-extraction --deployment-aware-processing --validate-assistant-intents --no-app-shortcuts-localization
2026-03-31 17:48:09.932 appintentsmetadataprocessor[80634:6314774] Starting appintentsmetadataprocessor export
2026-03-31 17:48:10.046 appintentsmetadataprocessor[80634:6314774] Writing Metadata.appintents
2026-03-31 17:48:10.046 appintentsmetadataprocessor[80634:6314774] Metadata root: /var/folders/pm/b8pk4ccj1fn9p16yp_t2xwtw0000gn/T/xcode-bench-dd-yypjhhwm/Build/Products/Debug-iphonesimulator/WidgetExtension.appex/Metadata.appintents

Ld /var/folders/pm/b8pk4ccj1fn9p16yp_t2xwtw0000gn/T/xcode-bench-dd-yypjhhwm/Build/Products/Debug-iphonesimulator/FieldHT.app/__preview.dylib normal (in target 'FieldHT' from project 'FieldHT')
    cd /Users/benjaminfaershtein/Documents/FieldHT
    /Applications/Xcode.app/Contents/Developer/Toolchains/XcodeDefault.xctoolchain/usr/bin/clang -Xlinker -reproducible -target arm64-apple-ios26.0-simulator -dynamiclib -isysroot /Applications/Xcode.app/Contents/Developer/Platforms/iPhoneSimulator.platform/Developer/SDKs/iPhoneSimulator26.0.sdk -O0 -L/var/folders/pm/b8pk4ccj1fn9p16yp_t2xwtw0000gn/T/xcode-bench-dd-yypjhhwm/Build/Products/Debug-iphonesimulator -F/var/folders/pm/b8pk4ccj1fn9p16yp_t2xwtw0000gn/T/xcode-bench-dd-yypjhhwm/Build/Products/Debug-iphonesimulator/PackageFrameworks -F/var/folders/pm/b8pk4ccj1fn9p16yp_t2xwtw0000gn/T/xcode-bench-dd-yypjhhwm/Build/Products/Debug-iphonesimulator -install_name @rpath/FieldHT.debug.dylib -dead_strip -rdynamic -Xlinker -no_deduplicate -Xlinker -objc_abi_version -Xlinker 2 -Xlinker -dependency_info -Xlinker /var/folders/pm/b8pk4ccj1fn9p16yp_t2xwtw0000gn/T/xcode-bench-dd-yypjhhwm/Build/Intermediates.noindex/FieldHT.build/Debug-iphonesimulator/FieldHT.build/Objects-normal/arm64/FieldHT_dependency_info.dat -Xlinker -sectcreate -Xlinker __TEXT -Xlinker __entitlements -Xlinker /var/folders/pm/b8pk4ccj1fn9p16yp_t2xwtw0000gn/T/xcode-bench-dd-yypjhhwm/Build/Intermediates.noindex/FieldHT.build/Debug-iphonesimulator/FieldHT.build/FieldHT.app-Simulated.xcent -Xlinker -sectcreate -Xlinker __TEXT -Xlinker __ents_der -Xlinker /var/folders/pm/b8pk4ccj1fn9p16yp_t2xwtw0000gn/T/xcode-bench-dd-yypjhhwm/Build/Intermediates.noindex/FieldHT.build/Debug-iphonesimulator/FieldHT.build/FieldHT.app-Simulated.xcent.der -Xlinker -no_adhoc_codesign -o /var/folders/pm/b8pk4ccj1fn9p16yp_t2xwtw0000gn/T/xcode-bench-dd-yypjhhwm/Build/Products/Debug-iphonesimulator/FieldHT.app/__preview.dylib

SwiftExplicitDependencyGeneratePcm arm64 /var/folders/pm/b8pk4ccj1fn9p16yp_t2xwtw0000gn/T/xcode-bench-dd-yypjhhwm/ModuleCache.noindex/CoreGraphics-2ICTK30CX80NER14LXK12GHRM.pcm

SwiftExplicitDependencyGeneratePcm arm64 /var/folders/pm/b8pk4ccj1fn9p16yp_t2xwtw0000gn/T/xcode-bench-dd-yypjhhwm/ModuleCache.noindex/CFNetwork-2Q7HS6KI42X5WCOGGK4QVTSOR.pcm

SwiftExplicitDependencyGeneratePcm arm64 /var/folders/pm/b8pk4ccj1fn9p16yp_t2xwtw0000gn/T/xcode-bench-dd-yypjhhwm/ModuleCache.noindex/Security-7L9ZP9N6BPEZ4FKG6SKQUMI1N.pcm

SwiftExplicitDependencyGeneratePcm arm64 /var/folders/pm/b8pk4ccj1fn9p16yp_t2xwtw0000gn/T/xcode-bench-dd-yypjhhwm/ModuleCache.noindex/Foundation-D6MBMNRBBDOU3GBQK378ARJOS.pcm

SwiftExplicitDependencyGeneratePcm arm64 /var/folders/pm/b8pk4ccj1fn9p16yp_t2xwtw0000gn/T/xcode-bench-dd-yypjhhwm/ModuleCache.noindex/ImageIO-8S8THSGZYVVQXVELO8M84U8E3.pcm

SwiftExplicitDependencyGeneratePcm arm64 /var/folders/pm/b8pk4ccj1fn9p16yp_t2xwtw0000gn/T/xcode-bench-dd-yypjhhwm/ModuleCache.noindex/CoreText-7MZXND3SMEQWTU9AB5GHF4GX1.pcm

AppIntentsSSUTraining (in target 'WidgetExtension' from project 'FieldHT')
    cd /Users/benjaminfaershtein/Documents/FieldHT
    /Applications/Xcode.app/Contents/Developer/Toolchains/XcodeDefault.xctoolchain/usr/bin/appintentsnltrainingprocessor --infoplist-path /var/folders/pm/b8pk4ccj1fn9p16yp_t2xwtw0000gn/T/xcode-bench-dd-yypjhhwm/Build/Products/Debug-iphonesimulator/WidgetExtension.appex/Info.plist --temp-dir-path /var/folders/pm/b8pk4ccj1fn9p16yp_t2xwtw0000gn/T/xcode-bench-dd-yypjhhwm/Build/Intermediates.noindex/FieldHT.build/Debug-iphonesimulator/WidgetExtension.build/ssu --bundle-id BenFaer.FieldHT.Widget --product-path /var/folders/pm/b8pk4ccj1fn9p16yp_t2xwtw0000gn/T/xcode-bench-dd-yypjhhwm/Build/Products/Debug-iphonesimulator/WidgetExtension.appex --extracted-metadata-path /var/folders/pm/b8pk4ccj1fn9p16yp_t2xwtw0000gn/T/xcode-bench-dd-yypjhhwm/Build/Products/Debug-iphonesimulator/WidgetExtension.appex/Metadata.appintents --metadata-file-list /var/folders/pm/b8pk4ccj1fn9p16yp_t2xwtw0000gn/T/xcode-bench-dd-yypjhhwm/Build/Intermediates.noindex/FieldHT.build/Debug-iphonesimulator/WidgetExtension.build/WidgetExtension.DependencyMetadataFileList --archive-ssu-assets
2026-03-31 17:48:10.069 appintentsnltrainingprocessor[80644:6314802] Parsing options for appintentsnltrainingprocessor
2026-03-31 17:48:10.069 appintentsnltrainingprocessor[80644:6314802] Starting AppIntents SSU YAML Generation
2026-03-31 17:48:10.077 appintentsnltrainingprocessor[80644:6314802] No AppShortcuts found - Skipping.

CodeSign /var/folders/pm/b8pk4ccj1fn9p16yp_t2xwtw0000gn/T/xcode-bench-dd-yypjhhwm/Build/Products/Debug-iphonesimulator/WidgetExtension.appex/WidgetExtension.debug.dylib (in target 'WidgetExtension' from project 'FieldHT')
    cd /Users/benjaminfaershtein/Documents/FieldHT
    
    Signing Identity:     "Sign to Run Locally"
    
    /usr/bin/codesign --force --sign - --timestamp\=none --generate-entitlement-der /var/folders/pm/b8pk4ccj1fn9p16yp_t2xwtw0000gn/T/xcode-bench-dd-yypjhhwm/Build/Products/Debug-iphonesimulator/WidgetExtension.appex/WidgetExtension.debug.dylib

CodeSign /var/folders/pm/b8pk4ccj1fn9p16yp_t2xwtw0000gn/T/xcode-bench-dd-yypjhhwm/Build/Products/Debug-iphonesimulator/WidgetExtension.appex/__preview.dylib (in target 'WidgetExtension' from project 'FieldHT')
    cd /Users/benjaminfaershtein/Documents/FieldHT
    
    Signing Identity:     "Sign to Run Locally"
    
    /usr/bin/codesign --force --sign - --timestamp\=none --generate-entitlement-der /var/folders/pm/b8pk4ccj1fn9p16yp_t2xwtw0000gn/T/xcode-bench-dd-yypjhhwm/Build/Products/Debug-iphonesimulator/WidgetExtension.appex/__preview.dylib

CodeSign /var/folders/pm/b8pk4ccj1fn9p16yp_t2xwtw0000gn/T/xcode-bench-dd-yypjhhwm/Build/Products/Debug-iphonesimulator/WidgetExtension.appex (in target 'WidgetExtension' from project 'FieldHT')
    cd /Users/benjaminfaershtein/Documents/FieldHT
    
    Signing Identity:     "Sign to Run Locally"
    
    /usr/bin/codesign --force --sign - --timestamp\=none --generate-entitlement-der /var/folders/pm/b8pk4ccj1fn9p16yp_t2xwtw0000gn/T/xcode-bench-dd-yypjhhwm/Build/Products/Debug-iphonesimulator/WidgetExtension.appex

RegisterExecutionPolicyException /var/folders/pm/b8pk4ccj1fn9p16yp_t2xwtw0000gn/T/xcode-bench-dd-yypjhhwm/Build/Products/Debug-iphonesimulator/WidgetExtension.appex (in target 'WidgetExtension' from project 'FieldHT')
    cd /Users/benjaminfaershtein/Documents/FieldHT
    builtin-RegisterExecutionPolicyException /var/folders/pm/b8pk4ccj1fn9p16yp_t2xwtw0000gn/T/xcode-bench-dd-yypjhhwm/Build/Products/Debug-iphonesimulator/WidgetExtension.appex

Touch /var/folders/pm/b8pk4ccj1fn9p16yp_t2xwtw0000gn/T/xcode-bench-dd-yypjhhwm/Build/Products/Debug-iphonesimulator/WidgetExtension.appex (in target 'WidgetExtension' from project 'FieldHT')
    cd /Users/benjaminfaershtein/Documents/FieldHT
    /usr/bin/touch -c /var/folders/pm/b8pk4ccj1fn9p16yp_t2xwtw0000gn/T/xcode-bench-dd-yypjhhwm/Build/Products/Debug-iphonesimulator/WidgetExtension.appex

CopyPNGFile /var/folders/pm/b8pk4ccj1fn9p16yp_t2xwtw0000gn/T/xcode-bench-dd-yypjhhwm/Build/Products/Debug-iphonesimulator/FieldHT.app/wildcards.png /Users/benjaminfaershtein/Documents/FieldHT/FieldHT/Resources/APRSSymbols/wildcards.png (in target 'FieldHT' from project 'FieldHT')
    cd /Users/benjaminfaershtein/Documents/FieldHT
    /Applications/Xcode.app/Contents/Developer/usr/bin/copypng -compress -strip-PNG-text /Users/benjaminfaershtein/Documents/FieldHT/FieldHT/Resources/APRSSymbols/wildcards.png /var/folders/pm/b8pk4ccj1fn9p16yp_t2xwtw0000gn/T/xcode-bench-dd-yypjhhwm/Build/Products/Debug-iphonesimulator/FieldHT.app/wildcards.png

CpResource /var/folders/pm/b8pk4ccj1fn9p16yp_t2xwtw0000gn/T/xcode-bench-dd-yypjhhwm/Build/Products/Debug-iphonesimulator/FieldHT.app/README.md /Users/benjaminfaershtein/Documents/FieldHT/FieldHT/Protocol/README.md (in target 'FieldHT' from project 'FieldHT')
    cd /Users/benjaminfaershtein/Documents/FieldHT
    builtin-copy -exclude .DS_Store -exclude CVS -exclude .svn -exclude .git -exclude .hg -resolve-src-symlinks /Users/benjaminfaershtein/Documents/FieldHT/FieldHT/Protocol/README.md /var/folders/pm/b8pk4ccj1fn9p16yp_t2xwtw0000gn/T/xcode-bench-dd-yypjhhwm/Build/Products/Debug-iphonesimulator/FieldHT.app

CopyPNGFile /var/folders/pm/b8pk4ccj1fn9p16yp_t2xwtw0000gn/T/xcode-bench-dd-yypjhhwm/Build/Products/Debug-iphonesimulator/FieldHT.app/SY.png /Users/benjaminfaershtein/Documents/FieldHT/FieldHT/Resources/APRSSymbols/SY.png (in target 'FieldHT' from project 'FieldHT')
    cd /Users/benjaminfaershtein/Documents/FieldHT
    /Applications/Xcode.app/Contents/Developer/usr/bin/copypng -compress -strip-PNG-text /Users/benjaminfaershtein/Documents/FieldHT/FieldHT/Resources/APRSSymbols/SY.png /var/folders/pm/b8pk4ccj1fn9p16yp_t2xwtw0000gn/T/xcode-bench-dd-yypjhhwm/Build/Products/Debug-iphonesimulator/FieldHT.app/SY.png

CopyPNGFile /var/folders/pm/b8pk4ccj1fn9p16yp_t2xwtw0000gn/T/xcode-bench-dd-yypjhhwm/Build/Products/Debug-iphonesimulator/FieldHT.app/SZ.png /Users/benjaminfaershtein/Documents/FieldHT/FieldHT/Resources/APRSSymbols/SZ.png (in target 'FieldHT' from project 'FieldHT')
    cd /Users/benjaminfaershtein/Documents/FieldHT
    /Applications/Xcode.app/Contents/Developer/usr/bin/copypng -compress -strip-PNG-text /Users/benjaminfaershtein/Documents/FieldHT/FieldHT/Resources/APRSSymbols/SZ.png /var/folders/pm/b8pk4ccj1fn9p16yp_t2xwtw0000gn/T/xcode-bench-dd-yypjhhwm/Build/Products/Debug-iphonesimulator/FieldHT.app/SZ.png

CopyPNGFile /var/folders/pm/b8pk4ccj1fn9p16yp_t2xwtw0000gn/T/xcode-bench-dd-yypjhhwm/Build/Products/Debug-iphonesimulator/FieldHT.app/SW.png /Users/benjaminfaershtein/Documents/FieldHT/FieldHT/Resources/APRSSymbols/SW.png (in target 'FieldHT' from project 'FieldHT')
    cd /Users/benjaminfaershtein/Documents/FieldHT
    /Applications/Xcode.app/Contents/Developer/usr/bin/copypng -compress -strip-PNG-text /Users/benjaminfaershtein/Documents/FieldHT/FieldHT/Resources/APRSSymbols/SW.png /var/folders/pm/b8pk4ccj1fn9p16yp_t2xwtw0000gn/T/xcode-bench-dd-yypjhhwm/Build/Products/Debug-iphonesimulator/FieldHT.app/SW.png

CopyPNGFile /var/folders/pm/b8pk4ccj1fn9p16yp_t2xwtw0000gn/T/xcode-bench-dd-yypjhhwm/Build/Products/Debug-iphonesimulator/FieldHT.app/SV.png /Users/benjaminfaershtein/Documents/FieldHT/FieldHT/Resources/APRSSymbols/SV.png (in target 'FieldHT' from project 'FieldHT')
    cd /Users/benjaminfaershtein/Documents/FieldHT
    /Applications/Xcode.app/Contents/Developer/usr/bin/copypng -compress -strip-PNG-text /Users/benjaminfaershtein/Documents/FieldHT/FieldHT/Resources/APRSSymbols/SV.png /var/folders/pm/b8pk4ccj1fn9p16yp_t2xwtw0000gn/T/xcode-bench-dd-yypjhhwm/Build/Products/Debug-iphonesimulator/FieldHT.app/SV.png

CopyPNGFile /var/folders/pm/b8pk4ccj1fn9p16yp_t2xwtw0000gn/T/xcode-bench-dd-yypjhhwm/Build/Products/Debug-iphonesimulator/FieldHT.app/SU.png /Users/benjaminfaershtein/Documents/FieldHT/FieldHT/Resources/APRSSymbols/SU.png (in target 'FieldHT' from project 'FieldHT')
    cd /Users/benjaminfaershtein/Documents/FieldHT
    /Applications/Xcode.app/Contents/Developer/usr/bin/copypng -compress -strip-PNG-text /Users/benjaminfaershtein/Documents/FieldHT/FieldHT/Resources/APRSSymbols/SU.png /var/folders/pm/b8pk4ccj1fn9p16yp_t2xwtw0000gn/T/xcode-bench-dd-yypjhhwm/Build/Products/Debug-iphonesimulator/FieldHT.app/SU.png

CopyPNGFile /var/folders/pm/b8pk4ccj1fn9p16yp_t2xwtw0000gn/T/xcode-bench-dd-yypjhhwm/Build/Products/Debug-iphonesimulator/FieldHT.app/ST.png /Users/benjaminfaershtein/Documents/FieldHT/FieldHT/Resources/APRSSymbols/ST.png (in target 'FieldHT' from project 'FieldHT')
    cd /Users/benjaminfaershtein/Documents/FieldHT
    /Applications/Xcode.app/Contents/Developer/usr/bin/copypng -compress -strip-PNG-text /Users/benjaminfaershtein/Documents/FieldHT/FieldHT/Resources/APRSSymbols/ST.png /var/folders/pm/b8pk4ccj1fn9p16yp_t2xwtw0000gn/T/xcode-bench-dd-yypjhhwm/Build/Products/Debug-iphonesimulator/FieldHT.app/ST.png

CopyPNGFile /var/folders/pm/b8pk4ccj1fn9p16yp_t2xwtw0000gn/T/xcode-bench-dd-yypjhhwm/Build/Products/Debug-iphonesimulator/FieldHT.app/SS.png /Users/benjaminfaershtein/Documents/FieldHT/FieldHT/Resources/APRSSymbols/SS.png (in target 'FieldHT' from project 'FieldHT')
    cd /Users/benjaminfaershtein/Documents/FieldHT
    /Applications/Xcode.app/Contents/Developer/usr/bin/copypng -compress -strip-PNG-text /Users/benjaminfaershtein/Documents/FieldHT/FieldHT/Resources/APRSSymbols/SS.png /var/folders/pm/b8pk4ccj1fn9p16yp_t2xwtw0000gn/T/xcode-bench-dd-yypjhhwm/Build/Products/Debug-iphonesimulator/FieldHT.app/SS.png

CopyPNGFile /var/folders/pm/b8pk4ccj1fn9p16yp_t2xwtw0000gn/T/xcode-bench-dd-yypjhhwm/Build/Products/Debug-iphonesimulator/FieldHT.app/SR.png /Users/benjaminfaershtein/Documents/FieldHT/FieldHT/Resources/APRSSymbols/SR.png (in target 'FieldHT' from project 'FieldHT')
    cd /Users/benjaminfaershtein/Documents/FieldHT
    /Applications/Xcode.app/Contents/Developer/usr/bin/copypng -compress -strip-PNG-text /Users/benjaminfaershtein/Documents/FieldHT/FieldHT/Resources/APRSSymbols/SR.png /var/folders/pm/b8pk4ccj1fn9p16yp_t2xwtw0000gn/T/xcode-bench-dd-yypjhhwm/Build/Products/Debug-iphonesimulator/FieldHT.app/SR.png

CopyPNGFile /var/folders/pm/b8pk4ccj1fn9p16yp_t2xwtw0000gn/T/xcode-bench-dd-yypjhhwm/Build/Products/Debug-iphonesimulator/FieldHT.app/SP.png /Users/benjaminfaershtein/Documents/FieldHT/FieldHT/Resources/APRSSymbols/SP.png (in target 'FieldHT' from project 'FieldHT')
    cd /Users/benjaminfaershtein/Documents/FieldHT
    /Applications/Xcode.app/Contents/Developer/usr/bin/copypng -compress -strip-PNG-text /Users/benjaminfaershtein/Documents/FieldHT/FieldHT/Resources/APRSSymbols/SP.png /var/folders/pm/b8pk4ccj1fn9p16yp_t2xwtw0000gn/T/xcode-bench-dd-yypjhhwm/Build/Products/Debug-iphonesimulator/FieldHT.app/SP.png

CopyPNGFile /var/folders/pm/b8pk4ccj1fn9p16yp_t2xwtw0000gn/T/xcode-bench-dd-yypjhhwm/Build/Products/Debug-iphonesimulator/FieldHT.app/SO.png /Users/benjaminfaershtein/Documents/FieldHT/FieldHT/Resources/APRSSymbols/SO.png (in target 'FieldHT' from project 'FieldHT')
    cd /Users/benjaminfaershtein/Documents/FieldHT
    /Applications/Xcode.app/Contents/Developer/usr/bin/copypng -compress -strip-PNG-text /Users/benjaminfaershtein/Documents/FieldHT/FieldHT/Resources/APRSSymbols/SO.png /var/folders/pm/b8pk4ccj1fn9p16yp_t2xwtw0000gn/T/xcode-bench-dd-yypjhhwm/Build/Products/Debug-iphonesimulator/FieldHT.app/SO.png

CopyPNGFile /var/folders/pm/b8pk4ccj1fn9p16yp_t2xwtw0000gn/T/xcode-bench-dd-yypjhhwm/Build/Products/Debug-iphonesimulator/FieldHT.app/SN.png /Users/benjaminfaershtein/Documents/FieldHT/FieldHT/Resources/APRSSymbols/SN.png (in target 'FieldHT' from project 'FieldHT')
    cd /Users/benjaminfaershtein/Documents/FieldHT
    /Applications/Xcode.app/Contents/Developer/usr/bin/copypng -compress -strip-PNG-text /Users/benjaminfaershtein/Documents/FieldHT/FieldHT/Resources/APRSSymbols/SN.png /var/folders/pm/b8pk4ccj1fn9p16yp_t2xwtw0000gn/T/xcode-bench-dd-yypjhhwm/Build/Products/Debug-iphonesimulator/FieldHT.app/SN.png

CopyPNGFile /var/folders/pm/b8pk4ccj1fn9p16yp_t2xwtw0000gn/T/xcode-bench-dd-yypjhhwm/Build/Products/Debug-iphonesimulator/FieldHT.app/SM.png /Users/benjaminfaershtein/Documents/FieldHT/FieldHT/Resources/APRSSymbols/SM.png (in target 'FieldHT' from project 'FieldHT')
    cd /Users/benjaminfaershtein/Documents/FieldHT
    /Applications/Xcode.app/Contents/Developer/usr/bin/copypng -compress -strip-PNG-text /Users/benjaminfaershtein/Documents/FieldHT/FieldHT/Resources/APRSSymbols/SM.png /var/folders/pm/b8pk4ccj1fn9p16yp_t2xwtw0000gn/T/xcode-bench-dd-yypjhhwm/Build/Products/Debug-iphonesimulator/FieldHT.app/SM.png

CopyPNGFile /var/folders/pm/b8pk4ccj1fn9p16yp_t2xwtw0000gn/T/xcode-bench-dd-yypjhhwm/Build/Products/Debug-iphonesimulator/FieldHT.app/SK.png /Users/benjaminfaershtein/Documents/FieldHT/FieldHT/Resources/APRSSymbols/SK.png (in target 'FieldHT' from project 'FieldHT')
    cd /Users/benjaminfaershtein/Documents/FieldHT
    /Applications/Xcode.app/Contents/Developer/usr/bin/copypng -compress -strip-PNG-text /Users/benjaminfaershtein/Documents/FieldHT/FieldHT/Resources/APRSSymbols/SK.png /var/folders/pm/b8pk4ccj1fn9p16yp_t2xwtw0000gn/T/xcode-bench-dd-yypjhhwm/Build/Products/Debug-iphonesimulator/FieldHT.app/SK.png

CopyPNGFile /var/folders/pm/b8pk4ccj1fn9p16yp_t2xwtw0000gn/T/xcode-bench-dd-yypjhhwm/Build/Products/Debug-iphonesimulator/FieldHT.app/SJ.png /Users/benjaminfaershtein/Documents/FieldHT/FieldHT/Resources/APRSSymbols/SJ.png (in target 'FieldHT' from project 'FieldHT')
    cd /Users/benjaminfaershtein/Documents/FieldHT
    /Applications/Xcode.app/Contents/Developer/usr/bin/copypng -compress -strip-PNG-text /Users/benjaminfaershtein/Documents/FieldHT/FieldHT/Resources/APRSSymbols/SJ.png /var/folders/pm/b8pk4ccj1fn9p16yp_t2xwtw0000gn/T/xcode-bench-dd-yypjhhwm/Build/Products/Debug-iphonesimulator/FieldHT.app/SJ.png

CopyPNGFile /var/folders/pm/b8pk4ccj1fn9p16yp_t2xwtw0000gn/T/xcode-bench-dd-yypjhhwm/Build/Products/Debug-iphonesimulator/FieldHT.app/SI.png /Users/benjaminfaershtein/Documents/FieldHT/FieldHT/Resources/APRSSymbols/SI.png (in target 'FieldHT' from project 'FieldHT')
    cd /Users/benjaminfaershtein/Documents/FieldHT
    /Applications/Xcode.app/Contents/Developer/usr/bin/copypng -compress -strip-PNG-text /Users/benjaminfaershtein/Documents/FieldHT/FieldHT/Resources/APRSSymbols/SI.png /var/folders/pm/b8pk4ccj1fn9p16yp_t2xwtw0000gn/T/xcode-bench-dd-yypjhhwm/Build/Products/Debug-iphonesimulator/FieldHT.app/SI.png

CopyPNGFile /var/folders/pm/b8pk4ccj1fn9p16yp_t2xwtw0000gn/T/xcode-bench-dd-yypjhhwm/Build/Products/Debug-iphonesimulator/FieldHT.app/SH.png /Users/benjaminfaershtein/Documents/FieldHT/FieldHT/Resources/APRSSymbols/SH.png (in target 'FieldHT' from project 'FieldHT')
    cd /Users/benjaminfaershtein/Documents/FieldHT
    /Applications/Xcode.app/Contents/Developer/usr/bin/copypng -compress -strip-PNG-text /Users/benjaminfaershtein/Documents/FieldHT/FieldHT/Resources/APRSSymbols/SH.png /var/folders/pm/b8pk4ccj1fn9p16yp_t2xwtw0000gn/T/xcode-bench-dd-yypjhhwm/Build/Products/Debug-iphonesimulator/FieldHT.app/SH.png

CopyPNGFile /var/folders/pm/b8pk4ccj1fn9p16yp_t2xwtw0000gn/T/xcode-bench-dd-yypjhhwm/Build/Products/Debug-iphonesimulator/FieldHT.app/SG.png /Users/benjaminfaershtein/Documents/FieldHT/FieldHT/Resources/APRSSymbols/SG.png (in target 'FieldHT' from project 'FieldHT')
    cd /Users/benjaminfaershtein/Documents/FieldHT
    /Applications/Xcode.app/Contents/Developer/usr/bin/copypng -compress -strip-PNG-text /Users/benjaminfaershtein/Documents/FieldHT/FieldHT/Resources/APRSSymbols/SG.png /var/folders/pm/b8pk4ccj1fn9p16yp_t2xwtw0000gn/T/xcode-bench-dd-yypjhhwm/Build/Products/Debug-iphonesimulator/FieldHT.app/SG.png

CopyPNGFile /var/folders/pm/b8pk4ccj1fn9p16yp_t2xwtw0000gn/T/xcode-bench-dd-yypjhhwm/Build/Products/Debug-iphonesimulator/FieldHT.app/SF.png /Users/benjaminfaershtein/Documents/FieldHT/FieldHT/Resources/APRSSymbols/SF.png (in target 'FieldHT' from project 'FieldHT')
    cd /Users/benjaminfaershtein/Documents/FieldHT
    /Applications/Xcode.app/Contents/Developer/usr/bin/copypng -compress -strip-PNG-text /Users/benjaminfaershtein/Documents/FieldHT/FieldHT/Resources/APRSSymbols/SF.png /var/folders/pm/b8pk4ccj1fn9p16yp_t2xwtw0000gn/T/xcode-bench-dd-yypjhhwm/Build/Products/Debug-iphonesimulator/FieldHT.app/SF.png

CopyPNGFile /var/folders/pm/b8pk4ccj1fn9p16yp_t2xwtw0000gn/T/xcode-bench-dd-yypjhhwm/Build/Products/Debug-iphonesimulator/FieldHT.app/SE.png /Users/benjaminfaershtein/Documents/FieldHT/FieldHT/Resources/APRSSymbols/SE.png (in target 'FieldHT' from project 'FieldHT')
    cd /Users/benjaminfaershtein/Documents/FieldHT
    /Applications/Xcode.app/Contents/Developer/usr/bin/copypng -compress -strip-PNG-text /Users/benjaminfaershtein/Documents/FieldHT/FieldHT/Resources/APRSSymbols/SE.png /var/folders/pm/b8pk4ccj1fn9p16yp_t2xwtw0000gn/T/xcode-bench-dd-yypjhhwm/Build/Products/Debug-iphonesimulator/FieldHT.app/SE.png

CopyPNGFile /var/folders/pm/b8pk4ccj1fn9p16yp_t2xwtw0000gn/T/xcode-bench-dd-yypjhhwm/Build/Products/Debug-iphonesimulator/FieldHT.app/SD.png /Users/benjaminfaershtein/Documents/FieldHT/FieldHT/Resources/APRSSymbols/SD.png (in target 'FieldHT' from project 'FieldHT')
    cd /Users/benjaminfaershtein/Documents/FieldHT
    /Applications/Xcode.app/Contents/Developer/usr/bin/copypng -compress -strip-PNG-text /Users/benjaminfaershtein/Documents/FieldHT/FieldHT/Resources/APRSSymbols/SD.png /var/folders/pm/b8pk4ccj1fn9p16yp_t2xwtw0000gn/T/xcode-bench-dd-yypjhhwm/Build/Products/Debug-iphonesimulator/FieldHT.app/SD.png

CopyPNGFile /var/folders/pm/b8pk4ccj1fn9p16yp_t2xwtw0000gn/T/xcode-bench-dd-yypjhhwm/Build/Products/Debug-iphonesimulator/FieldHT.app/SC.png /Users/benjaminfaershtein/Documents/FieldHT/FieldHT/Resources/APRSSymbols/SC.png (in target 'FieldHT' from project 'FieldHT')
    cd /Users/benjaminfaershtein/Documents/FieldHT
    /Applications/Xcode.app/Contents/Developer/usr/bin/copypng -compress -strip-PNG-text /Users/benjaminfaershtein/Documents/FieldHT/FieldHT/Resources/APRSSymbols/SC.png /var/folders/pm/b8pk4ccj1fn9p16yp_t2xwtw0000gn/T/xcode-bench-dd-yypjhhwm/Build/Products/Debug-iphonesimulator/FieldHT.app/SC.png

CopyPNGFile /var/folders/pm/b8pk4ccj1fn9p16yp_t2xwtw0000gn/T/xcode-bench-dd-yypjhhwm/Build/Products/Debug-iphonesimulator/FieldHT.app/SB.png /Users/benjaminfaershtein/Documents/FieldHT/FieldHT/Resources/APRSSymbols/SB.png (in target 'FieldHT' from project 'FieldHT')
    cd /Users/benjaminfaershtein/Documents/FieldHT
    /Applications/Xcode.app/Contents/Developer/usr/bin/copypng -compress -strip-PNG-text /Users/benjaminfaershtein/Documents/FieldHT/FieldHT/Resources/APRSSymbols/SB.png /var/folders/pm/b8pk4ccj1fn9p16yp_t2xwtw0000gn/T/xcode-bench-dd-yypjhhwm/Build/Products/Debug-iphonesimulator/FieldHT.app/SB.png

CopyPNGFile /var/folders/pm/b8pk4ccj1fn9p16yp_t2xwtw0000gn/T/xcode-bench-dd-yypjhhwm/Build/Products/Debug-iphonesimulator/FieldHT.app/SA.png /Users/benjaminfaershtein/Documents/FieldHT/FieldHT/Resources/APRSSymbols/SA.png (in target 'FieldHT' from project 'FieldHT')
    cd /Users/benjaminfaershtein/Documents/FieldHT
    /Applications/Xcode.app/Contents/Developer/usr/bin/copypng -compress -strip-PNG-text /Users/benjaminfaershtein/Documents/FieldHT/FieldHT/Resources/APRSSymbols/SA.png /var/folders/pm/b8pk4ccj1fn9p16yp_t2xwtw0000gn/T/xcode-bench-dd-yypjhhwm/Build/Products/Debug-iphonesimulator/FieldHT.app/SA.png

CopyPNGFile /var/folders/pm/b8pk4ccj1fn9p16yp_t2xwtw0000gn/T/xcode-bench-dd-yypjhhwm/Build/Products/Debug-iphonesimulator/FieldHT.app/Q1.png /Users/benjaminfaershtein/Documents/FieldHT/FieldHT/Resources/APRSSymbols/Q1.png (in target 'FieldHT' from project 'FieldHT')
    cd /Users/benjaminfaershtein/Documents/FieldHT
    /Applications/Xcode.app/Contents/Developer/usr/bin/copypng -compress -strip-PNG-text /Users/benjaminfaershtein/Documents/FieldHT/FieldHT/Resources/APRSSymbols/Q1.png /var/folders/pm/b8pk4ccj1fn9p16yp_t2xwtw0000gn/T/xcode-bench-dd-yypjhhwm/Build/Products/Debug-iphonesimulator/FieldHT.app/Q1.png

CopyPNGFile /var/folders/pm/b8pk4ccj1fn9p16yp_t2xwtw0000gn/T/xcode-bench-dd-yypjhhwm/Build/Products/Debug-iphonesimulator/FieldHT.app/PZ.png /Users/benjaminfaershtein/Documents/FieldHT/FieldHT/Resources/APRSSymbols/PZ.png (in target 'FieldHT' from project 'FieldHT')
    cd /Users/benjaminfaershtein/Documents/FieldHT
    /Applications/Xcode.app/Contents/Developer/usr/bin/copypng -compress -strip-PNG-text /Users/benjaminfaershtein/Documents/FieldHT/FieldHT/Resources/APRSSymbols/PZ.png /var/folders/pm/b8pk4ccj1fn9p16yp_t2xwtw0000gn/T/xcode-bench-dd-yypjhhwm/Build/Products/Debug-iphonesimulator/FieldHT.app/PZ.png

CopyPNGFile /var/folders/pm/b8pk4ccj1fn9p16yp_t2xwtw0000gn/T/xcode-bench-dd-yypjhhwm/Build/Products/Debug-iphonesimulator/FieldHT.app/PY.png /Users/benjaminfaershtein/Documents/FieldHT/FieldHT/Resources/APRSSymbols/PY.png (in target 'FieldHT' from project 'FieldHT')
    cd /Users/benjaminfaershtein/Documents/FieldHT
    /Applications/Xcode.app/Contents/Developer/usr/bin/copypng -compress -strip-PNG-text /Users/benjaminfaershtein/Documents/FieldHT/FieldHT/Resources/APRSSymbols/PY.png /var/folders/pm/b8pk4ccj1fn9p16yp_t2xwtw0000gn/T/xcode-bench-dd-yypjhhwm/Build/Products/Debug-iphonesimulator/FieldHT.app/PY.png

CopyPNGFile /var/folders/pm/b8pk4ccj1fn9p16yp_t2xwtw0000gn/T/xcode-bench-dd-yypjhhwm/Build/Products/Debug-iphonesimulator/FieldHT.app/PX.png /Users/benjaminfaershtein/Documents/FieldHT/FieldHT/Resources/APRSSymbols/PX.png (in target 'FieldHT' from project 'FieldHT')
    cd /Users/benjaminfaershtein/Documents/FieldHT
    /Applications/Xcode.app/Contents/Developer/usr/bin/copypng -compress -strip-PNG-text /Users/benjaminfaershtein/Documents/FieldHT/FieldHT/Resources/APRSSymbols/PX.png /var/folders/pm/b8pk4ccj1fn9p16yp_t2xwtw0000gn/T/xcode-bench-dd-yypjhhwm/Build/Products/Debug-iphonesimulator/FieldHT.app/PX.png

CopyPNGFile /var/folders/pm/b8pk4ccj1fn9p16yp_t2xwtw0000gn/T/xcode-bench-dd-yypjhhwm/Build/Products/Debug-iphonesimulator/FieldHT.app/PW.png /Users/benjaminfaershtein/Documents/FieldHT/FieldHT/Resources/APRSSymbols/PW.png (in target 'FieldHT' from project 'FieldHT')
    cd /Users/benjaminfaershtein/Documents/FieldHT
    /Applications/Xcode.app/Contents/Developer/usr/bin/copypng -compress -strip-PNG-text /Users/benjaminfaershtein/Documents/FieldHT/FieldHT/Resources/APRSSymbols/PW.png /var/folders/pm/b8pk4ccj1fn9p16yp_t2xwtw0000gn/T/xcode-bench-dd-yypjhhwm/Build/Products/Debug-iphonesimulator/FieldHT.app/PW.png

CopyPNGFile /var/folders/pm/b8pk4ccj1fn9p16yp_t2xwtw0000gn/T/xcode-bench-dd-yypjhhwm/Build/Products/Debug-iphonesimulator/FieldHT.app/PV.png /Users/benjaminfaershtein/Documents/FieldHT/FieldHT/Resources/APRSSymbols/PV.png (in target 'FieldHT' from project 'FieldHT')
    cd /Users/benjaminfaershtein/Documents/FieldHT
    /Applications/Xcode.app/Contents/Developer/usr/bin/copypng -compress -strip-PNG-text /Users/benjaminfaershtein/Documents/FieldHT/FieldHT/Resources/APRSSymbols/PV.png /var/folders/pm/b8pk4ccj1fn9p16yp_t2xwtw0000gn/T/xcode-bench-dd-yypjhhwm/Build/Products/Debug-iphonesimulator/FieldHT.app/PV.png

CopyPNGFile /var/folders/pm/b8pk4ccj1fn9p16yp_t2xwtw0000gn/T/xcode-bench-dd-yypjhhwm/Build/Products/Debug-iphonesimulator/FieldHT.app/PU.png /Users/benjaminfaershtein/Documents/FieldHT/FieldHT/Resources/APRSSymbols/PU.png (in target 'FieldHT' from project 'FieldHT')
    cd /Users/benjaminfaershtein/Documents/FieldHT
    /Applications/Xcode.app/Contents/Developer/usr/bin/copypng -compress -strip-PNG-text /Users/benjaminfaershtein/Documents/FieldHT/FieldHT/Resources/APRSSymbols/PU.png /var/folders/pm/b8pk4ccj1fn9p16yp_t2xwtw0000gn/T/xcode-bench-dd-yypjhhwm/Build/Products/Debug-iphonesimulator/FieldHT.app/PU.png

CopyPNGFile /var/folders/pm/b8pk4ccj1fn9p16yp_t2xwtw0000gn/T/xcode-bench-dd-yypjhhwm/Build/Products/Debug-iphonesimulator/FieldHT.app/PT.png /Users/benjaminfaershtein/Documents/FieldHT/FieldHT/Resources/APRSSymbols/PT.png (in target 'FieldHT' from project 'FieldHT')
    cd /Users/benjaminfaershtein/Documents/FieldHT
    /Applications/Xcode.app/Contents/Developer/usr/bin/copypng -compress -strip-PNG-text /Users/benjaminfaershtein/Documents/FieldHT/FieldHT/Resources/APRSSymbols/PT.png /var/folders/pm/b8pk4ccj1fn9p16yp_t2xwtw0000gn/T/xcode-bench-dd-yypjhhwm/Build/Products/Debug-iphonesimulator/FieldHT.app/PT.png

CopyPNGFile /var/folders/pm/b8pk4ccj1fn9p16yp_t2xwtw0000gn/T/xcode-bench-dd-yypjhhwm/Build/Products/Debug-iphonesimulator/FieldHT.app/PS.png /Users/benjaminfaershtein/Documents/FieldHT/FieldHT/Resources/APRSSymbols/PS.png (in target 'FieldHT' from project 'FieldHT')
    cd /Users/benjaminfaershtein/Documents/FieldHT
    /Applications/Xcode.app/Contents/Developer/usr/bin/copypng -compress -strip-PNG-text /Users/benjaminfaershtein/Documents/FieldHT/FieldHT/Resources/APRSSymbols/PS.png /var/folders/pm/b8pk4ccj1fn9p16yp_t2xwtw0000gn/T/xcode-bench-dd-yypjhhwm/Build/Products/Debug-iphonesimulator/FieldHT.app/PS.png

CopyPNGFile /var/folders/pm/b8pk4ccj1fn9p16yp_t2xwtw0000gn/T/xcode-bench-dd-yypjhhwm/Build/Products/Debug-iphonesimulator/FieldHT.app/PR.png /Users/benjaminfaershtein/Documents/FieldHT/FieldHT/Resources/APRSSymbols/PR.png (in target 'FieldHT' from project 'FieldHT')
    cd /Users/benjaminfaershtein/Documents/FieldHT
    /Applications/Xcode.app/Contents/Developer/usr/bin/copypng -compress -strip-PNG-text /Users/benjaminfaershtein/Documents/FieldHT/FieldHT/Resources/APRSSymbols/PR.png /var/folders/pm/b8pk4ccj1fn9p16yp_t2xwtw0000gn/T/xcode-bench-dd-yypjhhwm/Build/Products/Debug-iphonesimulator/FieldHT.app/PR.png

CopyPNGFile /var/folders/pm/b8pk4ccj1fn9p16yp_t2xwtw0000gn/T/xcode-bench-dd-yypjhhwm/Build/Products/Debug-iphonesimulator/FieldHT.app/PQ.png /Users/benjaminfaershtein/Documents/FieldHT/FieldHT/Resources/APRSSymbols/PQ.png (in target 'FieldHT' from project 'FieldHT')
    cd /Users/benjaminfaershtein/Documents/FieldHT
    /Applications/Xcode.app/Contents/Developer/usr/bin/copypng -compress -strip-PNG-text /Users/benjaminfaershtein/Documents/FieldHT/FieldHT/Resources/APRSSymbols/PQ.png /var/folders/pm/b8pk4ccj1fn9p16yp_t2xwtw0000gn/T/xcode-bench-dd-yypjhhwm/Build/Products/Debug-iphonesimulator/FieldHT.app/PQ.png

CopyPNGFile /var/folders/pm/b8pk4ccj1fn9p16yp_t2xwtw0000gn/T/xcode-bench-dd-yypjhhwm/Build/Products/Debug-iphonesimulator/FieldHT.app/PP.png /Users/benjaminfaershtein/Documents/FieldHT/FieldHT/Resources/APRSSymbols/PP.png (in target 'FieldHT' from project 'FieldHT')
    cd /Users/benjaminfaershtein/Documents/FieldHT
    /Applications/Xcode.app/Contents/Developer/usr/bin/copypng -compress -strip-PNG-text /Users/benjaminfaershtein/Documents/FieldHT/FieldHT/Resources/APRSSymbols/PP.png /var/folders/pm/b8pk4ccj1fn9p16yp_t2xwtw0000gn/T/xcode-bench-dd-yypjhhwm/Build/Products/Debug-iphonesimulator/FieldHT.app/PP.png

CopyPNGFile /var/folders/pm/b8pk4ccj1fn9p16yp_t2xwtw0000gn/T/xcode-bench-dd-yypjhhwm/Build/Products/Debug-iphonesimulator/FieldHT.app/PO.png /Users/benjaminfaershtein/Documents/FieldHT/FieldHT/Resources/APRSSymbols/PO.png (in target 'FieldHT' from project 'FieldHT')
    cd /Users/benjaminfaershtein/Documents/FieldHT
    /Applications/Xcode.app/Contents/Developer/usr/bin/copypng -compress -strip-PNG-text /Users/benjaminfaershtein/Documents/FieldHT/FieldHT/Resources/APRSSymbols/PO.png /var/folders/pm/b8pk4ccj1fn9p16yp_t2xwtw0000gn/T/xcode-bench-dd-yypjhhwm/Build/Products/Debug-iphonesimulator/FieldHT.app/PO.png

CopyPNGFile /var/folders/pm/b8pk4ccj1fn9p16yp_t2xwtw0000gn/T/xcode-bench-dd-yypjhhwm/Build/Products/Debug-iphonesimulator/FieldHT.app/PN.png /Users/benjaminfaershtein/Documents/FieldHT/FieldHT/Resources/APRSSymbols/PN.png (in target 'FieldHT' from project 'FieldHT')
    cd /Users/benjaminfaershtein/Documents/FieldHT
    /Applications/Xcode.app/Contents/Developer/usr/bin/copypng -compress -strip-PNG-text /Users/benjaminfaershtein/Documents/FieldHT/FieldHT/Resources/APRSSymbols/PN.png /var/folders/pm/b8pk4ccj1fn9p16yp_t2xwtw0000gn/T/xcode-bench-dd-yypjhhwm/Build/Products/Debug-iphonesimulator/FieldHT.app/PN.png

CopyPNGFile /var/folders/pm/b8pk4ccj1fn9p16yp_t2xwtw0000gn/T/xcode-bench-dd-yypjhhwm/Build/Products/Debug-iphonesimulator/FieldHT.app/PM.png /Users/benjaminfaershtein/Documents/FieldHT/FieldHT/Resources/APRSSymbols/PM.png (in target 'FieldHT' from project 'FieldHT')
    cd /Users/benjaminfaershtein/Documents/FieldHT
    /Applications/Xcode.app/Contents/Developer/usr/bin/copypng -compress -strip-PNG-text /Users/benjaminfaershtein/Documents/FieldHT/FieldHT/Resources/APRSSymbols/PM.png /var/folders/pm/b8pk4ccj1fn9p16yp_t2xwtw0000gn/T/xcode-bench-dd-yypjhhwm/Build/Products/Debug-iphonesimulator/FieldHT.app/PM.png

CopyPNGFile /var/folders/pm/b8pk4ccj1fn9p16yp_t2xwtw0000gn/T/xcode-bench-dd-yypjhhwm/Build/Products/Debug-iphonesimulator/FieldHT.app/PL.png /Users/benjaminfaershtein/Documents/FieldHT/FieldHT/Resources/APRSSymbols/PL.png (in target 'FieldHT' from project 'FieldHT')
    cd /Users/benjaminfaershtein/Documents/FieldHT
    /Applications/Xcode.app/Contents/Developer/usr/bin/copypng -compress -strip-PNG-text /Users/benjaminfaershtein/Documents/FieldHT/FieldHT/Resources/APRSSymbols/PL.png /var/folders/pm/b8pk4ccj1fn9p16yp_t2xwtw0000gn/T/xcode-bench-dd-yypjhhwm/Build/Products/Debug-iphonesimulator/FieldHT.app/PL.png

CopyPNGFile /var/folders/pm/b8pk4ccj1fn9p16yp_t2xwtw0000gn/T/xcode-bench-dd-yypjhhwm/Build/Products/Debug-iphonesimulator/FieldHT.app/PK.png /Users/benjaminfaershtein/Documents/FieldHT/FieldHT/Resources/APRSSymbols/PK.png (in target 'FieldHT' from project 'FieldHT')
    cd /Users/benjaminfaershtein/Documents/FieldHT
    /Applications/Xcode.app/Contents/Developer/usr/bin/copypng -compress -strip-PNG-text /Users/benjaminfaershtein/Documents/FieldHT/FieldHT/Resources/APRSSymbols/PK.png /var/folders/pm/b8pk4ccj1fn9p16yp_t2xwtw0000gn/T/xcode-bench-dd-yypjhhwm/Build/Products/Debug-iphonesimulator/FieldHT.app/PK.png

CopyPNGFile /var/folders/pm/b8pk4ccj1fn9p16yp_t2xwtw0000gn/T/xcode-bench-dd-yypjhhwm/Build/Products/Debug-iphonesimulator/FieldHT.app/PI.png /Users/benjaminfaershtein/Documents/FieldHT/FieldHT/Resources/APRSSymbols/PI.png (in target 'FieldHT' from project 'FieldHT')
    cd /Users/benjaminfaershtein/Documents/FieldHT
    /Applications/Xcode.app/Contents/Developer/usr/bin/copypng -compress -strip-PNG-text /Users/benjaminfaershtein/Documents/FieldHT/FieldHT/Resources/APRSSymbols/PI.png /var/folders/pm/b8pk4ccj1fn9p16yp_t2xwtw0000gn/T/xcode-bench-dd-yypjhhwm/Build/Products/Debug-iphonesimulator/FieldHT.app/PI.png

CopyPNGFile /var/folders/pm/b8pk4ccj1fn9p16yp_t2xwtw0000gn/T/xcode-bench-dd-yypjhhwm/Build/Products/Debug-iphonesimulator/FieldHT.app/PH.png /Users/benjaminfaershtein/Documents/FieldHT/FieldHT/Resources/APRSSymbols/PH.png (in target 'FieldHT' from project 'FieldHT')
    cd /Users/benjaminfaershtein/Documents/FieldHT
    /Applications/Xcode.app/Contents/Developer/usr/bin/copypng -compress -strip-PNG-text /Users/benjaminfaershtein/Documents/FieldHT/FieldHT/Resources/APRSSymbols/PH.png /var/folders/pm/b8pk4ccj1fn9p16yp_t2xwtw0000gn/T/xcode-bench-dd-yypjhhwm/Build/Products/Debug-iphonesimulator/FieldHT.app/PH.png

CopyPNGFile /var/folders/pm/b8pk4ccj1fn9p16yp_t2xwtw0000gn/T/xcode-bench-dd-yypjhhwm/Build/Products/Debug-iphonesimulator/FieldHT.app/PG.png /Users/benjaminfaershtein/Documents/FieldHT/FieldHT/Resources/APRSSymbols/PG.png (in target 'FieldHT' from project 'FieldHT')
    cd /Users/benjaminfaershtein/Documents/FieldHT
    /Applications/Xcode.app/Contents/Developer/usr/bin/copypng -compress -strip-PNG-text /Users/benjaminfaershtein/Documents/FieldHT/FieldHT/Resources/APRSSymbols/PG.png /var/folders/pm/b8pk4ccj1fn9p16yp_t2xwtw0000gn/T/xcode-bench-dd-yypjhhwm/Build/Products/Debug-iphonesimulator/FieldHT.app/PG.png

CopyPNGFile /var/folders/pm/b8pk4ccj1fn9p16yp_t2xwtw0000gn/T/xcode-bench-dd-yypjhhwm/Build/Products/Debug-iphonesimulator/FieldHT.app/PF.png /Users/benjaminfaershtein/Documents/FieldHT/FieldHT/Resources/APRSSymbols/PF.png (in target 'FieldHT' from project 'FieldHT')
    cd /Users/benjaminfaershtein/Documents/FieldHT
    /Applications/Xcode.app/Contents/Developer/usr/bin/copypng -compress -strip-PNG-text /Users/benjaminfaershtein/Documents/FieldHT/FieldHT/Resources/APRSSymbols/PF.png /var/folders/pm/b8pk4ccj1fn9p16yp_t2xwtw0000gn/T/xcode-bench-dd-yypjhhwm/Build/Products/Debug-iphonesimulator/FieldHT.app/PF.png

CopyPNGFile /var/folders/pm/b8pk4ccj1fn9p16yp_t2xwtw0000gn/T/xcode-bench-dd-yypjhhwm/Build/Products/Debug-iphonesimulator/FieldHT.app/PE.png /Users/benjaminfaershtein/Documents/FieldHT/FieldHT/Resources/APRSSymbols/PE.png (in target 'FieldHT' from project 'FieldHT')
    cd /Users/benjaminfaershtein/Documents/FieldHT
    /Applications/Xcode.app/Contents/Developer/usr/bin/copypng -compress -strip-PNG-text /Users/benjaminfaershtein/Documents/FieldHT/FieldHT/Resources/APRSSymbols/PE.png /var/folders/pm/b8pk4ccj1fn9p16yp_t2xwtw0000gn/T/xcode-bench-dd-yypjhhwm/Build/Products/Debug-iphonesimulator/FieldHT.app/PE.png

CopyPNGFile /var/folders/pm/b8pk4ccj1fn9p16yp_t2xwtw0000gn/T/xcode-bench-dd-yypjhhwm/Build/Products/Debug-iphonesimulator/FieldHT.app/PC.png /Users/benjaminfaershtein/Documents/FieldHT/FieldHT/Resources/APRSSymbols/PC.png (in target 'FieldHT' from project 'FieldHT')
    cd /Users/benjaminfaershtein/Documents/FieldHT
    /Applications/Xcode.app/Contents/Developer/usr/bin/copypng -compress -strip-PNG-text /Users/benjaminfaershtein/Documents/FieldHT/FieldHT/Resources/APRSSymbols/PC.png /var/folders/pm/b8pk4ccj1fn9p16yp_t2xwtw0000gn/T/xcode-bench-dd-yypjhhwm/Build/Products/Debug-iphonesimulator/FieldHT.app/PC.png

CopyPNGFile /var/folders/pm/b8pk4ccj1fn9p16yp_t2xwtw0000gn/T/xcode-bench-dd-yypjhhwm/Build/Products/Debug-iphonesimulator/FieldHT.app/PB.png /Users/benjaminfaershtein/Documents/FieldHT/FieldHT/Resources/APRSSymbols/PB.png (in target 'FieldHT' from project 'FieldHT')
    cd /Users/benjaminfaershtein/Documents/FieldHT
    /Applications/Xcode.app/Contents/Developer/usr/bin/copypng -compress -strip-PNG-text /Users/benjaminfaershtein/Documents/FieldHT/FieldHT/Resources/APRSSymbols/PB.png /var/folders/pm/b8pk4ccj1fn9p16yp_t2xwtw0000gn/T/xcode-bench-dd-yypjhhwm/Build/Products/Debug-iphonesimulator/FieldHT.app/PB.png

CopyPNGFile /var/folders/pm/b8pk4ccj1fn9p16yp_t2xwtw0000gn/T/xcode-bench-dd-yypjhhwm/Build/Products/Debug-iphonesimulator/FieldHT.app/PA.png /Users/benjaminfaershtein/Documents/FieldHT/FieldHT/Resources/APRSSymbols/PA.png (in target 'FieldHT' from project 'FieldHT')
    cd /Users/benjaminfaershtein/Documents/FieldHT
    /Applications/Xcode.app/Contents/Developer/usr/bin/copypng -compress -strip-PNG-text /Users/benjaminfaershtein/Documents/FieldHT/FieldHT/Resources/APRSSymbols/PA.png /var/folders/pm/b8pk4ccj1fn9p16yp_t2xwtw0000gn/T/xcode-bench-dd-yypjhhwm/Build/Products/Debug-iphonesimulator/FieldHT.app/PA.png

SwiftExplicitDependencyGeneratePcm arm64 /var/folders/pm/b8pk4ccj1fn9p16yp_t2xwtw0000gn/T/xcode-bench-dd-yypjhhwm/ModuleCache.noindex/CoreData-H70TXAOD8GZK5P7QDBLZ91D.pcm

SwiftExplicitDependencyGeneratePcm arm64 /var/folders/pm/b8pk4ccj1fn9p16yp_t2xwtw0000gn/T/xcode-bench-dd-yypjhhwm/ModuleCache.noindex/CoreTransferable-69CNQQL371CWBH8N0KKED3DV7.pcm

SwiftExplicitDependencyGeneratePcm arm64 /var/folders/pm/b8pk4ccj1fn9p16yp_t2xwtw0000gn/T/xcode-bench-dd-yypjhhwm/ModuleCache.noindex/Network-730VTZSHGGN9YWX0GYCE6DHB9.pcm

SwiftExplicitDependencyGeneratePcm arm64 /var/folders/pm/b8pk4ccj1fn9p16yp_t2xwtw0000gn/T/xcode-bench-dd-yypjhhwm/ModuleCache.noindex/UserNotifications-C90NWPFDENJQ98QDJB4ISEA8Y.pcm

SwiftExplicitDependencyGeneratePcm arm64 /var/folders/pm/b8pk4ccj1fn9p16yp_t2xwtw0000gn/T/xcode-bench-dd-yypjhhwm/ModuleCache.noindex/IOSurface-6ZEHSYM5N9B6UJ5OFM8TUBOUY.pcm

SwiftExplicitDependencyGeneratePcm arm64 /var/folders/pm/b8pk4ccj1fn9p16yp_t2xwtw0000gn/T/xcode-bench-dd-yypjhhwm/ModuleCache.noindex/CoreBluetooth-AYSEMVONRGQUS98WH3OFW5HA8.pcm

SwiftExplicitDependencyGeneratePcm arm64 /var/folders/pm/b8pk4ccj1fn9p16yp_t2xwtw0000gn/T/xcode-bench-dd-yypjhhwm/ModuleCache.noindex/OpenGLES-86NJLT8U0A4EZ09DSYXTWDMVG.pcm

SwiftExplicitDependencyGeneratePcm arm64 /var/folders/pm/b8pk4ccj1fn9p16yp_t2xwtw0000gn/T/xcode-bench-dd-yypjhhwm/ModuleCache.noindex/Accessibility-CPO6FVAE4BUWVKJNWUT6QG4TT.pcm

SwiftExplicitDependencyGeneratePcm arm64 /var/folders/pm/b8pk4ccj1fn9p16yp_t2xwtw0000gn/T/xcode-bench-dd-yypjhhwm/ModuleCache.noindex/OSLog-8OZ7ELIF27ZQH1814247A0NLQ.pcm

SwiftExplicitDependencyGeneratePcm arm64 /var/folders/pm/b8pk4ccj1fn9p16yp_t2xwtw0000gn/T/xcode-bench-dd-yypjhhwm/ModuleCache.noindex/UniformTypeIdentifiers-DGS0JJ7YMHO5ETU4116WHMOLU.pcm

SwiftExplicitDependencyGeneratePcm arm64 /var/folders/pm/b8pk4ccj1fn9p16yp_t2xwtw0000gn/T/xcode-bench-dd-yypjhhwm/ModuleCache.noindex/_LocationEssentials-6UUZALCRLO686C9PRUJFSG331.pcm

SwiftExplicitDependencyGeneratePcm arm64 /var/folders/pm/b8pk4ccj1fn9p16yp_t2xwtw0000gn/T/xcode-bench-dd-yypjhhwm/ModuleCache.noindex/Metal-7NPNI2K2PQMO3NITACJ2XH4Q6.pcm

SwiftExplicitDependencyGeneratePcm arm64 /var/folders/pm/b8pk4ccj1fn9p16yp_t2xwtw0000gn/T/xcode-bench-dd-yypjhhwm/ModuleCache.noindex/UIUtilities-5V7FEBG677QXOMP3QY6Z3UIAL.pcm

SwiftExplicitDependencyGeneratePcm arm64 /var/folders/pm/b8pk4ccj1fn9p16yp_t2xwtw0000gn/T/xcode-bench-dd-yypjhhwm/ModuleCache.noindex/FileProvider-EVBO4LXIG86W4YA13450WC02P.pcm

SwiftExplicitDependencyGeneratePcm arm64 /var/folders/pm/b8pk4ccj1fn9p16yp_t2xwtw0000gn/T/xcode-bench-dd-yypjhhwm/ModuleCache.noindex/DataDetection-1OO4LHAHJA87Y538VH4BP0XK8.pcm

SwiftExplicitDependencyGeneratePcm arm64 /var/folders/pm/b8pk4ccj1fn9p16yp_t2xwtw0000gn/T/xcode-bench-dd-yypjhhwm/ModuleCache.noindex/Symbols-9JHV75Z0R1GBBKV7PIM920NJ3.pcm

CopyPNGFile /var/folders/pm/b8pk4ccj1fn9p16yp_t2xwtw0000gn/T/xcode-bench-dd-yypjhhwm/Build/Products/Debug-iphonesimulator/FieldHT.app/P9.png /Users/benjaminfaershtein/Documents/FieldHT/FieldHT/Resources/APRSSymbols/P9.png (in target 'FieldHT' from project 'FieldHT')
    cd /Users/benjaminfaershtein/Documents/FieldHT
    /Applications/Xcode.app/Contents/Developer/usr/bin/copypng -compress -strip-PNG-text /Users/benjaminfaershtein/Documents/FieldHT/FieldHT/Resources/APRSSymbols/P9.png /var/folders/pm/b8pk4ccj1fn9p16yp_t2xwtw0000gn/T/xcode-bench-dd-yypjhhwm/Build/Products/Debug-iphonesimulator/FieldHT.app/P9.png

CopyPNGFile /var/folders/pm/b8pk4ccj1fn9p16yp_t2xwtw0000gn/T/xcode-bench-dd-yypjhhwm/Build/Products/Debug-iphonesimulator/FieldHT.app/P8.png /Users/benjaminfaershtein/Documents/FieldHT/FieldHT/Resources/APRSSymbols/P8.png (in target 'FieldHT' from project 'FieldHT')
    cd /Users/benjaminfaershtein/Documents/FieldHT
    /Applications/Xcode.app/Contents/Developer/usr/bin/copypng -compress -strip-PNG-text /Users/benjaminfaershtein/Documents/FieldHT/FieldHT/Resources/APRSSymbols/P8.png /var/folders/pm/b8pk4ccj1fn9p16yp_t2xwtw0000gn/T/xcode-bench-dd-yypjhhwm/Build/Products/Debug-iphonesimulator/FieldHT.app/P8.png

CopyPNGFile /var/folders/pm/b8pk4ccj1fn9p16yp_t2xwtw0000gn/T/xcode-bench-dd-yypjhhwm/Build/Products/Debug-iphonesimulator/FieldHT.app/P7.png /Users/benjaminfaershtein/Documents/FieldHT/FieldHT/Resources/APRSSymbols/P7.png (in target 'FieldHT' from project 'FieldHT')
    cd /Users/benjaminfaershtein/Documents/FieldHT
    /Applications/Xcode.app/Contents/Developer/usr/bin/copypng -compress -strip-PNG-text /Users/benjaminfaershtein/Documents/FieldHT/FieldHT/Resources/APRSSymbols/P7.png /var/folders/pm/b8pk4ccj1fn9p16yp_t2xwtw0000gn/T/xcode-bench-dd-yypjhhwm/Build/Products/Debug-iphonesimulator/FieldHT.app/P7.png

CopyPNGFile /var/folders/pm/b8pk4ccj1fn9p16yp_t2xwtw0000gn/T/xcode-bench-dd-yypjhhwm/Build/Products/Debug-iphonesimulator/FieldHT.app/P6.png /Users/benjaminfaershtein/Documents/FieldHT/FieldHT/Resources/APRSSymbols/P6.png (in target 'FieldHT' from project 'FieldHT')
    cd /Users/benjaminfaershtein/Documents/FieldHT
    /Applications/Xcode.app/Contents/Developer/usr/bin/copypng -compress -strip-PNG-text /Users/benjaminfaershtein/Documents/FieldHT/FieldHT/Resources/APRSSymbols/P6.png /var/folders/pm/b8pk4ccj1fn9p16yp_t2xwtw0000gn/T/xcode-bench-dd-yypjhhwm/Build/Products/Debug-iphonesimulator/FieldHT.app/P6.png

CopyPNGFile /var/folders/pm/b8pk4ccj1fn9p16yp_t2xwtw0000gn/T/xcode-bench-dd-yypjhhwm/Build/Products/Debug-iphonesimulator/FieldHT.app/P5.png /Users/benjaminfaershtein/Documents/FieldHT/FieldHT/Resources/APRSSymbols/P5.png (in target 'FieldHT' from project 'FieldHT')
    cd /Users/benjaminfaershtein/Documents/FieldHT
    /Applications/Xcode.app/Contents/Developer/usr/bin/copypng -compress -strip-PNG-text /Users/benjaminfaershtein/Documents/FieldHT/FieldHT/Resources/APRSSymbols/P5.png /var/folders/pm/b8pk4ccj1fn9p16yp_t2xwtw0000gn/T/xcode-bench-dd-yypjhhwm/Build/Products/Debug-iphonesimulator/FieldHT.app/P5.png

CopyPNGFile /var/folders/pm/b8pk4ccj1fn9p16yp_t2xwtw0000gn/T/xcode-bench-dd-yypjhhwm/Build/Products/Debug-iphonesimulator/FieldHT.app/P4.png /Users/benjaminfaershtein/Documents/FieldHT/FieldHT/Resources/APRSSymbols/P4.png (in target 'FieldHT' from project 'FieldHT')
    cd /Users/benjaminfaershtein/Documents/FieldHT
    /Applications/Xcode.app/Contents/Developer/usr/bin/copypng -compress -strip-PNG-text /Users/benjaminfaershtein/Documents/FieldHT/FieldHT/Resources/APRSSymbols/P4.png /var/folders/pm/b8pk4ccj1fn9p16yp_t2xwtw0000gn/T/xcode-bench-dd-yypjhhwm/Build/Products/Debug-iphonesimulator/FieldHT.app/P4.png

CopyPNGFile /var/folders/pm/b8pk4ccj1fn9p16yp_t2xwtw0000gn/T/xcode-bench-dd-yypjhhwm/Build/Products/Debug-iphonesimulator/FieldHT.app/P3.png /Users/benjaminfaershtein/Documents/FieldHT/FieldHT/Resources/APRSSymbols/P3.png (in target 'FieldHT' from project 'FieldHT')
    cd /Users/benjaminfaershtein/Documents/FieldHT
    /Applications/Xcode.app/Contents/Developer/usr/bin/copypng -compress -strip-PNG-text /Users/benjaminfaershtein/Documents/FieldHT/FieldHT/Resources/APRSSymbols/P3.png /var/folders/pm/b8pk4ccj1fn9p16yp_t2xwtw0000gn/T/xcode-bench-dd-yypjhhwm/Build/Products/Debug-iphonesimulator/FieldHT.app/P3.png

SwiftExplicitDependencyGeneratePcm arm64 /var/folders/pm/b8pk4ccj1fn9p16yp_t2xwtw0000gn/T/xcode-bench-dd-yypjhhwm/ModuleCache.noindex/CoreLocation-82NH4ASUYDFQE756VQX6G8MW6.pcm

CopyPNGFile /var/folders/pm/b8pk4ccj1fn9p16yp_t2xwtw0000gn/T/xcode-bench-dd-yypjhhwm/Build/Products/Debug-iphonesimulator/FieldHT.app/P2.png /Users/benjaminfaershtein/Documents/FieldHT/FieldHT/Resources/APRSSymbols/P2.png (in target 'FieldHT' from project 'FieldHT')
    cd /Users/benjaminfaershtein/Documents/FieldHT
    /Applications/Xcode.app/Contents/Developer/usr/bin/copypng -compress -strip-PNG-text /Users/benjaminfaershtein/Documents/FieldHT/FieldHT/Resources/APRSSymbols/P2.png /var/folders/pm/b8pk4ccj1fn9p16yp_t2xwtw0000gn/T/xcode-bench-dd-yypjhhwm/Build/Products/Debug-iphonesimulator/FieldHT.app/P2.png

CopyPNGFile /var/folders/pm/b8pk4ccj1fn9p16yp_t2xwtw0000gn/T/xcode-bench-dd-yypjhhwm/Build/Products/Debug-iphonesimulator/FieldHT.app/P1.png /Users/benjaminfaershtein/Documents/FieldHT/FieldHT/Resources/APRSSymbols/P1.png (in target 'FieldHT' from project 'FieldHT')
    cd /Users/benjaminfaershtein/Documents/FieldHT
    /Applications/Xcode.app/Contents/Developer/usr/bin/copypng -compress -strip-PNG-text /Users/benjaminfaershtein/Documents/FieldHT/FieldHT/Resources/APRSSymbols/P1.png /var/folders/pm/b8pk4ccj1fn9p16yp_t2xwtw0000gn/T/xcode-bench-dd-yypjhhwm/Build/Products/Debug-iphonesimulator/FieldHT.app/P1.png

CopyPNGFile /var/folders/pm/b8pk4ccj1fn9p16yp_t2xwtw0000gn/T/xcode-bench-dd-yypjhhwm/Build/Products/Debug-iphonesimulator/FieldHT.app/P0.png /Users/benjaminfaershtein/Documents/FieldHT/FieldHT/Resources/APRSSymbols/P0.png (in target 'FieldHT' from project 'FieldHT')
    cd /Users/benjaminfaershtein/Documents/FieldHT
    /Applications/Xcode.app/Contents/Developer/usr/bin/copypng -compress -strip-PNG-text /Users/benjaminfaershtein/Documents/FieldHT/FieldHT/Resources/APRSSymbols/P0.png /var/folders/pm/b8pk4ccj1fn9p16yp_t2xwtw0000gn/T/xcode-bench-dd-yypjhhwm/Build/Products/Debug-iphonesimulator/FieldHT.app/P0.png

CopyPNGFile /var/folders/pm/b8pk4ccj1fn9p16yp_t2xwtw0000gn/T/xcode-bench-dd-yypjhhwm/Build/Products/Debug-iphonesimulator/FieldHT.app/OP.png /Users/benjaminfaershtein/Documents/FieldHT/FieldHT/Resources/APRSSymbols/OP.png (in target 'FieldHT' from project 'FieldHT')
    cd /Users/benjaminfaershtein/Documents/FieldHT
    /Applications/Xcode.app/Contents/Developer/usr/bin/copypng -compress -strip-PNG-text /Users/benjaminfaershtein/Documents/FieldHT/FieldHT/Resources/APRSSymbols/OP.png /var/folders/pm/b8pk4ccj1fn9p16yp_t2xwtw0000gn/T/xcode-bench-dd-yypjhhwm/Build/Products/Debug-iphonesimulator/FieldHT.app/OP.png

CopyPNGFile /var/folders/pm/b8pk4ccj1fn9p16yp_t2xwtw0000gn/T/xcode-bench-dd-yypjhhwm/Build/Products/Debug-iphonesimulator/FieldHT.app/OO.png /Users/benjaminfaershtein/Documents/FieldHT/FieldHT/Resources/APRSSymbols/OO.png (in target 'FieldHT' from project 'FieldHT')
    cd /Users/benjaminfaershtein/Documents/FieldHT
    /Applications/Xcode.app/Contents/Developer/usr/bin/copypng -compress -strip-PNG-text /Users/benjaminfaershtein/Documents/FieldHT/FieldHT/Resources/APRSSymbols/OO.png /var/folders/pm/b8pk4ccj1fn9p16yp_t2xwtw0000gn/T/xcode-bench-dd-yypjhhwm/Build/Products/Debug-iphonesimulator/FieldHT.app/OO.png

CopyPNGFile /var/folders/pm/b8pk4ccj1fn9p16yp_t2xwtw0000gn/T/xcode-bench-dd-yypjhhwm/Build/Products/Debug-iphonesimulator/FieldHT.app/ON.png /Users/benjaminfaershtein/Documents/FieldHT/FieldHT/Resources/APRSSymbols/ON.png (in target 'FieldHT' from project 'FieldHT')
    cd /Users/benjaminfaershtein/Documents/FieldHT
    /Applications/Xcode.app/Contents/Developer/usr/bin/copypng -compress -strip-PNG-text /Users/benjaminfaershtein/Documents/FieldHT/FieldHT/Resources/APRSSymbols/ON.png /var/folders/pm/b8pk4ccj1fn9p16yp_t2xwtw0000gn/T/xcode-bench-dd-yypjhhwm/Build/Products/Debug-iphonesimulator/FieldHT.app/ON.png

CopyPNGFile /var/folders/pm/b8pk4ccj1fn9p16yp_t2xwtw0000gn/T/xcode-bench-dd-yypjhhwm/Build/Products/Debug-iphonesimulator/FieldHT.app/OM.png /Users/benjaminfaershtein/Documents/FieldHT/FieldHT/Resources/APRSSymbols/OM.png (in target 'FieldHT' from project 'FieldHT')
    cd /Users/benjaminfaershtein/Documents/FieldHT
    /Applications/Xcode.app/Contents/Developer/usr/bin/copypng -compress -strip-PNG-text /Users/benjaminfaershtein/Documents/FieldHT/FieldHT/Resources/APRSSymbols/OM.png /var/folders/pm/b8pk4ccj1fn9p16yp_t2xwtw0000gn/T/xcode-bench-dd-yypjhhwm/Build/Products/Debug-iphonesimulator/FieldHT.app/OM.png

CopyPNGFile /var/folders/pm/b8pk4ccj1fn9p16yp_t2xwtw0000gn/T/xcode-bench-dd-yypjhhwm/Build/Products/Debug-iphonesimulator/FieldHT.app/OL.png /Users/benjaminfaershtein/Documents/FieldHT/FieldHT/Resources/APRSSymbols/OL.png (in target 'FieldHT' from project 'FieldHT')
    cd /Users/benjaminfaershtein/Documents/FieldHT
    /Applications/Xcode.app/Contents/Developer/usr/bin/copypng -compress -strip-PNG-text /Users/benjaminfaershtein/Documents/FieldHT/FieldHT/Resources/APRSSymbols/OL.png /var/folders/pm/b8pk4ccj1fn9p16yp_t2xwtw0000gn/T/xcode-bench-dd-yypjhhwm/Build/Products/Debug-iphonesimulator/FieldHT.app/OL.png

CopyPNGFile /var/folders/pm/b8pk4ccj1fn9p16yp_t2xwtw0000gn/T/xcode-bench-dd-yypjhhwm/Build/Products/Debug-iphonesimulator/FieldHT.app/OK.png /Users/benjaminfaershtein/Documents/FieldHT/FieldHT/Resources/APRSSymbols/OK.png (in target 'FieldHT' from project 'FieldHT')
    cd /Users/benjaminfaershtein/Documents/FieldHT
    /Applications/Xcode.app/Contents/Developer/usr/bin/copypng -compress -strip-PNG-text /Users/benjaminfaershtein/Documents/FieldHT/FieldHT/Resources/APRSSymbols/OK.png /var/folders/pm/b8pk4ccj1fn9p16yp_t2xwtw0000gn/T/xcode-bench-dd-yypjhhwm/Build/Products/Debug-iphonesimulator/FieldHT.app/OK.png

CopyPNGFile /var/folders/pm/b8pk4ccj1fn9p16yp_t2xwtw0000gn/T/xcode-bench-dd-yypjhhwm/Build/Products/Debug-iphonesimulator/FieldHT.app/OJ.png /Users/benjaminfaershtein/Documents/FieldHT/FieldHT/Resources/APRSSymbols/OJ.png (in target 'FieldHT' from project 'FieldHT')
    cd /Users/benjaminfaershtein/Documents/FieldHT
    /Applications/Xcode.app/Contents/Developer/usr/bin/copypng -compress -strip-PNG-text /Users/benjaminfaershtein/Documents/FieldHT/FieldHT/Resources/APRSSymbols/OJ.png /var/folders/pm/b8pk4ccj1fn9p16yp_t2xwtw0000gn/T/xcode-bench-dd-yypjhhwm/Build/Products/Debug-iphonesimulator/FieldHT.app/OJ.png

CopyPNGFile /var/folders/pm/b8pk4ccj1fn9p16yp_t2xwtw0000gn/T/xcode-bench-dd-yypjhhwm/Build/Products/Debug-iphonesimulator/FieldHT.app/OI.png /Users/benjaminfaershtein/Documents/FieldHT/FieldHT/Resources/APRSSymbols/OI.png (in target 'FieldHT' from project 'FieldHT')
    cd /Users/benjaminfaershtein/Documents/FieldHT
    /Applications/Xcode.app/Contents/Developer/usr/bin/copypng -compress -strip-PNG-text /Users/benjaminfaershtein/Documents/FieldHT/FieldHT/Resources/APRSSymbols/OI.png /var/folders/pm/b8pk4ccj1fn9p16yp_t2xwtw0000gn/T/xcode-bench-dd-yypjhhwm/Build/Products/Debug-iphonesimulator/FieldHT.app/OI.png

CopyPNGFile /var/folders/pm/b8pk4ccj1fn9p16yp_t2xwtw0000gn/T/xcode-bench-dd-yypjhhwm/Build/Products/Debug-iphonesimulator/FieldHT.app/OH.png /Users/benjaminfaershtein/Documents/FieldHT/FieldHT/Resources/APRSSymbols/OH.png (in target 'FieldHT' from project 'FieldHT')
    cd /Users/benjaminfaershtein/Documents/FieldHT
    /Applications/Xcode.app/Contents/Developer/usr/bin/copypng -compress -strip-PNG-text /Users/benjaminfaershtein/Documents/FieldHT/FieldHT/Resources/APRSSymbols/OH.png /var/folders/pm/b8pk4ccj1fn9p16yp_t2xwtw0000gn/T/xcode-bench-dd-yypjhhwm/Build/Products/Debug-iphonesimulator/FieldHT.app/OH.png

CopyPNGFile /var/folders/pm/b8pk4ccj1fn9p16yp_t2xwtw0000gn/T/xcode-bench-dd-yypjhhwm/Build/Products/Debug-iphonesimulator/FieldHT.app/OG.png /Users/benjaminfaershtein/Documents/FieldHT/FieldHT/Resources/APRSSymbols/OG.png (in target 'FieldHT' from project 'FieldHT')
    cd /Users/benjaminfaershtein/Documents/FieldHT
    /Applications/Xcode.app/Contents/Developer/usr/bin/copypng -compress -strip-PNG-text /Users/benjaminfaershtein/Documents/FieldHT/FieldHT/Resources/APRSSymbols/OG.png /var/folders/pm/b8pk4ccj1fn9p16yp_t2xwtw0000gn/T/xcode-bench-dd-yypjhhwm/Build/Products/Debug-iphonesimulator/FieldHT.app/OG.png

CopyPNGFile /var/folders/pm/b8pk4ccj1fn9p16yp_t2xwtw0000gn/T/xcode-bench-dd-yypjhhwm/Build/Products/Debug-iphonesimulator/FieldHT.app/OE.png /Users/benjaminfaershtein/Documents/FieldHT/FieldHT/Resources/APRSSymbols/OE.png (in target 'FieldHT' from project 'FieldHT')
    cd /Users/benjaminfaershtein/Documents/FieldHT
    /Applications/Xcode.app/Contents/Developer/usr/bin/copypng -compress -strip-PNG-text /Users/benjaminfaershtein/Documents/FieldHT/FieldHT/Resources/APRSSymbols/OE.png /var/folders/pm/b8pk4ccj1fn9p16yp_t2xwtw0000gn/T/xcode-bench-dd-yypjhhwm/Build/Products/Debug-iphonesimulator/FieldHT.app/OE.png

CopyPNGFile /var/folders/pm/b8pk4ccj1fn9p16yp_t2xwtw0000gn/T/xcode-bench-dd-yypjhhwm/Build/Products/Debug-iphonesimulator/FieldHT.app/OD.png /Users/benjaminfaershtein/Documents/FieldHT/FieldHT/Resources/APRSSymbols/OD.png (in target 'FieldHT' from project 'FieldHT')
    cd /Users/benjaminfaershtein/Documents/FieldHT
    /Applications/Xcode.app/Contents/Developer/usr/bin/copypng -compress -strip-PNG-text /Users/benjaminfaershtein/Documents/FieldHT/FieldHT/Resources/APRSSymbols/OD.png /var/folders/pm/b8pk4ccj1fn9p16yp_t2xwtw0000gn/T/xcode-bench-dd-yypjhhwm/Build/Products/Debug-iphonesimulator/FieldHT.app/OD.png

CopyPNGFile /var/folders/pm/b8pk4ccj1fn9p16yp_t2xwtw0000gn/T/xcode-bench-dd-yypjhhwm/Build/Products/Debug-iphonesimulator/FieldHT.app/OB.png /Users/benjaminfaershtein/Documents/FieldHT/FieldHT/Resources/APRSSymbols/OB.png (in target 'FieldHT' from project 'FieldHT')
    cd /Users/benjaminfaershtein/Documents/FieldHT
    /Applications/Xcode.app/Contents/Developer/usr/bin/copypng -compress -strip-PNG-text /Users/benjaminfaershtein/Documents/FieldHT/FieldHT/Resources/APRSSymbols/OB.png /var/folders/pm/b8pk4ccj1fn9p16yp_t2xwtw0000gn/T/xcode-bench-dd-yypjhhwm/Build/Products/Debug-iphonesimulator/FieldHT.app/OB.png

CopyPNGFile /var/folders/pm/b8pk4ccj1fn9p16yp_t2xwtw0000gn/T/xcode-bench-dd-yypjhhwm/Build/Products/Debug-iphonesimulator/FieldHT.app/NX.png /Users/benjaminfaershtein/Documents/FieldHT/FieldHT/Resources/APRSSymbols/NX.png (in target 'FieldHT' from project 'FieldHT')
    cd /Users/benjaminfaershtein/Documents/FieldHT
    /Applications/Xcode.app/Contents/Developer/usr/bin/copypng -compress -strip-PNG-text /Users/benjaminfaershtein/Documents/FieldHT/FieldHT/Resources/APRSSymbols/NX.png /var/folders/pm/b8pk4ccj1fn9p16yp_t2xwtw0000gn/T/xcode-bench-dd-yypjhhwm/Build/Products/Debug-iphonesimulator/FieldHT.app/NX.png

SwiftExplicitDependencyGeneratePcm arm64 /var/folders/pm/b8pk4ccj1fn9p16yp_t2xwtw0000gn/T/xcode-bench-dd-yypjhhwm/ModuleCache.noindex/CoreVideo-2TV9LGXKG653VOPC7QJSU9B1U.pcm

CopyPNGFile /var/folders/pm/b8pk4ccj1fn9p16yp_t2xwtw0000gn/T/xcode-bench-dd-yypjhhwm/Build/Products/Debug-iphonesimulator/FieldHT.app/NW.png /Users/benjaminfaershtein/Documents/FieldHT/FieldHT/Resources/APRSSymbols/NW.png (in target 'FieldHT' from project 'FieldHT')
    cd /Users/benjaminfaershtein/Documents/FieldHT
    /Applications/Xcode.app/Contents/Developer/usr/bin/copypng -compress -strip-PNG-text /Users/benjaminfaershtein/Documents/FieldHT/FieldHT/Resources/APRSSymbols/NW.png /var/folders/pm/b8pk4ccj1fn9p16yp_t2xwtw0000gn/T/xcode-bench-dd-yypjhhwm/Build/Products/Debug-iphonesimulator/FieldHT.app/NW.png

CopyPNGFile /var/folders/pm/b8pk4ccj1fn9p16yp_t2xwtw0000gn/T/xcode-bench-dd-yypjhhwm/Build/Products/Debug-iphonesimulator/FieldHT.app/NV.png /Users/benjaminfaershtein/Documents/FieldHT/FieldHT/Resources/APRSSymbols/NV.png (in target 'FieldHT' from project 'FieldHT')
    cd /Users/benjaminfaershtein/Documents/FieldHT
    /Applications/Xcode.app/Contents/Developer/usr/bin/copypng -compress -strip-PNG-text /Users/benjaminfaershtein/Documents/FieldHT/FieldHT/Resources/APRSSymbols/NV.png /var/folders/pm/b8pk4ccj1fn9p16yp_t2xwtw0000gn/T/xcode-bench-dd-yypjhhwm/Build/Products/Debug-iphonesimulator/FieldHT.app/NV.png

CopyPNGFile /var/folders/pm/b8pk4ccj1fn9p16yp_t2xwtw0000gn/T/xcode-bench-dd-yypjhhwm/Build/Products/Debug-iphonesimulator/FieldHT.app/NT.png /Users/benjaminfaershtein/Documents/FieldHT/FieldHT/Resources/APRSSymbols/NT.png (in target 'FieldHT' from project 'FieldHT')
    cd /Users/benjaminfaershtein/Documents/FieldHT
    /Applications/Xcode.app/Contents/Developer/usr/bin/copypng -compress -strip-PNG-text /Users/benjaminfaershtein/Documents/FieldHT/FieldHT/Resources/APRSSymbols/NT.png /var/folders/pm/b8pk4ccj1fn9p16yp_t2xwtw0000gn/T/xcode-bench-dd-yypjhhwm/Build/Products/Debug-iphonesimulator/FieldHT.app/NT.png

CopyPNGFile /var/folders/pm/b8pk4ccj1fn9p16yp_t2xwtw0000gn/T/xcode-bench-dd-yypjhhwm/Build/Products/Debug-iphonesimulator/FieldHT.app/NS.png /Users/benjaminfaershtein/Documents/FieldHT/FieldHT/Resources/APRSSymbols/NS.png (in target 'FieldHT' from project 'FieldHT')
    cd /Users/benjaminfaershtein/Documents/FieldHT
    /Applications/Xcode.app/Contents/Developer/usr/bin/copypng -compress -strip-PNG-text /Users/benjaminfaershtein/Documents/FieldHT/FieldHT/Resources/APRSSymbols/NS.png /var/folders/pm/b8pk4ccj1fn9p16yp_t2xwtw0000gn/T/xcode-bench-dd-yypjhhwm/Build/Products/Debug-iphonesimulator/FieldHT.app/NS.png

CopyPNGFile /var/folders/pm/b8pk4ccj1fn9p16yp_t2xwtw0000gn/T/xcode-bench-dd-yypjhhwm/Build/Products/Debug-iphonesimulator/FieldHT.app/NR.png /Users/benjaminfaershtein/Documents/FieldHT/FieldHT/Resources/APRSSymbols/NR.png (in target 'FieldHT' from project 'FieldHT')
    cd /Users/benjaminfaershtein/Documents/FieldHT
    /Applications/Xcode.app/Contents/Developer/usr/bin/copypng -compress -strip-PNG-text /Users/benjaminfaershtein/Documents/FieldHT/FieldHT/Resources/APRSSymbols/NR.png /var/folders/pm/b8pk4ccj1fn9p16yp_t2xwtw0000gn/T/xcode-bench-dd-yypjhhwm/Build/Products/Debug-iphonesimulator/FieldHT.app/NR.png

CopyPNGFile /var/folders/pm/b8pk4ccj1fn9p16yp_t2xwtw0000gn/T/xcode-bench-dd-yypjhhwm/Build/Products/Debug-iphonesimulator/FieldHT.app/MX.png /Users/benjaminfaershtein/Documents/FieldHT/FieldHT/Resources/APRSSymbols/MX.png (in target 'FieldHT' from project 'FieldHT')
    cd /Users/benjaminfaershtein/Documents/FieldHT
    /Applications/Xcode.app/Contents/Developer/usr/bin/copypng -compress -strip-PNG-text /Users/benjaminfaershtein/Documents/FieldHT/FieldHT/Resources/APRSSymbols/MX.png /var/folders/pm/b8pk4ccj1fn9p16yp_t2xwtw0000gn/T/xcode-bench-dd-yypjhhwm/Build/Products/Debug-iphonesimulator/FieldHT.app/MX.png

CopyPNGFile /var/folders/pm/b8pk4ccj1fn9p16yp_t2xwtw0000gn/T/xcode-bench-dd-yypjhhwm/Build/Products/Debug-iphonesimulator/FieldHT.app/MW.png /Users/benjaminfaershtein/Documents/FieldHT/FieldHT/Resources/APRSSymbols/MW.png (in target 'FieldHT' from project 'FieldHT')
    cd /Users/benjaminfaershtein/Documents/FieldHT
    /Applications/Xcode.app/Contents/Developer/usr/bin/copypng -compress -strip-PNG-text /Users/benjaminfaershtein/Documents/FieldHT/FieldHT/Resources/APRSSymbols/MW.png /var/folders/pm/b8pk4ccj1fn9p16yp_t2xwtw0000gn/T/xcode-bench-dd-yypjhhwm/Build/Products/Debug-iphonesimulator/FieldHT.app/MW.png

CopyPNGFile /var/folders/pm/b8pk4ccj1fn9p16yp_t2xwtw0000gn/T/xcode-bench-dd-yypjhhwm/Build/Products/Debug-iphonesimulator/FieldHT.app/MV.png /Users/benjaminfaershtein/Documents/FieldHT/FieldHT/Resources/APRSSymbols/MV.png (in target 'FieldHT' from project 'FieldHT')
    cd /Users/benjaminfaershtein/Documents/FieldHT
    /Applications/Xcode.app/Contents/Developer/usr/bin/copypng -compress -strip-PNG-text /Users/benjaminfaershtein/Documents/FieldHT/FieldHT/Resources/APRSSymbols/MV.png /var/folders/pm/b8pk4ccj1fn9p16yp_t2xwtw0000gn/T/xcode-bench-dd-yypjhhwm/Build/Products/Debug-iphonesimulator/FieldHT.app/MV.png

CopyPNGFile /var/folders/pm/b8pk4ccj1fn9p16yp_t2xwtw0000gn/T/xcode-bench-dd-yypjhhwm/Build/Products/Debug-iphonesimulator/FieldHT.app/MU.png /Users/benjaminfaershtein/Documents/FieldHT/FieldHT/Resources/APRSSymbols/MU.png (in target 'FieldHT' from project 'FieldHT')
    cd /Users/benjaminfaershtein/Documents/FieldHT
    /Applications/Xcode.app/Contents/Developer/usr/bin/copypng -compress -strip-PNG-text /Users/benjaminfaershtein/Documents/FieldHT/FieldHT/Resources/APRSSymbols/MU.png /var/folders/pm/b8pk4ccj1fn9p16yp_t2xwtw0000gn/T/xcode-bench-dd-yypjhhwm/Build/Products/Debug-iphonesimulator/FieldHT.app/MU.png

CopyPNGFile /var/folders/pm/b8pk4ccj1fn9p16yp_t2xwtw0000gn/T/xcode-bench-dd-yypjhhwm/Build/Products/Debug-iphonesimulator/FieldHT.app/MT.png /Users/benjaminfaershtein/Documents/FieldHT/FieldHT/Resources/APRSSymbols/MT.png (in target 'FieldHT' from project 'FieldHT')
    cd /Users/benjaminfaershtein/Documents/FieldHT
    /Applications/Xcode.app/Contents/Developer/usr/bin/copypng -compress -strip-PNG-text /Users/benjaminfaershtein/Documents/FieldHT/FieldHT/Resources/APRSSymbols/MT.png /var/folders/pm/b8pk4ccj1fn9p16yp_t2xwtw0000gn/T/xcode-bench-dd-yypjhhwm/Build/Products/Debug-iphonesimulator/FieldHT.app/MT.png

CopyPNGFile /var/folders/pm/b8pk4ccj1fn9p16yp_t2xwtw0000gn/T/xcode-bench-dd-yypjhhwm/Build/Products/Debug-iphonesimulator/FieldHT.app/MS.png /Users/benjaminfaershtein/Documents/FieldHT/FieldHT/Resources/APRSSymbols/MS.png (in target 'FieldHT' from project 'FieldHT')
    cd /Users/benjaminfaershtein/Documents/FieldHT
    /Applications/Xcode.app/Contents/Developer/usr/bin/copypng -compress -strip-PNG-text /Users/benjaminfaershtein/Documents/FieldHT/FieldHT/Resources/APRSSymbols/MS.png /var/folders/pm/b8pk4ccj1fn9p16yp_t2xwtw0000gn/T/xcode-bench-dd-yypjhhwm/Build/Products/Debug-iphonesimulator/FieldHT.app/MS.png

CopyPNGFile /var/folders/pm/b8pk4ccj1fn9p16yp_t2xwtw0000gn/T/xcode-bench-dd-yypjhhwm/Build/Products/Debug-iphonesimulator/FieldHT.app/MR.png /Users/benjaminfaershtein/Documents/FieldHT/FieldHT/Resources/APRSSymbols/MR.png (in target 'FieldHT' from project 'FieldHT')
    cd /Users/benjaminfaershtein/Documents/FieldHT
    /Applications/Xcode.app/Contents/Developer/usr/bin/copypng -compress -strip-PNG-text /Users/benjaminfaershtein/Documents/FieldHT/FieldHT/Resources/APRSSymbols/MR.png /var/folders/pm/b8pk4ccj1fn9p16yp_t2xwtw0000gn/T/xcode-bench-dd-yypjhhwm/Build/Products/Debug-iphonesimulator/FieldHT.app/MR.png

CopyPNGFile /var/folders/pm/b8pk4ccj1fn9p16yp_t2xwtw0000gn/T/xcode-bench-dd-yypjhhwm/Build/Products/Debug-iphonesimulator/FieldHT.app/LZ.png /Users/benjaminfaershtein/Documents/FieldHT/FieldHT/Resources/APRSSymbols/LZ.png (in target 'FieldHT' from project 'FieldHT')
    cd /Users/benjaminfaershtein/Documents/FieldHT
    /Applications/Xcode.app/Contents/Developer/usr/bin/copypng -compress -strip-PNG-text /Users/benjaminfaershtein/Documents/FieldHT/FieldHT/Resources/APRSSymbols/LZ.png /var/folders/pm/b8pk4ccj1fn9p16yp_t2xwtw0000gn/T/xcode-bench-dd-yypjhhwm/Build/Products/Debug-iphonesimulator/FieldHT.app/LZ.png

CopyPNGFile /var/folders/pm/b8pk4ccj1fn9p16yp_t2xwtw0000gn/T/xcode-bench-dd-yypjhhwm/Build/Products/Debug-iphonesimulator/FieldHT.app/LY.png /Users/benjaminfaershtein/Documents/FieldHT/FieldHT/Resources/APRSSymbols/LY.png (in target 'FieldHT' from project 'FieldHT')
    cd /Users/benjaminfaershtein/Documents/FieldHT
    /Applications/Xcode.app/Contents/Developer/usr/bin/copypng -compress -strip-PNG-text /Users/benjaminfaershtein/Documents/FieldHT/FieldHT/Resources/APRSSymbols/LY.png /var/folders/pm/b8pk4ccj1fn9p16yp_t2xwtw0000gn/T/xcode-bench-dd-yypjhhwm/Build/Products/Debug-iphonesimulator/FieldHT.app/LY.png

CopyPNGFile /var/folders/pm/b8pk4ccj1fn9p16yp_t2xwtw0000gn/T/xcode-bench-dd-yypjhhwm/Build/Products/Debug-iphonesimulator/FieldHT.app/LX.png /Users/benjaminfaershtein/Documents/FieldHT/FieldHT/Resources/APRSSymbols/LX.png (in target 'FieldHT' from project 'FieldHT')
    cd /Users/benjaminfaershtein/Documents/FieldHT
    /Applications/Xcode.app/Contents/Developer/usr/bin/copypng -compress -strip-PNG-text /Users/benjaminfaershtein/Documents/FieldHT/FieldHT/Resources/APRSSymbols/LX.png /var/folders/pm/b8pk4ccj1fn9p16yp_t2xwtw0000gn/T/xcode-bench-dd-yypjhhwm/Build/Products/Debug-iphonesimulator/FieldHT.app/LX.png

CopyPNGFile /var/folders/pm/b8pk4ccj1fn9p16yp_t2xwtw0000gn/T/xcode-bench-dd-yypjhhwm/Build/Products/Debug-iphonesimulator/FieldHT.app/LW.png /Users/benjaminfaershtein/Documents/FieldHT/FieldHT/Resources/APRSSymbols/LW.png (in target 'FieldHT' from project 'FieldHT')
    cd /Users/benjaminfaershtein/Documents/FieldHT
    /Applications/Xcode.app/Contents/Developer/usr/bin/copypng -compress -strip-PNG-text /Users/benjaminfaershtein/Documents/FieldHT/FieldHT/Resources/APRSSymbols/LW.png /var/folders/pm/b8pk4ccj1fn9p16yp_t2xwtw0000gn/T/xcode-bench-dd-yypjhhwm/Build/Products/Debug-iphonesimulator/FieldHT.app/LW.png

CopyPNGFile /var/folders/pm/b8pk4ccj1fn9p16yp_t2xwtw0000gn/T/xcode-bench-dd-yypjhhwm/Build/Products/Debug-iphonesimulator/FieldHT.app/LV.png /Users/benjaminfaershtein/Documents/FieldHT/FieldHT/Resources/APRSSymbols/LV.png (in target 'FieldHT' from project 'FieldHT')
    cd /Users/benjaminfaershtein/Documents/FieldHT
    /Applications/Xcode.app/Contents/Developer/usr/bin/copypng -compress -strip-PNG-text /Users/benjaminfaershtein/Documents/FieldHT/FieldHT/Resources/APRSSymbols/LV.png /var/folders/pm/b8pk4ccj1fn9p16yp_t2xwtw0000gn/T/xcode-bench-dd-yypjhhwm/Build/Products/Debug-iphonesimulator/FieldHT.app/LV.png

CopyPNGFile /var/folders/pm/b8pk4ccj1fn9p16yp_t2xwtw0000gn/T/xcode-bench-dd-yypjhhwm/Build/Products/Debug-iphonesimulator/FieldHT.app/LU.png /Users/benjaminfaershtein/Documents/FieldHT/FieldHT/Resources/APRSSymbols/LU.png (in target 'FieldHT' from project 'FieldHT')
    cd /Users/benjaminfaershtein/Documents/FieldHT
    /Applications/Xcode.app/Contents/Developer/usr/bin/copypng -compress -strip-PNG-text /Users/benjaminfaershtein/Documents/FieldHT/FieldHT/Resources/APRSSymbols/LU.png /var/folders/pm/b8pk4ccj1fn9p16yp_t2xwtw0000gn/T/xcode-bench-dd-yypjhhwm/Build/Products/Debug-iphonesimulator/FieldHT.app/LU.png

SwiftExplicitDependencyGeneratePcm arm64 /var/folders/pm/b8pk4ccj1fn9p16yp_t2xwtw0000gn/T/xcode-bench-dd-yypjhhwm/ModuleCache.noindex/CoreImage-6YBMPE0CP6YT9Q906GXMBNGXK.pcm

SwiftExplicitDependencyGeneratePcm arm64 /var/folders/pm/b8pk4ccj1fn9p16yp_t2xwtw0000gn/T/xcode-bench-dd-yypjhhwm/ModuleCache.noindex/QuartzCore-DXM8Y4SRXZ3JIPVZPAFIVLSMU.pcm

CopyPNGFile /var/folders/pm/b8pk4ccj1fn9p16yp_t2xwtw0000gn/T/xcode-bench-dd-yypjhhwm/Build/Products/Debug-iphonesimulator/FieldHT.app/LT.png /Users/benjaminfaershtein/Documents/FieldHT/FieldHT/Resources/APRSSymbols/LT.png (in target 'FieldHT' from project 'FieldHT')
    cd /Users/benjaminfaershtein/Documents/FieldHT
    /Applications/Xcode.app/Contents/Developer/usr/bin/copypng -compress -strip-PNG-text /Users/benjaminfaershtein/Documents/FieldHT/FieldHT/Resources/APRSSymbols/LT.png /var/folders/pm/b8pk4ccj1fn9p16yp_t2xwtw0000gn/T/xcode-bench-dd-yypjhhwm/Build/Products/Debug-iphonesimulator/FieldHT.app/LT.png

CopyPNGFile /var/folders/pm/b8pk4ccj1fn9p16yp_t2xwtw0000gn/T/xcode-bench-dd-yypjhhwm/Build/Products/Debug-iphonesimulator/FieldHT.app/LS.png /Users/benjaminfaershtein/Documents/FieldHT/FieldHT/Resources/APRSSymbols/LS.png (in target 'FieldHT' from project 'FieldHT')
    cd /Users/benjaminfaershtein/Documents/FieldHT
    /Applications/Xcode.app/Contents/Developer/usr/bin/copypng -compress -strip-PNG-text /Users/benjaminfaershtein/Documents/FieldHT/FieldHT/Resources/APRSSymbols/LS.png /var/folders/pm/b8pk4ccj1fn9p16yp_t2xwtw0000gn/T/xcode-bench-dd-yypjhhwm/Build/Products/Debug-iphonesimulator/FieldHT.app/LS.png

CopyPNGFile /var/folders/pm/b8pk4ccj1fn9p16yp_t2xwtw0000gn/T/xcode-bench-dd-yypjhhwm/Build/Products/Debug-iphonesimulator/FieldHT.app/LR.png /Users/benjaminfaershtein/Documents/FieldHT/FieldHT/Resources/APRSSymbols/LR.png (in target 'FieldHT' from project 'FieldHT')
    cd /Users/benjaminfaershtein/Documents/FieldHT
    /Applications/Xcode.app/Contents/Developer/usr/bin/copypng -compress -strip-PNG-text /Users/benjaminfaershtein/Documents/FieldHT/FieldHT/Resources/APRSSymbols/LR.png /var/folders/pm/b8pk4ccj1fn9p16yp_t2xwtw0000gn/T/xcode-bench-dd-yypjhhwm/Build/Products/Debug-iphonesimulator/FieldHT.app/LR.png

CopyPNGFile /var/folders/pm/b8pk4ccj1fn9p16yp_t2xwtw0000gn/T/xcode-bench-dd-yypjhhwm/Build/Products/Debug-iphonesimulator/FieldHT.app/LQ.png /Users/benjaminfaershtein/Documents/FieldHT/FieldHT/Resources/APRSSymbols/LQ.png (in target 'FieldHT' from project 'FieldHT')
    cd /Users/benjaminfaershtein/Documents/FieldHT
    /Applications/Xcode.app/Contents/Developer/usr/bin/copypng -compress -strip-PNG-text /Users/benjaminfaershtein/Documents/FieldHT/FieldHT/Resources/APRSSymbols/LQ.png /var/folders/pm/b8pk4ccj1fn9p16yp_t2xwtw0000gn/T/xcode-bench-dd-yypjhhwm/Build/Products/Debug-iphonesimulator/FieldHT.app/LQ.png

CopyPNGFile /var/folders/pm/b8pk4ccj1fn9p16yp_t2xwtw0000gn/T/xcode-bench-dd-yypjhhwm/Build/Products/Debug-iphonesimulator/FieldHT.app/LP.png /Users/benjaminfaershtein/Documents/FieldHT/FieldHT/Resources/APRSSymbols/LP.png (in target 'FieldHT' from project 'FieldHT')
    cd /Users/benjaminfaershtein/Documents/FieldHT
    /Applications/Xcode.app/Contents/Developer/usr/bin/copypng -compress -strip-PNG-text /Users/benjaminfaershtein/Documents/FieldHT/FieldHT/Resources/APRSSymbols/LP.png /var/folders/pm/b8pk4ccj1fn9p16yp_t2xwtw0000gn/T/xcode-bench-dd-yypjhhwm/Build/Products/Debug-iphonesimulator/FieldHT.app/LP.png

CopyPNGFile /var/folders/pm/b8pk4ccj1fn9p16yp_t2xwtw0000gn/T/xcode-bench-dd-yypjhhwm/Build/Products/Debug-iphonesimulator/FieldHT.app/LO.png /Users/benjaminfaershtein/Documents/FieldHT/FieldHT/Resources/APRSSymbols/LO.png (in target 'FieldHT' from project 'FieldHT')
    cd /Users/benjaminfaershtein/Documents/FieldHT
    /Applications/Xcode.app/Contents/Developer/usr/bin/copypng -compress -strip-PNG-text /Users/benjaminfaershtein/Documents/FieldHT/FieldHT/Resources/APRSSymbols/LO.png /var/folders/pm/b8pk4ccj1fn9p16yp_t2xwtw0000gn/T/xcode-bench-dd-yypjhhwm/Build/Products/Debug-iphonesimulator/FieldHT.app/LO.png

CopyPNGFile /var/folders/pm/b8pk4ccj1fn9p16yp_t2xwtw0000gn/T/xcode-bench-dd-yypjhhwm/Build/Products/Debug-iphonesimulator/FieldHT.app/LN.png /Users/benjaminfaershtein/Documents/FieldHT/FieldHT/Resources/APRSSymbols/LN.png (in target 'FieldHT' from project 'FieldHT')
    cd /Users/benjaminfaershtein/Documents/FieldHT
    /Applications/Xcode.app/Contents/Developer/usr/bin/copypng -compress -strip-PNG-text /Users/benjaminfaershtein/Documents/FieldHT/FieldHT/Resources/APRSSymbols/LN.png /var/folders/pm/b8pk4ccj1fn9p16yp_t2xwtw0000gn/T/xcode-bench-dd-yypjhhwm/Build/Products/Debug-iphonesimulator/FieldHT.app/LN.png

CopyPNGFile /var/folders/pm/b8pk4ccj1fn9p16yp_t2xwtw0000gn/T/xcode-bench-dd-yypjhhwm/Build/Products/Debug-iphonesimulator/FieldHT.app/LM.png /Users/benjaminfaershtein/Documents/FieldHT/FieldHT/Resources/APRSSymbols/LM.png (in target 'FieldHT' from project 'FieldHT')
    cd /Users/benjaminfaershtein/Documents/FieldHT
    /Applications/Xcode.app/Contents/Developer/usr/bin/copypng -compress -strip-PNG-text /Users/benjaminfaershtein/Documents/FieldHT/FieldHT/Resources/APRSSymbols/LM.png /var/folders/pm/b8pk4ccj1fn9p16yp_t2xwtw0000gn/T/xcode-bench-dd-yypjhhwm/Build/Products/Debug-iphonesimulator/FieldHT.app/LM.png

CopyPNGFile /var/folders/pm/b8pk4ccj1fn9p16yp_t2xwtw0000gn/T/xcode-bench-dd-yypjhhwm/Build/Products/Debug-iphonesimulator/FieldHT.app/LL.png /Users/benjaminfaershtein/Documents/FieldHT/FieldHT/Resources/APRSSymbols/LL.png (in target 'FieldHT' from project 'FieldHT')
    cd /Users/benjaminfaershtein/Documents/FieldHT
    /Applications/Xcode.app/Contents/Developer/usr/bin/copypng -compress -strip-PNG-text /Users/benjaminfaershtein/Documents/FieldHT/FieldHT/Resources/APRSSymbols/LL.png /var/folders/pm/b8pk4ccj1fn9p16yp_t2xwtw0000gn/T/xcode-bench-dd-yypjhhwm/Build/Products/Debug-iphonesimulator/FieldHT.app/LL.png

CopyPNGFile /var/folders/pm/b8pk4ccj1fn9p16yp_t2xwtw0000gn/T/xcode-bench-dd-yypjhhwm/Build/Products/Debug-iphonesimulator/FieldHT.app/LK.png /Users/benjaminfaershtein/Documents/FieldHT/FieldHT/Resources/APRSSymbols/LK.png (in target 'FieldHT' from project 'FieldHT')
    cd /Users/benjaminfaershtein/Documents/FieldHT
    /Applications/Xcode.app/Contents/Developer/usr/bin/copypng -compress -strip-PNG-text /Users/benjaminfaershtein/Documents/FieldHT/FieldHT/Resources/APRSSymbols/LK.png /var/folders/pm/b8pk4ccj1fn9p16yp_t2xwtw0000gn/T/xcode-bench-dd-yypjhhwm/Build/Products/Debug-iphonesimulator/FieldHT.app/LK.png

CopyPNGFile /var/folders/pm/b8pk4ccj1fn9p16yp_t2xwtw0000gn/T/xcode-bench-dd-yypjhhwm/Build/Products/Debug-iphonesimulator/FieldHT.app/LJ.png /Users/benjaminfaershtein/Documents/FieldHT/FieldHT/Resources/APRSSymbols/LJ.png (in target 'FieldHT' from project 'FieldHT')
    cd /Users/benjaminfaershtein/Documents/FieldHT
    /Applications/Xcode.app/Contents/Developer/usr/bin/copypng -compress -strip-PNG-text /Users/benjaminfaershtein/Documents/FieldHT/FieldHT/Resources/APRSSymbols/LJ.png /var/folders/pm/b8pk4ccj1fn9p16yp_t2xwtw0000gn/T/xcode-bench-dd-yypjhhwm/Build/Products/Debug-iphonesimulator/FieldHT.app/LJ.png

CopyPNGFile /var/folders/pm/b8pk4ccj1fn9p16yp_t2xwtw0000gn/T/xcode-bench-dd-yypjhhwm/Build/Products/Debug-iphonesimulator/FieldHT.app/LI.png /Users/benjaminfaershtein/Documents/FieldHT/FieldHT/Resources/APRSSymbols/LI.png (in target 'FieldHT' from project 'FieldHT')
    cd /Users/benjaminfaershtein/Documents/FieldHT
    /Applications/Xcode.app/Contents/Developer/usr/bin/copypng -compress -strip-PNG-text /Users/benjaminfaershtein/Documents/FieldHT/FieldHT/Resources/APRSSymbols/LI.png /var/folders/pm/b8pk4ccj1fn9p16yp_t2xwtw0000gn/T/xcode-bench-dd-yypjhhwm/Build/Products/Debug-iphonesimulator/FieldHT.app/LI.png

CopyPNGFile /var/folders/pm/b8pk4ccj1fn9p16yp_t2xwtw0000gn/T/xcode-bench-dd-yypjhhwm/Build/Products/Debug-iphonesimulator/FieldHT.app/LH.png /Users/benjaminfaershtein/Documents/FieldHT/FieldHT/Resources/APRSSymbols/LH.png (in target 'FieldHT' from project 'FieldHT')
    cd /Users/benjaminfaershtein/Documents/FieldHT
    /Applications/Xcode.app/Contents/Developer/usr/bin/copypng -compress -strip-PNG-text /Users/benjaminfaershtein/Documents/FieldHT/FieldHT/Resources/APRSSymbols/LH.png /var/folders/pm/b8pk4ccj1fn9p16yp_t2xwtw0000gn/T/xcode-bench-dd-yypjhhwm/Build/Products/Debug-iphonesimulator/FieldHT.app/LH.png

CopyPNGFile /var/folders/pm/b8pk4ccj1fn9p16yp_t2xwtw0000gn/T/xcode-bench-dd-yypjhhwm/Build/Products/Debug-iphonesimulator/FieldHT.app/LG.png /Users/benjaminfaershtein/Documents/FieldHT/FieldHT/Resources/APRSSymbols/LG.png (in target 'FieldHT' from project 'FieldHT')
    cd /Users/benjaminfaershtein/Documents/FieldHT
    /Applications/Xcode.app/Contents/Developer/usr/bin/copypng -compress -strip-PNG-text /Users/benjaminfaershtein/Documents/FieldHT/FieldHT/Resources/APRSSymbols/LG.png /var/folders/pm/b8pk4ccj1fn9p16yp_t2xwtw0000gn/T/xcode-bench-dd-yypjhhwm/Build/Products/Debug-iphonesimulator/FieldHT.app/LG.png

CopyPNGFile /var/folders/pm/b8pk4ccj1fn9p16yp_t2xwtw0000gn/T/xcode-bench-dd-yypjhhwm/Build/Products/Debug-iphonesimulator/FieldHT.app/LF.png /Users/benjaminfaershtein/Documents/FieldHT/FieldHT/Resources/APRSSymbols/LF.png (in target 'FieldHT' from project 'FieldHT')
    cd /Users/benjaminfaershtein/Documents/FieldHT
    /Applications/Xcode.app/Contents/Developer/usr/bin/copypng -compress -strip-PNG-text /Users/benjaminfaershtein/Documents/FieldHT/FieldHT/Resources/APRSSymbols/LF.png /var/folders/pm/b8pk4ccj1fn9p16yp_t2xwtw0000gn/T/xcode-bench-dd-yypjhhwm/Build/Products/Debug-iphonesimulator/FieldHT.app/LF.png

CopyPNGFile /var/folders/pm/b8pk4ccj1fn9p16yp_t2xwtw0000gn/T/xcode-bench-dd-yypjhhwm/Build/Products/Debug-iphonesimulator/FieldHT.app/LE.png /Users/benjaminfaershtein/Documents/FieldHT/FieldHT/Resources/APRSSymbols/LE.png (in target 'FieldHT' from project 'FieldHT')
    cd /Users/benjaminfaershtein/Documents/FieldHT
    /Applications/Xcode.app/Contents/Developer/usr/bin/copypng -compress -strip-PNG-text /Users/benjaminfaershtein/Documents/FieldHT/FieldHT/Resources/APRSSymbols/LE.png /var/folders/pm/b8pk4ccj1fn9p16yp_t2xwtw0000gn/T/xcode-bench-dd-yypjhhwm/Build/Products/Debug-iphonesimulator/FieldHT.app/LE.png

CopyPNGFile /var/folders/pm/b8pk4ccj1fn9p16yp_t2xwtw0000gn/T/xcode-bench-dd-yypjhhwm/Build/Products/Debug-iphonesimulator/FieldHT.app/LD.png /Users/benjaminfaershtein/Documents/FieldHT/FieldHT/Resources/APRSSymbols/LD.png (in target 'FieldHT' from project 'FieldHT')
    cd /Users/benjaminfaershtein/Documents/FieldHT
    /Applications/Xcode.app/Contents/Developer/usr/bin/copypng -compress -strip-PNG-text /Users/benjaminfaershtein/Documents/FieldHT/FieldHT/Resources/APRSSymbols/LD.png /var/folders/pm/b8pk4ccj1fn9p16yp_t2xwtw0000gn/T/xcode-bench-dd-yypjhhwm/Build/Products/Debug-iphonesimulator/FieldHT.app/LD.png

CopyPNGFile /var/folders/pm/b8pk4ccj1fn9p16yp_t2xwtw0000gn/T/xcode-bench-dd-yypjhhwm/Build/Products/Debug-iphonesimulator/FieldHT.app/LC.png /Users/benjaminfaershtein/Documents/FieldHT/FieldHT/Resources/APRSSymbols/LC.png (in target 'FieldHT' from project 'FieldHT')
    cd /Users/benjaminfaershtein/Documents/FieldHT
    /Applications/Xcode.app/Contents/Developer/usr/bin/copypng -compress -strip-PNG-text /Users/benjaminfaershtein/Documents/FieldHT/FieldHT/Resources/APRSSymbols/LC.png /var/folders/pm/b8pk4ccj1fn9p16yp_t2xwtw0000gn/T/xcode-bench-dd-yypjhhwm/Build/Products/Debug-iphonesimulator/FieldHT.app/LC.png

CopyPNGFile /var/folders/pm/b8pk4ccj1fn9p16yp_t2xwtw0000gn/T/xcode-bench-dd-yypjhhwm/Build/Products/Debug-iphonesimulator/FieldHT.app/LB.png /Users/benjaminfaershtein/Documents/FieldHT/FieldHT/Resources/APRSSymbols/LB.png (in target 'FieldHT' from project 'FieldHT')
    cd /Users/benjaminfaershtein/Documents/FieldHT
    /Applications/Xcode.app/Contents/Developer/usr/bin/copypng -compress -strip-PNG-text /Users/benjaminfaershtein/Documents/FieldHT/FieldHT/Resources/APRSSymbols/LB.png /var/folders/pm/b8pk4ccj1fn9p16yp_t2xwtw0000gn/T/xcode-bench-dd-yypjhhwm/Build/Products/Debug-iphonesimulator/FieldHT.app/LB.png

CopyPNGFile /var/folders/pm/b8pk4ccj1fn9p16yp_t2xwtw0000gn/T/xcode-bench-dd-yypjhhwm/Build/Products/Debug-iphonesimulator/FieldHT.app/LA.png /Users/benjaminfaershtein/Documents/FieldHT/FieldHT/Resources/APRSSymbols/LA.png (in target 'FieldHT' from project 'FieldHT')
    cd /Users/benjaminfaershtein/Documents/FieldHT
    /Applications/Xcode.app/Contents/Developer/usr/bin/copypng -compress -strip-PNG-text /Users/benjaminfaershtein/Documents/FieldHT/FieldHT/Resources/APRSSymbols/LA.png /var/folders/pm/b8pk4ccj1fn9p16yp_t2xwtw0000gn/T/xcode-bench-dd-yypjhhwm/Build/Products/Debug-iphonesimulator/FieldHT.app/LA.png

CopyPNGFile /var/folders/pm/b8pk4ccj1fn9p16yp_t2xwtw0000gn/T/xcode-bench-dd-yypjhhwm/Build/Products/Debug-iphonesimulator/FieldHT.app/HX.png /Users/benjaminfaershtein/Documents/FieldHT/FieldHT/Resources/APRSSymbols/HX.png (in target 'FieldHT' from project 'FieldHT')
    cd /Users/benjaminfaershtein/Documents/FieldHT
    /Applications/Xcode.app/Contents/Developer/usr/bin/copypng -compress -strip-PNG-text /Users/benjaminfaershtein/Documents/FieldHT/FieldHT/Resources/APRSSymbols/HX.png /var/folders/pm/b8pk4ccj1fn9p16yp_t2xwtw0000gn/T/xcode-bench-dd-yypjhhwm/Build/Products/Debug-iphonesimulator/FieldHT.app/HX.png

SwiftExplicitDependencyGeneratePcm arm64 /var/folders/pm/b8pk4ccj1fn9p16yp_t2xwtw0000gn/T/xcode-bench-dd-yypjhhwm/ModuleCache.noindex/SwiftUICore-BMO958HONVY6XAKVK6DHD8ULF.pcm

CopyPNGFile /var/folders/pm/b8pk4ccj1fn9p16yp_t2xwtw0000gn/T/xcode-bench-dd-yypjhhwm/Build/Products/Debug-iphonesimulator/FieldHT.app/HW.png /Users/benjaminfaershtein/Documents/FieldHT/FieldHT/Resources/APRSSymbols/HW.png (in target 'FieldHT' from project 'FieldHT')
    cd /Users/benjaminfaershtein/Documents/FieldHT
    /Applications/Xcode.app/Contents/Developer/usr/bin/copypng -compress -strip-PNG-text /Users/benjaminfaershtein/Documents/FieldHT/FieldHT/Resources/APRSSymbols/HW.png /var/folders/pm/b8pk4ccj1fn9p16yp_t2xwtw0000gn/T/xcode-bench-dd-yypjhhwm/Build/Products/Debug-iphonesimulator/FieldHT.app/HW.png

CopyPNGFile /var/folders/pm/b8pk4ccj1fn9p16yp_t2xwtw0000gn/T/xcode-bench-dd-yypjhhwm/Build/Products/Debug-iphonesimulator/FieldHT.app/HV.png /Users/benjaminfaershtein/Documents/FieldHT/FieldHT/Resources/APRSSymbols/HV.png (in target 'FieldHT' from project 'FieldHT')
    cd /Users/benjaminfaershtein/Documents/FieldHT
    /Applications/Xcode.app/Contents/Developer/usr/bin/copypng -compress -strip-PNG-text /Users/benjaminfaershtein/Documents/FieldHT/FieldHT/Resources/APRSSymbols/HV.png /var/folders/pm/b8pk4ccj1fn9p16yp_t2xwtw0000gn/T/xcode-bench-dd-yypjhhwm/Build/Products/Debug-iphonesimulator/FieldHT.app/HV.png

CopyPNGFile /var/folders/pm/b8pk4ccj1fn9p16yp_t2xwtw0000gn/T/xcode-bench-dd-yypjhhwm/Build/Products/Debug-iphonesimulator/FieldHT.app/HU.png /Users/benjaminfaershtein/Documents/FieldHT/FieldHT/Resources/APRSSymbols/HU.png (in target 'FieldHT' from project 'FieldHT')
    cd /Users/benjaminfaershtein/Documents/FieldHT
    /Applications/Xcode.app/Contents/Developer/usr/bin/copypng -compress -strip-PNG-text /Users/benjaminfaershtein/Documents/FieldHT/FieldHT/Resources/APRSSymbols/HU.png /var/folders/pm/b8pk4ccj1fn9p16yp_t2xwtw0000gn/T/xcode-bench-dd-yypjhhwm/Build/Products/Debug-iphonesimulator/FieldHT.app/HU.png

SwiftExplicitDependencyGeneratePcm arm64 /var/folders/pm/b8pk4ccj1fn9p16yp_t2xwtw0000gn/T/xcode-bench-dd-yypjhhwm/ModuleCache.noindex/UIKit-EXJL668UE1GUTUMCST96TT9RF.pcm

CopyPNGFile /var/folders/pm/b8pk4ccj1fn9p16yp_t2xwtw0000gn/T/xcode-bench-dd-yypjhhwm/Build/Products/Debug-iphonesimulator/FieldHT.app/HT.png /Users/benjaminfaershtein/Documents/FieldHT/FieldHT/Resources/APRSSymbols/HT.png (in target 'FieldHT' from project 'FieldHT')
    cd /Users/benjaminfaershtein/Documents/FieldHT
    /Applications/Xcode.app/Contents/Developer/usr/bin/copypng -compress -strip-PNG-text /Users/benjaminfaershtein/Documents/FieldHT/FieldHT/Resources/APRSSymbols/HT.png /var/folders/pm/b8pk4ccj1fn9p16yp_t2xwtw0000gn/T/xcode-bench-dd-yypjhhwm/Build/Products/Debug-iphonesimulator/FieldHT.app/HT.png

CopyPNGFile /var/folders/pm/b8pk4ccj1fn9p16yp_t2xwtw0000gn/T/xcode-bench-dd-yypjhhwm/Build/Products/Debug-iphonesimulator/FieldHT.app/HS.png /Users/benjaminfaershtein/Documents/FieldHT/FieldHT/Resources/APRSSymbols/HS.png (in target 'FieldHT' from project 'FieldHT')
    cd /Users/benjaminfaershtein/Documents/FieldHT
    /Applications/Xcode.app/Contents/Developer/usr/bin/copypng -compress -strip-PNG-text /Users/benjaminfaershtein/Documents/FieldHT/FieldHT/Resources/APRSSymbols/HS.png /var/folders/pm/b8pk4ccj1fn9p16yp_t2xwtw0000gn/T/xcode-bench-dd-yypjhhwm/Build/Products/Debug-iphonesimulator/FieldHT.app/HS.png

CopyPNGFile /var/folders/pm/b8pk4ccj1fn9p16yp_t2xwtw0000gn/T/xcode-bench-dd-yypjhhwm/Build/Products/Debug-iphonesimulator/FieldHT.app/DX.png /Users/benjaminfaershtein/Documents/FieldHT/FieldHT/Resources/APRSSymbols/DX.png (in target 'FieldHT' from project 'FieldHT')
    cd /Users/benjaminfaershtein/Documents/FieldHT
    /Applications/Xcode.app/Contents/Developer/usr/bin/copypng -compress -strip-PNG-text /Users/benjaminfaershtein/Documents/FieldHT/FieldHT/Resources/APRSSymbols/DX.png /var/folders/pm/b8pk4ccj1fn9p16yp_t2xwtw0000gn/T/xcode-bench-dd-yypjhhwm/Build/Products/Debug-iphonesimulator/FieldHT.app/DX.png

CopyPNGFile /var/folders/pm/b8pk4ccj1fn9p16yp_t2xwtw0000gn/T/xcode-bench-dd-yypjhhwm/Build/Products/Debug-iphonesimulator/FieldHT.app/DW.png /Users/benjaminfaershtein/Documents/FieldHT/FieldHT/Resources/APRSSymbols/DW.png (in target 'FieldHT' from project 'FieldHT')
    cd /Users/benjaminfaershtein/Documents/FieldHT
    /Applications/Xcode.app/Contents/Developer/usr/bin/copypng -compress -strip-PNG-text /Users/benjaminfaershtein/Documents/FieldHT/FieldHT/Resources/APRSSymbols/DW.png /var/folders/pm/b8pk4ccj1fn9p16yp_t2xwtw0000gn/T/xcode-bench-dd-yypjhhwm/Build/Products/Debug-iphonesimulator/FieldHT.app/DW.png

CopyPNGFile /var/folders/pm/b8pk4ccj1fn9p16yp_t2xwtw0000gn/T/xcode-bench-dd-yypjhhwm/Build/Products/Debug-iphonesimulator/FieldHT.app/DV.png /Users/benjaminfaershtein/Documents/FieldHT/FieldHT/Resources/APRSSymbols/DV.png (in target 'FieldHT' from project 'FieldHT')
    cd /Users/benjaminfaershtein/Documents/FieldHT
    /Applications/Xcode.app/Contents/Developer/usr/bin/copypng -compress -strip-PNG-text /Users/benjaminfaershtein/Documents/FieldHT/FieldHT/Resources/APRSSymbols/DV.png /var/folders/pm/b8pk4ccj1fn9p16yp_t2xwtw0000gn/T/xcode-bench-dd-yypjhhwm/Build/Products/Debug-iphonesimulator/FieldHT.app/DV.png

CopyPNGFile /var/folders/pm/b8pk4ccj1fn9p16yp_t2xwtw0000gn/T/xcode-bench-dd-yypjhhwm/Build/Products/Debug-iphonesimulator/FieldHT.app/DS.png /Users/benjaminfaershtein/Documents/FieldHT/FieldHT/Resources/APRSSymbols/DS.png (in target 'FieldHT' from project 'FieldHT')
    cd /Users/benjaminfaershtein/Documents/FieldHT
    /Applications/Xcode.app/Contents/Developer/usr/bin/copypng -compress -strip-PNG-text /Users/benjaminfaershtein/Documents/FieldHT/FieldHT/Resources/APRSSymbols/DS.png /var/folders/pm/b8pk4ccj1fn9p16yp_t2xwtw0000gn/T/xcode-bench-dd-yypjhhwm/Build/Products/Debug-iphonesimulator/FieldHT.app/DS.png

CopyPNGFile /var/folders/pm/b8pk4ccj1fn9p16yp_t2xwtw0000gn/T/xcode-bench-dd-yypjhhwm/Build/Products/Debug-iphonesimulator/FieldHT.app/BP.png /Users/benjaminfaershtein/Documents/FieldHT/FieldHT/Resources/APRSSymbols/BP.png (in target 'FieldHT' from project 'FieldHT')
    cd /Users/benjaminfaershtein/Documents/FieldHT
    /Applications/Xcode.app/Contents/Developer/usr/bin/copypng -compress -strip-PNG-text /Users/benjaminfaershtein/Documents/FieldHT/FieldHT/Resources/APRSSymbols/BP.png /var/folders/pm/b8pk4ccj1fn9p16yp_t2xwtw0000gn/T/xcode-bench-dd-yypjhhwm/Build/Products/Debug-iphonesimulator/FieldHT.app/BP.png

CopyPNGFile /var/folders/pm/b8pk4ccj1fn9p16yp_t2xwtw0000gn/T/xcode-bench-dd-yypjhhwm/Build/Products/Debug-iphonesimulator/FieldHT.app/BO.png /Users/benjaminfaershtein/Documents/FieldHT/FieldHT/Resources/APRSSymbols/BO.png (in target 'FieldHT' from project 'FieldHT')
    cd /Users/benjaminfaershtein/Documents/FieldHT
    /Applications/Xcode.app/Contents/Developer/usr/bin/copypng -compress -strip-PNG-text /Users/benjaminfaershtein/Documents/FieldHT/FieldHT/Resources/APRSSymbols/BO.png /var/folders/pm/b8pk4ccj1fn9p16yp_t2xwtw0000gn/T/xcode-bench-dd-yypjhhwm/Build/Products/Debug-iphonesimulator/FieldHT.app/BO.png

CopyPNGFile /var/folders/pm/b8pk4ccj1fn9p16yp_t2xwtw0000gn/T/xcode-bench-dd-yypjhhwm/Build/Products/Debug-iphonesimulator/FieldHT.app/BN.png /Users/benjaminfaershtein/Documents/FieldHT/FieldHT/Resources/APRSSymbols/BN.png (in target 'FieldHT' from project 'FieldHT')
    cd /Users/benjaminfaershtein/Documents/FieldHT
    /Applications/Xcode.app/Contents/Developer/usr/bin/copypng -compress -strip-PNG-text /Users/benjaminfaershtein/Documents/FieldHT/FieldHT/Resources/APRSSymbols/BN.png /var/folders/pm/b8pk4ccj1fn9p16yp_t2xwtw0000gn/T/xcode-bench-dd-yypjhhwm/Build/Products/Debug-iphonesimulator/FieldHT.app/BN.png

CopyPNGFile /var/folders/pm/b8pk4ccj1fn9p16yp_t2xwtw0000gn/T/xcode-bench-dd-yypjhhwm/Build/Products/Debug-iphonesimulator/FieldHT.app/BM.png /Users/benjaminfaershtein/Documents/FieldHT/FieldHT/Resources/APRSSymbols/BM.png (in target 'FieldHT' from project 'FieldHT')
    cd /Users/benjaminfaershtein/Documents/FieldHT
    /Applications/Xcode.app/Contents/Developer/usr/bin/copypng -compress -strip-PNG-text /Users/benjaminfaershtein/Documents/FieldHT/FieldHT/Resources/APRSSymbols/BM.png /var/folders/pm/b8pk4ccj1fn9p16yp_t2xwtw0000gn/T/xcode-bench-dd-yypjhhwm/Build/Products/Debug-iphonesimulator/FieldHT.app/BM.png

CopyPNGFile /var/folders/pm/b8pk4ccj1fn9p16yp_t2xwtw0000gn/T/xcode-bench-dd-yypjhhwm/Build/Products/Debug-iphonesimulator/FieldHT.app/BL.png /Users/benjaminfaershtein/Documents/FieldHT/FieldHT/Resources/APRSSymbols/BL.png (in target 'FieldHT' from project 'FieldHT')
    cd /Users/benjaminfaershtein/Documents/FieldHT
    /Applications/Xcode.app/Contents/Developer/usr/bin/copypng -compress -strip-PNG-text /Users/benjaminfaershtein/Documents/FieldHT/FieldHT/Resources/APRSSymbols/BL.png /var/folders/pm/b8pk4ccj1fn9p16yp_t2xwtw0000gn/T/xcode-bench-dd-yypjhhwm/Build/Products/Debug-iphonesimulator/FieldHT.app/BL.png

CopyPNGFile /var/folders/pm/b8pk4ccj1fn9p16yp_t2xwtw0000gn/T/xcode-bench-dd-yypjhhwm/Build/Products/Debug-iphonesimulator/FieldHT.app/BK.png /Users/benjaminfaershtein/Documents/FieldHT/FieldHT/Resources/APRSSymbols/BK.png (in target 'FieldHT' from project 'FieldHT')
    cd /Users/benjaminfaershtein/Documents/FieldHT
    /Applications/Xcode.app/Contents/Developer/usr/bin/copypng -compress -strip-PNG-text /Users/benjaminfaershtein/Documents/FieldHT/FieldHT/Resources/APRSSymbols/BK.png /var/folders/pm/b8pk4ccj1fn9p16yp_t2xwtw0000gn/T/xcode-bench-dd-yypjhhwm/Build/Products/Debug-iphonesimulator/FieldHT.app/BK.png

CopyPNGFile /var/folders/pm/b8pk4ccj1fn9p16yp_t2xwtw0000gn/T/xcode-bench-dd-yypjhhwm/Build/Products/Debug-iphonesimulator/FieldHT.app/BJ.png /Users/benjaminfaershtein/Documents/FieldHT/FieldHT/Resources/APRSSymbols/BJ.png (in target 'FieldHT' from project 'FieldHT')
    cd /Users/benjaminfaershtein/Documents/FieldHT
    /Applications/Xcode.app/Contents/Developer/usr/bin/copypng -compress -strip-PNG-text /Users/benjaminfaershtein/Documents/FieldHT/FieldHT/Resources/APRSSymbols/BJ.png /var/folders/pm/b8pk4ccj1fn9p16yp_t2xwtw0000gn/T/xcode-bench-dd-yypjhhwm/Build/Products/Debug-iphonesimulator/FieldHT.app/BJ.png

CopyPNGFile /var/folders/pm/b8pk4ccj1fn9p16yp_t2xwtw0000gn/T/xcode-bench-dd-yypjhhwm/Build/Products/Debug-iphonesimulator/FieldHT.app/BI.png /Users/benjaminfaershtein/Documents/FieldHT/FieldHT/Resources/APRSSymbols/BI.png (in target 'FieldHT' from project 'FieldHT')
    cd /Users/benjaminfaershtein/Documents/FieldHT
    /Applications/Xcode.app/Contents/Developer/usr/bin/copypng -compress -strip-PNG-text /Users/benjaminfaershtein/Documents/FieldHT/FieldHT/Resources/APRSSymbols/BI.png /var/folders/pm/b8pk4ccj1fn9p16yp_t2xwtw0000gn/T/xcode-bench-dd-yypjhhwm/Build/Products/Debug-iphonesimulator/FieldHT.app/BI.png

CopyPNGFile /var/folders/pm/b8pk4ccj1fn9p16yp_t2xwtw0000gn/T/xcode-bench-dd-yypjhhwm/Build/Products/Debug-iphonesimulator/FieldHT.app/BH.png /Users/benjaminfaershtein/Documents/FieldHT/FieldHT/Resources/APRSSymbols/BH.png (in target 'FieldHT' from project 'FieldHT')
    cd /Users/benjaminfaershtein/Documents/FieldHT
    /Applications/Xcode.app/Contents/Developer/usr/bin/copypng -compress -strip-PNG-text /Users/benjaminfaershtein/Documents/FieldHT/FieldHT/Resources/APRSSymbols/BH.png /var/folders/pm/b8pk4ccj1fn9p16yp_t2xwtw0000gn/T/xcode-bench-dd-yypjhhwm/Build/Products/Debug-iphonesimulator/FieldHT.app/BH.png

CopyPNGFile /var/folders/pm/b8pk4ccj1fn9p16yp_t2xwtw0000gn/T/xcode-bench-dd-yypjhhwm/Build/Products/Debug-iphonesimulator/FieldHT.app/BG.png /Users/benjaminfaershtein/Documents/FieldHT/FieldHT/Resources/APRSSymbols/BG.png (in target 'FieldHT' from project 'FieldHT')
    cd /Users/benjaminfaershtein/Documents/FieldHT
    /Applications/Xcode.app/Contents/Developer/usr/bin/copypng -compress -strip-PNG-text /Users/benjaminfaershtein/Documents/FieldHT/FieldHT/Resources/APRSSymbols/BG.png /var/folders/pm/b8pk4ccj1fn9p16yp_t2xwtw0000gn/T/xcode-bench-dd-yypjhhwm/Build/Products/Debug-iphonesimulator/FieldHT.app/BG.png

CopyPNGFile /var/folders/pm/b8pk4ccj1fn9p16yp_t2xwtw0000gn/T/xcode-bench-dd-yypjhhwm/Build/Products/Debug-iphonesimulator/FieldHT.app/BF.png /Users/benjaminfaershtein/Documents/FieldHT/FieldHT/Resources/APRSSymbols/BF.png (in target 'FieldHT' from project 'FieldHT')
    cd /Users/benjaminfaershtein/Documents/FieldHT
    /Applications/Xcode.app/Contents/Developer/usr/bin/copypng -compress -strip-PNG-text /Users/benjaminfaershtein/Documents/FieldHT/FieldHT/Resources/APRSSymbols/BF.png /var/folders/pm/b8pk4ccj1fn9p16yp_t2xwtw0000gn/T/xcode-bench-dd-yypjhhwm/Build/Products/Debug-iphonesimulator/FieldHT.app/BF.png

CopyPNGFile /var/folders/pm/b8pk4ccj1fn9p16yp_t2xwtw0000gn/T/xcode-bench-dd-yypjhhwm/Build/Products/Debug-iphonesimulator/FieldHT.app/BE.png /Users/benjaminfaershtein/Documents/FieldHT/FieldHT/Resources/APRSSymbols/BE.png (in target 'FieldHT' from project 'FieldHT')
    cd /Users/benjaminfaershtein/Documents/FieldHT
    /Applications/Xcode.app/Contents/Developer/usr/bin/copypng -compress -strip-PNG-text /Users/benjaminfaershtein/Documents/FieldHT/FieldHT/Resources/APRSSymbols/BE.png /var/folders/pm/b8pk4ccj1fn9p16yp_t2xwtw0000gn/T/xcode-bench-dd-yypjhhwm/Build/Products/Debug-iphonesimulator/FieldHT.app/BE.png

CopyPNGFile /var/folders/pm/b8pk4ccj1fn9p16yp_t2xwtw0000gn/T/xcode-bench-dd-yypjhhwm/Build/Products/Debug-iphonesimulator/FieldHT.app/BD.png /Users/benjaminfaershtein/Documents/FieldHT/FieldHT/Resources/APRSSymbols/BD.png (in target 'FieldHT' from project 'FieldHT')
    cd /Users/benjaminfaershtein/Documents/FieldHT
    /Applications/Xcode.app/Contents/Developer/usr/bin/copypng -compress -strip-PNG-text /Users/benjaminfaershtein/Documents/FieldHT/FieldHT/Resources/APRSSymbols/BD.png /var/folders/pm/b8pk4ccj1fn9p16yp_t2xwtw0000gn/T/xcode-bench-dd-yypjhhwm/Build/Products/Debug-iphonesimulator/FieldHT.app/BD.png

CopyPNGFile /var/folders/pm/b8pk4ccj1fn9p16yp_t2xwtw0000gn/T/xcode-bench-dd-yypjhhwm/Build/Products/Debug-iphonesimulator/FieldHT.app/BB.png /Users/benjaminfaershtein/Documents/FieldHT/FieldHT/Resources/APRSSymbols/BB.png (in target 'FieldHT' from project 'FieldHT')
    cd /Users/benjaminfaershtein/Documents/FieldHT
    /Applications/Xcode.app/Contents/Developer/usr/bin/copypng -compress -strip-PNG-text /Users/benjaminfaershtein/Documents/FieldHT/FieldHT/Resources/APRSSymbols/BB.png /var/folders/pm/b8pk4ccj1fn9p16yp_t2xwtw0000gn/T/xcode-bench-dd-yypjhhwm/Build/Products/Debug-iphonesimulator/FieldHT.app/BB.png

CopyPNGFile /var/folders/pm/b8pk4ccj1fn9p16yp_t2xwtw0000gn/T/xcode-bench-dd-yypjhhwm/Build/Products/Debug-iphonesimulator/FieldHT.app/AX.png /Users/benjaminfaershtein/Documents/FieldHT/FieldHT/Resources/APRSSymbols/AX.png (in target 'FieldHT' from project 'FieldHT')
    cd /Users/benjaminfaershtein/Documents/FieldHT
    /Applications/Xcode.app/Contents/Developer/usr/bin/copypng -compress -strip-PNG-text /Users/benjaminfaershtein/Documents/FieldHT/FieldHT/Resources/APRSSymbols/AX.png /var/folders/pm/b8pk4ccj1fn9p16yp_t2xwtw0000gn/T/xcode-bench-dd-yypjhhwm/Build/Products/Debug-iphonesimulator/FieldHT.app/AX.png

CopyPNGFile /var/folders/pm/b8pk4ccj1fn9p16yp_t2xwtw0000gn/T/xcode-bench-dd-yypjhhwm/Build/Products/Debug-iphonesimulator/FieldHT.app/AW.png /Users/benjaminfaershtein/Documents/FieldHT/FieldHT/Resources/APRSSymbols/AW.png (in target 'FieldHT' from project 'FieldHT')
    cd /Users/benjaminfaershtein/Documents/FieldHT
    /Applications/Xcode.app/Contents/Developer/usr/bin/copypng -compress -strip-PNG-text /Users/benjaminfaershtein/Documents/FieldHT/FieldHT/Resources/APRSSymbols/AW.png /var/folders/pm/b8pk4ccj1fn9p16yp_t2xwtw0000gn/T/xcode-bench-dd-yypjhhwm/Build/Products/Debug-iphonesimulator/FieldHT.app/AW.png

CopyPNGFile /var/folders/pm/b8pk4ccj1fn9p16yp_t2xwtw0000gn/T/xcode-bench-dd-yypjhhwm/Build/Products/Debug-iphonesimulator/FieldHT.app/AV.png /Users/benjaminfaershtein/Documents/FieldHT/FieldHT/Resources/APRSSymbols/AV.png (in target 'FieldHT' from project 'FieldHT')
    cd /Users/benjaminfaershtein/Documents/FieldHT
    /Applications/Xcode.app/Contents/Developer/usr/bin/copypng -compress -strip-PNG-text /Users/benjaminfaershtein/Documents/FieldHT/FieldHT/Resources/APRSSymbols/AV.png /var/folders/pm/b8pk4ccj1fn9p16yp_t2xwtw0000gn/T/xcode-bench-dd-yypjhhwm/Build/Products/Debug-iphonesimulator/FieldHT.app/AV.png

CopyPNGFile /var/folders/pm/b8pk4ccj1fn9p16yp_t2xwtw0000gn/T/xcode-bench-dd-yypjhhwm/Build/Products/Debug-iphonesimulator/FieldHT.app/AU.png /Users/benjaminfaershtein/Documents/FieldHT/FieldHT/Resources/APRSSymbols/AU.png (in target 'FieldHT' from project 'FieldHT')
    cd /Users/benjaminfaershtein/Documents/FieldHT
    /Applications/Xcode.app/Contents/Developer/usr/bin/copypng -compress -strip-PNG-text /Users/benjaminfaershtein/Documents/FieldHT/FieldHT/Resources/APRSSymbols/AU.png /var/folders/pm/b8pk4ccj1fn9p16yp_t2xwtw0000gn/T/xcode-bench-dd-yypjhhwm/Build/Products/Debug-iphonesimulator/FieldHT.app/AU.png

CopyPNGFile /var/folders/pm/b8pk4ccj1fn9p16yp_t2xwtw0000gn/T/xcode-bench-dd-yypjhhwm/Build/Products/Debug-iphonesimulator/FieldHT.app/AT.png /Users/benjaminfaershtein/Documents/FieldHT/FieldHT/Resources/APRSSymbols/AT.png (in target 'FieldHT' from project 'FieldHT')
    cd /Users/benjaminfaershtein/Documents/FieldHT
    /Applications/Xcode.app/Contents/Developer/usr/bin/copypng -compress -strip-PNG-text /Users/benjaminfaershtein/Documents/FieldHT/FieldHT/Resources/APRSSymbols/AT.png /var/folders/pm/b8pk4ccj1fn9p16yp_t2xwtw0000gn/T/xcode-bench-dd-yypjhhwm/Build/Products/Debug-iphonesimulator/FieldHT.app/AT.png

CopyPNGFile /var/folders/pm/b8pk4ccj1fn9p16yp_t2xwtw0000gn/T/xcode-bench-dd-yypjhhwm/Build/Products/Debug-iphonesimulator/FieldHT.app/AS.png /Users/benjaminfaershtein/Documents/FieldHT/FieldHT/Resources/APRSSymbols/AS.png (in target 'FieldHT' from project 'FieldHT')
    cd /Users/benjaminfaershtein/Documents/FieldHT
    /Applications/Xcode.app/Contents/Developer/usr/bin/copypng -compress -strip-PNG-text /Users/benjaminfaershtein/Documents/FieldHT/FieldHT/Resources/APRSSymbols/AS.png /var/folders/pm/b8pk4ccj1fn9p16yp_t2xwtw0000gn/T/xcode-bench-dd-yypjhhwm/Build/Products/Debug-iphonesimulator/FieldHT.app/AS.png

CopyPNGFile /var/folders/pm/b8pk4ccj1fn9p16yp_t2xwtw0000gn/T/xcode-bench-dd-yypjhhwm/Build/Products/Debug-iphonesimulator/FieldHT.app/AR.png /Users/benjaminfaershtein/Documents/FieldHT/FieldHT/Resources/APRSSymbols/AR.png (in target 'FieldHT' from project 'FieldHT')
    cd /Users/benjaminfaershtein/Documents/FieldHT
    /Applications/Xcode.app/Contents/Developer/usr/bin/copypng -compress -strip-PNG-text /Users/benjaminfaershtein/Documents/FieldHT/FieldHT/Resources/APRSSymbols/AR.png /var/folders/pm/b8pk4ccj1fn9p16yp_t2xwtw0000gn/T/xcode-bench-dd-yypjhhwm/Build/Products/Debug-iphonesimulator/FieldHT.app/AR.png

CopyPNGFile /var/folders/pm/b8pk4ccj1fn9p16yp_t2xwtw0000gn/T/xcode-bench-dd-yypjhhwm/Build/Products/Debug-iphonesimulator/FieldHT.app/AQ.png /Users/benjaminfaershtein/Documents/FieldHT/FieldHT/Resources/APRSSymbols/AQ.png (in target 'FieldHT' from project 'FieldHT')
    cd /Users/benjaminfaershtein/Documents/FieldHT
    /Applications/Xcode.app/Contents/Developer/usr/bin/copypng -compress -strip-PNG-text /Users/benjaminfaershtein/Documents/FieldHT/FieldHT/Resources/APRSSymbols/AQ.png /var/folders/pm/b8pk4ccj1fn9p16yp_t2xwtw0000gn/T/xcode-bench-dd-yypjhhwm/Build/Products/Debug-iphonesimulator/FieldHT.app/AQ.png

CopyPNGFile /var/folders/pm/b8pk4ccj1fn9p16yp_t2xwtw0000gn/T/xcode-bench-dd-yypjhhwm/Build/Products/Debug-iphonesimulator/FieldHT.app/AP.png /Users/benjaminfaershtein/Documents/FieldHT/FieldHT/Resources/APRSSymbols/AP.png (in target 'FieldHT' from project 'FieldHT')
    cd /Users/benjaminfaershtein/Documents/FieldHT
    /Applications/Xcode.app/Contents/Developer/usr/bin/copypng -compress -strip-PNG-text /Users/benjaminfaershtein/Documents/FieldHT/FieldHT/Resources/APRSSymbols/AP.png /var/folders/pm/b8pk4ccj1fn9p16yp_t2xwtw0000gn/T/xcode-bench-dd-yypjhhwm/Build/Products/Debug-iphonesimulator/FieldHT.app/AP.png

CopyPNGFile /var/folders/pm/b8pk4ccj1fn9p16yp_t2xwtw0000gn/T/xcode-bench-dd-yypjhhwm/Build/Products/Debug-iphonesimulator/FieldHT.app/AO.png /Users/benjaminfaershtein/Documents/FieldHT/FieldHT/Resources/APRSSymbols/AO.png (in target 'FieldHT' from project 'FieldHT')
    cd /Users/benjaminfaershtein/Documents/FieldHT
    /Applications/Xcode.app/Contents/Developer/usr/bin/copypng -compress -strip-PNG-text /Users/benjaminfaershtein/Documents/FieldHT/FieldHT/Resources/APRSSymbols/AO.png /var/folders/pm/b8pk4ccj1fn9p16yp_t2xwtw0000gn/T/xcode-bench-dd-yypjhhwm/Build/Products/Debug-iphonesimulator/FieldHT.app/AO.png

CopyPNGFile /var/folders/pm/b8pk4ccj1fn9p16yp_t2xwtw0000gn/T/xcode-bench-dd-yypjhhwm/Build/Products/Debug-iphonesimulator/FieldHT.app/AN.png /Users/benjaminfaershtein/Documents/FieldHT/FieldHT/Resources/APRSSymbols/AN.png (in target 'FieldHT' from project 'FieldHT')
    cd /Users/benjaminfaershtein/Documents/FieldHT
    /Applications/Xcode.app/Contents/Developer/usr/bin/copypng -compress -strip-PNG-text /Users/benjaminfaershtein/Documents/FieldHT/FieldHT/Resources/APRSSymbols/AN.png /var/folders/pm/b8pk4ccj1fn9p16yp_t2xwtw0000gn/T/xcode-bench-dd-yypjhhwm/Build/Products/Debug-iphonesimulator/FieldHT.app/AN.png

CopyPNGFile /var/folders/pm/b8pk4ccj1fn9p16yp_t2xwtw0000gn/T/xcode-bench-dd-yypjhhwm/Build/Products/Debug-iphonesimulator/FieldHT.app/AL.png /Users/benjaminfaershtein/Documents/FieldHT/FieldHT/Resources/APRSSymbols/AL.png (in target 'FieldHT' from project 'FieldHT')
    cd /Users/benjaminfaershtein/Documents/FieldHT
    /Applications/Xcode.app/Contents/Developer/usr/bin/copypng -compress -strip-PNG-text /Users/benjaminfaershtein/Documents/FieldHT/FieldHT/Resources/APRSSymbols/AL.png /var/folders/pm/b8pk4ccj1fn9p16yp_t2xwtw0000gn/T/xcode-bench-dd-yypjhhwm/Build/Products/Debug-iphonesimulator/FieldHT.app/AL.png

CopyPNGFile /var/folders/pm/b8pk4ccj1fn9p16yp_t2xwtw0000gn/T/xcode-bench-dd-yypjhhwm/Build/Products/Debug-iphonesimulator/FieldHT.app/AK.png /Users/benjaminfaershtein/Documents/FieldHT/FieldHT/Resources/APRSSymbols/AK.png (in target 'FieldHT' from project 'FieldHT')
    cd /Users/benjaminfaershtein/Documents/FieldHT
    /Applications/Xcode.app/Contents/Developer/usr/bin/copypng -compress -strip-PNG-text /Users/benjaminfaershtein/Documents/FieldHT/FieldHT/Resources/APRSSymbols/AK.png /var/folders/pm/b8pk4ccj1fn9p16yp_t2xwtw0000gn/T/xcode-bench-dd-yypjhhwm/Build/Products/Debug-iphonesimulator/FieldHT.app/AK.png

CopyPNGFile /var/folders/pm/b8pk4ccj1fn9p16yp_t2xwtw0000gn/T/xcode-bench-dd-yypjhhwm/Build/Products/Debug-iphonesimulator/FieldHT.app/AJ.png /Users/benjaminfaershtein/Documents/FieldHT/FieldHT/Resources/APRSSymbols/AJ.png (in target 'FieldHT' from project 'FieldHT')
    cd /Users/benjaminfaershtein/Documents/FieldHT
    /Applications/Xcode.app/Contents/Developer/usr/bin/copypng -compress -strip-PNG-text /Users/benjaminfaershtein/Documents/FieldHT/FieldHT/Resources/APRSSymbols/AJ.png /var/folders/pm/b8pk4ccj1fn9p16yp_t2xwtw0000gn/T/xcode-bench-dd-yypjhhwm/Build/Products/Debug-iphonesimulator/FieldHT.app/AJ.png

CopyPNGFile /var/folders/pm/b8pk4ccj1fn9p16yp_t2xwtw0000gn/T/xcode-bench-dd-yypjhhwm/Build/Products/Debug-iphonesimulator/FieldHT.app/AI.png /Users/benjaminfaershtein/Documents/FieldHT/FieldHT/Resources/APRSSymbols/AI.png (in target 'FieldHT' from project 'FieldHT')
    cd /Users/benjaminfaershtein/Documents/FieldHT
    /Applications/Xcode.app/Contents/Developer/usr/bin/copypng -compress -strip-PNG-text /Users/benjaminfaershtein/Documents/FieldHT/FieldHT/Resources/APRSSymbols/AI.png /var/folders/pm/b8pk4ccj1fn9p16yp_t2xwtw0000gn/T/xcode-bench-dd-yypjhhwm/Build/Products/Debug-iphonesimulator/FieldHT.app/AI.png

CopyPNGFile /var/folders/pm/b8pk4ccj1fn9p16yp_t2xwtw0000gn/T/xcode-bench-dd-yypjhhwm/Build/Products/Debug-iphonesimulator/FieldHT.app/AH.png /Users/benjaminfaershtein/Documents/FieldHT/FieldHT/Resources/APRSSymbols/AH.png (in target 'FieldHT' from project 'FieldHT')
    cd /Users/benjaminfaershtein/Documents/FieldHT
    /Applications/Xcode.app/Contents/Developer/usr/bin/copypng -compress -strip-PNG-text /Users/benjaminfaershtein/Documents/FieldHT/FieldHT/Resources/APRSSymbols/AH.png /var/folders/pm/b8pk4ccj1fn9p16yp_t2xwtw0000gn/T/xcode-bench-dd-yypjhhwm/Build/Products/Debug-iphonesimulator/FieldHT.app/AH.png

CopyPNGFile /var/folders/pm/b8pk4ccj1fn9p16yp_t2xwtw0000gn/T/xcode-bench-dd-yypjhhwm/Build/Products/Debug-iphonesimulator/FieldHT.app/AG.png /Users/benjaminfaershtein/Documents/FieldHT/FieldHT/Resources/APRSSymbols/AG.png (in target 'FieldHT' from project 'FieldHT')
    cd /Users/benjaminfaershtein/Documents/FieldHT
    /Applications/Xcode.app/Contents/Developer/usr/bin/copypng -compress -strip-PNG-text /Users/benjaminfaershtein/Documents/FieldHT/FieldHT/Resources/APRSSymbols/AG.png /var/folders/pm/b8pk4ccj1fn9p16yp_t2xwtw0000gn/T/xcode-bench-dd-yypjhhwm/Build/Products/Debug-iphonesimulator/FieldHT.app/AG.png

CopyPNGFile /var/folders/pm/b8pk4ccj1fn9p16yp_t2xwtw0000gn/T/xcode-bench-dd-yypjhhwm/Build/Products/Debug-iphonesimulator/FieldHT.app/AF.png /Users/benjaminfaershtein/Documents/FieldHT/FieldHT/Resources/APRSSymbols/AF.png (in target 'FieldHT' from project 'FieldHT')
    cd /Users/benjaminfaershtein/Documents/FieldHT
    /Applications/Xcode.app/Contents/Developer/usr/bin/copypng -compress -strip-PNG-text /Users/benjaminfaershtein/Documents/FieldHT/FieldHT/Resources/APRSSymbols/AF.png /var/folders/pm/b8pk4ccj1fn9p16yp_t2xwtw0000gn/T/xcode-bench-dd-yypjhhwm/Build/Products/Debug-iphonesimulator/FieldHT.app/AF.png

CopyPNGFile /var/folders/pm/b8pk4ccj1fn9p16yp_t2xwtw0000gn/T/xcode-bench-dd-yypjhhwm/Build/Products/Debug-iphonesimulator/FieldHT.app/AE.png /Users/benjaminfaershtein/Documents/FieldHT/FieldHT/Resources/APRSSymbols/AE.png (in target 'FieldHT' from project 'FieldHT')
    cd /Users/benjaminfaershtein/Documents/FieldHT
    /Applications/Xcode.app/Contents/Developer/usr/bin/copypng -compress -strip-PNG-text /Users/benjaminfaershtein/Documents/FieldHT/FieldHT/Resources/APRSSymbols/AE.png /var/folders/pm/b8pk4ccj1fn9p16yp_t2xwtw0000gn/T/xcode-bench-dd-yypjhhwm/Build/Products/Debug-iphonesimulator/FieldHT.app/AE.png

CopyPNGFile /var/folders/pm/b8pk4ccj1fn9p16yp_t2xwtw0000gn/T/xcode-bench-dd-yypjhhwm/Build/Products/Debug-iphonesimulator/FieldHT.app/AD.png /Users/benjaminfaershtein/Documents/FieldHT/FieldHT/Resources/APRSSymbols/AD.png (in target 'FieldHT' from project 'FieldHT')
    cd /Users/benjaminfaershtein/Documents/FieldHT
    /Applications/Xcode.app/Contents/Developer/usr/bin/copypng -compress -strip-PNG-text /Users/benjaminfaershtein/Documents/FieldHT/FieldHT/Resources/APRSSymbols/AD.png /var/folders/pm/b8pk4ccj1fn9p16yp_t2xwtw0000gn/T/xcode-bench-dd-yypjhhwm/Build/Products/Debug-iphonesimulator/FieldHT.app/AD.png

CopyPNGFile /var/folders/pm/b8pk4ccj1fn9p16yp_t2xwtw0000gn/T/xcode-bench-dd-yypjhhwm/Build/Products/Debug-iphonesimulator/FieldHT.app/AC.png /Users/benjaminfaershtein/Documents/FieldHT/FieldHT/Resources/APRSSymbols/AC.png (in target 'FieldHT' from project 'FieldHT')
    cd /Users/benjaminfaershtein/Documents/FieldHT
    /Applications/Xcode.app/Contents/Developer/usr/bin/copypng -compress -strip-PNG-text /Users/benjaminfaershtein/Documents/FieldHT/FieldHT/Resources/APRSSymbols/AC.png /var/folders/pm/b8pk4ccj1fn9p16yp_t2xwtw0000gn/T/xcode-bench-dd-yypjhhwm/Build/Products/Debug-iphonesimulator/FieldHT.app/AC.png

CopyPNGFile /var/folders/pm/b8pk4ccj1fn9p16yp_t2xwtw0000gn/T/xcode-bench-dd-yypjhhwm/Build/Products/Debug-iphonesimulator/FieldHT.app/AB.png /Users/benjaminfaershtein/Documents/FieldHT/FieldHT/Resources/APRSSymbols/AB.png (in target 'FieldHT' from project 'FieldHT')
    cd /Users/benjaminfaershtein/Documents/FieldHT
    /Applications/Xcode.app/Contents/Developer/usr/bin/copypng -compress -strip-PNG-text /Users/benjaminfaershtein/Documents/FieldHT/FieldHT/Resources/APRSSymbols/AB.png /var/folders/pm/b8pk4ccj1fn9p16yp_t2xwtw0000gn/T/xcode-bench-dd-yypjhhwm/Build/Products/Debug-iphonesimulator/FieldHT.app/AB.png

CopyPNGFile /var/folders/pm/b8pk4ccj1fn9p16yp_t2xwtw0000gn/T/xcode-bench-dd-yypjhhwm/Build/Products/Debug-iphonesimulator/FieldHT.app/AA.png /Users/benjaminfaershtein/Documents/FieldHT/FieldHT/Resources/APRSSymbols/AA.png (in target 'FieldHT' from project 'FieldHT')
    cd /Users/benjaminfaershtein/Documents/FieldHT
    /Applications/Xcode.app/Contents/Developer/usr/bin/copypng -compress -strip-PNG-text /Users/benjaminfaershtein/Documents/FieldHT/FieldHT/Resources/APRSSymbols/AA.png /var/folders/pm/b8pk4ccj1fn9p16yp_t2xwtw0000gn/T/xcode-bench-dd-yypjhhwm/Build/Products/Debug-iphonesimulator/FieldHT.app/AA.png

CopyPNGFile /var/folders/pm/b8pk4ccj1fn9p16yp_t2xwtw0000gn/T/xcode-bench-dd-yypjhhwm/Build/Products/Debug-iphonesimulator/FieldHT.app/A9.png /Users/benjaminfaershtein/Documents/FieldHT/FieldHT/Resources/APRSSymbols/A9.png (in target 'FieldHT' from project 'FieldHT')
    cd /Users/benjaminfaershtein/Documents/FieldHT
    /Applications/Xcode.app/Contents/Developer/usr/bin/copypng -compress -strip-PNG-text /Users/benjaminfaershtein/Documents/FieldHT/FieldHT/Resources/APRSSymbols/A9.png /var/folders/pm/b8pk4ccj1fn9p16yp_t2xwtw0000gn/T/xcode-bench-dd-yypjhhwm/Build/Products/Debug-iphonesimulator/FieldHT.app/A9.png

CopyPNGFile /var/folders/pm/b8pk4ccj1fn9p16yp_t2xwtw0000gn/T/xcode-bench-dd-yypjhhwm/Build/Products/Debug-iphonesimulator/FieldHT.app/A0.png /Users/benjaminfaershtein/Documents/FieldHT/FieldHT/Resources/APRSSymbols/A0.png (in target 'FieldHT' from project 'FieldHT')
    cd /Users/benjaminfaershtein/Documents/FieldHT
    /Applications/Xcode.app/Contents/Developer/usr/bin/copypng -compress -strip-PNG-text /Users/benjaminfaershtein/Documents/FieldHT/FieldHT/Resources/APRSSymbols/A0.png /var/folders/pm/b8pk4ccj1fn9p16yp_t2xwtw0000gn/T/xcode-bench-dd-yypjhhwm/Build/Products/Debug-iphonesimulator/FieldHT.app/A0.png

SwiftExplicitDependencyGeneratePcm arm64 /var/folders/pm/b8pk4ccj1fn9p16yp_t2xwtw0000gn/T/xcode-bench-dd-yypjhhwm/ModuleCache.noindex/MapKit-49GPM0VPY34Y7HQ19JQ9UC9V.pcm

SwiftExplicitDependencyGeneratePcm arm64 /var/folders/pm/b8pk4ccj1fn9p16yp_t2xwtw0000gn/T/xcode-bench-dd-yypjhhwm/ModuleCache.noindex/SwiftUI-E2OG5MY9WOWIL7GJAGQOJZ4OA.pcm

SwiftEmitModule normal arm64 Emitting\ module\ for\ FieldHT (in target 'FieldHT' from project 'FieldHT')
EmitSwiftModule normal arm64 (in target 'FieldHT' from project 'FieldHT')
    cd /Users/benjaminfaershtein/Documents/FieldHT
    

SwiftCompile normal arm64 Compiling\ ProtocolEncoder.swift,\ Doppler.swift,\ OfflineTLE.swift,\ SatFrequencyOption.swift,\ SatNogDBClient.swift,\ SatNogDBModels.swift /Users/benjaminfaershtein/Documents/FieldHT/FieldHT/Protocol/ProtocolEncoder.swift /Users/benjaminfaershtein/Documents/FieldHT/FieldHT/Satellite/Doppler.swift /Users/benjaminfaershtein/Documents/FieldHT/FieldHT/Satellite/OfflineTLE.swift /Users/benjaminfaershtein/Documents/FieldHT/FieldHT/Satellite/SatFrequencyOption.swift /Users/benjaminfaershtein/Documents/FieldHT/FieldHT/Satellite/SatNogDBClient.swift /Users/benjaminfaershtein/Documents/FieldHT/FieldHT/Satellite/SatNogDBModels.swift (in target 'FieldHT' from project 'FieldHT')
SwiftCompile normal arm64 /Users/benjaminfaershtein/Documents/FieldHT/FieldHT/Protocol/ProtocolEncoder.swift (in target 'FieldHT' from project 'FieldHT')
    cd /Users/benjaminfaershtein/Documents/FieldHT
    

SwiftCompile normal arm64 /Users/benjaminfaershtein/Documents/FieldHT/FieldHT/Satellite/Doppler.swift (in target 'FieldHT' from project 'FieldHT')
    cd /Users/benjaminfaershtein/Documents/FieldHT
    

SwiftCompile normal arm64 /Users/benjaminfaershtein/Documents/FieldHT/FieldHT/Satellite/OfflineTLE.swift (in target 'FieldHT' from project 'FieldHT')
    cd /Users/benjaminfaershtein/Documents/FieldHT
    

SwiftCompile normal arm64 /Users/benjaminfaershtein/Documents/FieldHT/FieldHT/Satellite/SatFrequencyOption.swift (in target 'FieldHT' from project 'FieldHT')
    cd /Users/benjaminfaershtein/Documents/FieldHT
    

SwiftCompile normal arm64 /Users/benjaminfaershtein/Documents/FieldHT/FieldHT/Satellite/SatNogDBClient.swift (in target 'FieldHT' from project 'FieldHT')
    cd /Users/benjaminfaershtein/Documents/FieldHT
    

SwiftCompile normal arm64 /Users/benjaminfaershtein/Documents/FieldHT/FieldHT/Satellite/SatNogDBModels.swift (in target 'FieldHT' from project 'FieldHT')
    cd /Users/benjaminfaershtein/Documents/FieldHT
    

SwiftCompile normal arm64 Compiling\ SettingsView.swift,\ VFOEditSheet.swift,\ FieldHTApp.swift,\ RadioController.swift,\ GeneratedAssetSymbols.swift /Users/benjaminfaershtein/Documents/FieldHT/FieldHT/Views/SettingsView.swift /Users/benjaminfaershtein/Documents/FieldHT/FieldHT/Views/VFOEditSheet.swift /Users/benjaminfaershtein/Documents/FieldHT/FieldHT/FieldHTApp.swift /Users/benjaminfaershtein/Documents/FieldHT/FieldHT/RadioController.swift /var/folders/pm/b8pk4ccj1fn9p16yp_t2xwtw0000gn/T/xcode-bench-dd-yypjhhwm/Build/Intermediates.noindex/FieldHT.build/Debug-iphonesimulator/FieldHT.build/DerivedSources/GeneratedAssetSymbols.swift (in target 'FieldHT' from project 'FieldHT')
SwiftCompile normal arm64 /Users/benjaminfaershtein/Documents/FieldHT/FieldHT/Views/SettingsView.swift (in target 'FieldHT' from project 'FieldHT')
    cd /Users/benjaminfaershtein/Documents/FieldHT
    

SwiftCompile normal arm64 /Users/benjaminfaershtein/Documents/FieldHT/FieldHT/Views/VFOEditSheet.swift (in target 'FieldHT' from project 'FieldHT')
    cd /Users/benjaminfaershtein/Documents/FieldHT
    

SwiftCompile normal arm64 /Users/benjaminfaershtein/Documents/FieldHT/FieldHT/FieldHTApp.swift (in target 'FieldHT' from project 'FieldHT')
    cd /Users/benjaminfaershtein/Documents/FieldHT
    

SwiftCompile normal arm64 /Users/benjaminfaershtein/Documents/FieldHT/FieldHT/RadioController.swift (in target 'FieldHT' from project 'FieldHT')
    cd /Users/benjaminfaershtein/Documents/FieldHT
    

SwiftCompile normal arm64 /var/folders/pm/b8pk4ccj1fn9p16yp_t2xwtw0000gn/T/xcode-bench-dd-yypjhhwm/Build/Intermediates.noindex/FieldHT.build/Debug-iphonesimulator/FieldHT.build/DerivedSources/GeneratedAssetSymbols.swift (in target 'FieldHT' from project 'FieldHT')
    cd /Users/benjaminfaershtein/Documents/FieldHT
    

SwiftCompile normal arm64 Compiling\ BasicExample.swift,\ SatelliteActivityState.swift,\ SatelliteLiveActivityManager.swift,\ SatelliteTrackingAttributes.swift,\ APRSSymbol.swift,\ BeaconSettings.swift /Users/benjaminfaershtein/Documents/FieldHT/FieldHT/Examples/BasicExample.swift /Users/benjaminfaershtein/Documents/FieldHT/FieldHT/LiveActivity/SatelliteActivityState.swift /Users/benjaminfaershtein/Documents/FieldHT/FieldHT/LiveActivity/SatelliteLiveActivityManager.swift /Users/benjaminfaershtein/Documents/FieldHT/FieldHT/LiveActivity/SatelliteTrackingAttributes.swift /Users/benjaminfaershtein/Documents/FieldHT/FieldHT/Models/APRSSymbol.swift /Users/benjaminfaershtein/Documents/FieldHT/FieldHT/Models/BeaconSettings.swift (in target 'FieldHT' from project 'FieldHT')

SwiftCompile normal arm64 /Users/benjaminfaershtein/Documents/FieldHT/FieldHT/Examples/BasicExample.swift (in target 'FieldHT' from project 'FieldHT')
    cd /Users/benjaminfaershtein/Documents/FieldHT
    

SwiftCompile normal arm64 /Users/benjaminfaershtein/Documents/FieldHT/FieldHT/LiveActivity/SatelliteActivityState.swift (in target 'FieldHT' from project 'FieldHT')
    cd /Users/benjaminfaershtein/Documents/FieldHT
    

SwiftCompile normal arm64 /Users/benjaminfaershtein/Documents/FieldHT/FieldHT/LiveActivity/SatelliteLiveActivityManager.swift (in target 'FieldHT' from project 'FieldHT')
    cd /Users/benjaminfaershtein/Documents/FieldHT
    

SwiftCompile normal arm64 /Users/benjaminfaershtein/Documents/FieldHT/FieldHT/LiveActivity/SatelliteTrackingAttributes.swift (in target 'FieldHT' from project 'FieldHT')
    cd /Users/benjaminfaershtein/Documents/FieldHT
    

SwiftCompile normal arm64 /Users/benjaminfaershtein/Documents/FieldHT/FieldHT/Models/APRSSymbol.swift (in target 'FieldHT' from project 'FieldHT')
    cd /Users/benjaminfaershtein/Documents/FieldHT
    

SwiftCompile normal arm64 /Users/benjaminfaershtein/Documents/FieldHT/FieldHT/Models/BeaconSettings.swift (in target 'FieldHT' from project 'FieldHT')
    cd /Users/benjaminfaershtein/Documents/FieldHT
    

SwiftCompile normal arm64 Compiling\ ChannelDetailView.swift,\ ChannelListView.swift,\ ChannelSelectionView.swift,\ ConnectView.swift,\ GlobalStatusToolbar.swift,\ MainTabView.swift /Users/benjaminfaershtein/Documents/FieldHT/FieldHT/Views/ChannelDetailView.swift /Users/benjaminfaershtein/Documents/FieldHT/FieldHT/Views/ChannelListView.swift /Users/benjaminfaershtein/Documents/FieldHT/FieldHT/Views/ChannelSelectionView.swift /Users/benjaminfaershtein/Documents/FieldHT/FieldHT/Views/ConnectView.swift /Users/benjaminfaershtein/Documents/FieldHT/FieldHT/Views/GlobalStatusToolbar.swift /Users/benjaminfaershtein/Documents/FieldHT/FieldHT/Views/MainTabView.swift (in target 'FieldHT' from project 'FieldHT')
SwiftCompile normal arm64 /Users/benjaminfaershtein/Documents/FieldHT/FieldHT/Views/ChannelDetailView.swift (in target 'FieldHT' from project 'FieldHT')
    cd /Users/benjaminfaershtein/Documents/FieldHT
    

SwiftCompile normal arm64 /Users/benjaminfaershtein/Documents/FieldHT/FieldHT/Views/ChannelListView.swift (in target 'FieldHT' from project 'FieldHT')
    cd /Users/benjaminfaershtein/Documents/FieldHT
    

SwiftCompile normal arm64 /Users/benjaminfaershtein/Documents/FieldHT/FieldHT/Views/ChannelSelectionView.swift (in target 'FieldHT' from project 'FieldHT')
    cd /Users/benjaminfaershtein/Documents/FieldHT
    

SwiftCompile normal arm64 /Users/benjaminfaershtein/Documents/FieldHT/FieldHT/Views/ConnectView.swift (in target 'FieldHT' from project 'FieldHT')
    cd /Users/benjaminfaershtein/Documents/FieldHT
    

SwiftCompile normal arm64 /Users/benjaminfaershtein/Documents/FieldHT/FieldHT/Views/GlobalStatusToolbar.swift (in target 'FieldHT' from project 'FieldHT')
    cd /Users/benjaminfaershtein/Documents/FieldHT
    

SwiftCompile normal arm64 /Users/benjaminfaershtein/Documents/FieldHT/FieldHT/Views/MainTabView.swift (in target 'FieldHT' from project 'FieldHT')
    cd /Users/benjaminfaershtein/Documents/FieldHT
    

SwiftCompile normal arm64 Compiling\ Status.swift,\ TncDataFragment.swift,\ Bitfield.swift,\ MessageEncoder.swift,\ ProtocolConstants.swift,\ ProtocolDecoder.swift /Users/benjaminfaershtein/Documents/FieldHT/FieldHT/Models/Status.swift /Users/benjaminfaershtein/Documents/FieldHT/FieldHT/Models/TncDataFragment.swift /Users/benjaminfaershtein/Documents/FieldHT/FieldHT/Protocol/Bitfield.swift /Users/benjaminfaershtein/Documents/FieldHT/FieldHT/Protocol/MessageEncoder.swift /Users/benjaminfaershtein/Documents/FieldHT/FieldHT/Protocol/ProtocolConstants.swift /Users/benjaminfaershtein/Documents/FieldHT/FieldHT/Protocol/ProtocolDecoder.swift (in target 'FieldHT' from project 'FieldHT')

SwiftCompile normal arm64 /Users/benjaminfaershtein/Documents/FieldHT/FieldHT/Models/Status.swift (in target 'FieldHT' from project 'FieldHT')
    cd /Users/benjaminfaershtein/Documents/FieldHT
    

SwiftCompile normal arm64 /Users/benjaminfaershtein/Documents/FieldHT/FieldHT/Models/TncDataFragment.swift (in target 'FieldHT' from project 'FieldHT')
    cd /Users/benjaminfaershtein/Documents/FieldHT
    

SwiftCompile normal arm64 /Users/benjaminfaershtein/Documents/FieldHT/FieldHT/Protocol/Bitfield.swift (in target 'FieldHT' from project 'FieldHT')
    cd /Users/benjaminfaershtein/Documents/FieldHT
    

SwiftCompile normal arm64 /Users/benjaminfaershtein/Documents/FieldHT/FieldHT/Protocol/MessageEncoder.swift (in target 'FieldHT' from project 'FieldHT')
    cd /Users/benjaminfaershtein/Documents/FieldHT
    

SwiftCompile normal arm64 /Users/benjaminfaershtein/Documents/FieldHT/FieldHT/Protocol/ProtocolConstants.swift (in target 'FieldHT' from project 'FieldHT')
    cd /Users/benjaminfaershtein/Documents/FieldHT
    

SwiftCompile normal arm64 /Users/benjaminfaershtein/Documents/FieldHT/FieldHT/Protocol/ProtocolDecoder.swift (in target 'FieldHT' from project 'FieldHT')
    cd /Users/benjaminfaershtein/Documents/FieldHT
    

SwiftCompile normal arm64 Compiling\ BLEConnection.swift,\ BLEScanner.swift,\ CommandConnection.swift,\ EventMessage.swift,\ RadioMessage.swift,\ RadioData.swift /Users/benjaminfaershtein/Documents/FieldHT/FieldHT/BLE/BLEConnection.swift /Users/benjaminfaershtein/Documents/FieldHT/FieldHT/BLE/BLEScanner.swift /Users/benjaminfaershtein/Documents/FieldHT/FieldHT/Command/CommandConnection.swift /Users/benjaminfaershtein/Documents/FieldHT/FieldHT/Command/EventMessage.swift /Users/benjaminfaershtein/Documents/FieldHT/FieldHT/Command/RadioMessage.swift /Users/benjaminfaershtein/Documents/FieldHT/FieldHT/Data/RadioData.swift (in target 'FieldHT' from project 'FieldHT')

SwiftCompile normal arm64 /Users/benjaminfaershtein/Documents/FieldHT/FieldHT/BLE/BLEConnection.swift (in target 'FieldHT' from project 'FieldHT')
    cd /Users/benjaminfaershtein/Documents/FieldHT
    

SwiftCompile normal arm64 /Users/benjaminfaershtein/Documents/FieldHT/FieldHT/BLE/BLEScanner.swift (in target 'FieldHT' from project 'FieldHT')
    cd /Users/benjaminfaershtein/Documents/FieldHT
    

SwiftCompile normal arm64 /Users/benjaminfaershtein/Documents/FieldHT/FieldHT/Command/CommandConnection.swift (in target 'FieldHT' from project 'FieldHT')
    cd /Users/benjaminfaershtein/Documents/FieldHT
    

SwiftCompile normal arm64 /Users/benjaminfaershtein/Documents/FieldHT/FieldHT/Command/EventMessage.swift (in target 'FieldHT' from project 'FieldHT')
    cd /Users/benjaminfaershtein/Documents/FieldHT
    

SwiftCompile normal arm64 /Users/benjaminfaershtein/Documents/FieldHT/FieldHT/Command/RadioMessage.swift (in target 'FieldHT' from project 'FieldHT')
    cd /Users/benjaminfaershtein/Documents/FieldHT
    

SwiftCompile normal arm64 /Users/benjaminfaershtein/Documents/FieldHT/FieldHT/Data/RadioData.swift (in target 'FieldHT' from project 'FieldHT')
    cd /Users/benjaminfaershtein/Documents/FieldHT
    

SwiftCompile normal arm64 Compiling\ Channel.swift,\ DeviceInfo.swift,\ PF.swift,\ Position.swift,\ RadioState.swift,\ Settings.swift /Users/benjaminfaershtein/Documents/FieldHT/FieldHT/Models/Channel.swift /Users/benjaminfaershtein/Documents/FieldHT/FieldHT/Models/DeviceInfo.swift /Users/benjaminfaershtein/Documents/FieldHT/FieldHT/Models/PF.swift /Users/benjaminfaershtein/Documents/FieldHT/FieldHT/Models/Position.swift /Users/benjaminfaershtein/Documents/FieldHT/FieldHT/Models/RadioState.swift /Users/benjaminfaershtein/Documents/FieldHT/FieldHT/Models/Settings.swift (in target 'FieldHT' from project 'FieldHT')

SwiftCompile normal arm64 /Users/benjaminfaershtein/Documents/FieldHT/FieldHT/Models/Channel.swift (in target 'FieldHT' from project 'FieldHT')
    cd /Users/benjaminfaershtein/Documents/FieldHT
    

SwiftCompile normal arm64 /Users/benjaminfaershtein/Documents/FieldHT/FieldHT/Models/DeviceInfo.swift (in target 'FieldHT' from project 'FieldHT')
    cd /Users/benjaminfaershtein/Documents/FieldHT
    

SwiftCompile normal arm64 /Users/benjaminfaershtein/Documents/FieldHT/FieldHT/Models/PF.swift (in target 'FieldHT' from project 'FieldHT')
    cd /Users/benjaminfaershtein/Documents/FieldHT
    

SwiftCompile normal arm64 /Users/benjaminfaershtein/Documents/FieldHT/FieldHT/Models/Position.swift (in target 'FieldHT' from project 'FieldHT')
    cd /Users/benjaminfaershtein/Documents/FieldHT
    

SwiftCompile normal arm64 /Users/benjaminfaershtein/Documents/FieldHT/FieldHT/Models/RadioState.swift (in target 'FieldHT' from project 'FieldHT')
    cd /Users/benjaminfaershtein/Documents/FieldHT
    

SwiftCompile normal arm64 /Users/benjaminfaershtein/Documents/FieldHT/FieldHT/Models/Settings.swift (in target 'FieldHT' from project 'FieldHT')
    cd /Users/benjaminfaershtein/Documents/FieldHT
    

SwiftCompile normal arm64 Compiling\ SatPassPredictor.swift,\ ToneParser.swift,\ NetworkMonitor.swift,\ NotificationManager.swift,\ RepeaterBookService.swift,\ ChannelViewModel.swift /Users/benjaminfaershtein/Documents/FieldHT/FieldHT/Satellite/SatPassPredictor.swift /Users/benjaminfaershtein/Documents/FieldHT/FieldHT/Satellite/ToneParser.swift /Users/benjaminfaershtein/Documents/FieldHT/FieldHT/Services/NetworkMonitor.swift /Users/benjaminfaershtein/Documents/FieldHT/FieldHT/Services/NotificationManager.swift /Users/benjaminfaershtein/Documents/FieldHT/FieldHT/Services/RepeaterBookService.swift /Users/benjaminfaershtein/Documents/FieldHT/FieldHT/ViewModels/ChannelViewModel.swift (in target 'FieldHT' from project 'FieldHT')

SwiftCompile normal arm64 /Users/benjaminfaershtein/Documents/FieldHT/FieldHT/Satellite/SatPassPredictor.swift (in target 'FieldHT' from project 'FieldHT')
    cd /Users/benjaminfaershtein/Documents/FieldHT
    

SwiftCompile normal arm64 /Users/benjaminfaershtein/Documents/FieldHT/FieldHT/Satellite/ToneParser.swift (in target 'FieldHT' from project 'FieldHT')
    cd /Users/benjaminfaershtein/Documents/FieldHT
    

SwiftCompile normal arm64 /Users/benjaminfaershtein/Documents/FieldHT/FieldHT/Services/NetworkMonitor.swift (in target 'FieldHT' from project 'FieldHT')
    cd /Users/benjaminfaershtein/Documents/FieldHT
    

SwiftCompile normal arm64 /Users/benjaminfaershtein/Documents/FieldHT/FieldHT/Services/NotificationManager.swift (in target 'FieldHT' from project 'FieldHT')
    cd /Users/benjaminfaershtein/Documents/FieldHT
    

SwiftCompile normal arm64 /Users/benjaminfaershtein/Documents/FieldHT/FieldHT/Services/RepeaterBookService.swift (in target 'FieldHT' from project 'FieldHT')
    cd /Users/benjaminfaershtein/Documents/FieldHT
    

SwiftCompile normal arm64 /Users/benjaminfaershtein/Documents/FieldHT/FieldHT/ViewModels/ChannelViewModel.swift (in target 'FieldHT' from project 'FieldHT')
    cd /Users/benjaminfaershtein/Documents/FieldHT
    

SwiftCompile normal arm64 Compiling\ RadioManager.swift,\ SatelliteTrackingViewModel.swift,\ SettingsViewModel.swift,\ RssiLinearGauge.swift,\ APRSSymbolPicker.swift,\ BeaconSettingsView.swift /Users/benjaminfaershtein/Documents/FieldHT/FieldHT/ViewModels/RadioManager.swift /Users/benjaminfaershtein/Documents/FieldHT/FieldHT/ViewModels/SatelliteTrackingViewModel.swift /Users/benjaminfaershtein/Documents/FieldHT/FieldHT/ViewModels/SettingsViewModel.swift /Users/benjaminfaershtein/Documents/FieldHT/FieldHT/Views/Helpers/RssiLinearGauge.swift /Users/benjaminfaershtein/Documents/FieldHT/FieldHT/Views/APRSSymbolPicker.swift /Users/benjaminfaershtein/Documents/FieldHT/FieldHT/Views/BeaconSettingsView.swift (in target 'FieldHT' from project 'FieldHT')

SwiftCompile normal arm64 /Users/benjaminfaershtein/Documents/FieldHT/FieldHT/ViewModels/RadioManager.swift (in target 'FieldHT' from project 'FieldHT')
    cd /Users/benjaminfaershtein/Documents/FieldHT
    

SwiftCompile normal arm64 /Users/benjaminfaershtein/Documents/FieldHT/FieldHT/ViewModels/SatelliteTrackingViewModel.swift (in target 'FieldHT' from project 'FieldHT')
    cd /Users/benjaminfaershtein/Documents/FieldHT
    

SwiftCompile normal arm64 /Users/benjaminfaershtein/Documents/FieldHT/FieldHT/ViewModels/SettingsViewModel.swift (in target 'FieldHT' from project 'FieldHT')
    cd /Users/benjaminfaershtein/Documents/FieldHT
    

SwiftCompile normal arm64 /Users/benjaminfaershtein/Documents/FieldHT/FieldHT/Views/Helpers/RssiLinearGauge.swift (in target 'FieldHT' from project 'FieldHT')
    cd /Users/benjaminfaershtein/Documents/FieldHT
    

SwiftCompile normal arm64 /Users/benjaminfaershtein/Documents/FieldHT/FieldHT/Views/APRSSymbolPicker.swift (in target 'FieldHT' from project 'FieldHT')
    cd /Users/benjaminfaershtein/Documents/FieldHT
    

SwiftCompile normal arm64 /Users/benjaminfaershtein/Documents/FieldHT/FieldHT/Views/BeaconSettingsView.swift (in target 'FieldHT' from project 'FieldHT')
    cd /Users/benjaminfaershtein/Documents/FieldHT
    

LinkAssetCatalog /Users/benjaminfaershtein/Documents/FieldHT/FieldHT/Assets.xcassets (in target 'FieldHT' from project 'FieldHT')
    cd /Users/benjaminfaershtein/Documents/FieldHT
    builtin-linkAssetCatalog --thinned /var/folders/pm/b8pk4ccj1fn9p16yp_t2xwtw0000gn/T/xcode-bench-dd-yypjhhwm/Build/Intermediates.noindex/FieldHT.build/Debug-iphonesimulator/FieldHT.build/assetcatalog_output/thinned --thinned-dependencies /var/folders/pm/b8pk4ccj1fn9p16yp_t2xwtw0000gn/T/xcode-bench-dd-yypjhhwm/Build/Intermediates.noindex/FieldHT.build/Debug-iphonesimulator/FieldHT.build/assetcatalog_dependencies_thinned --thinned-info-plist-content /var/folders/pm/b8pk4ccj1fn9p16yp_t2xwtw0000gn/T/xcode-bench-dd-yypjhhwm/Build/Intermediates.noindex/FieldHT.build/Debug-iphonesimulator/FieldHT.build/assetcatalog_generated_info.plist_thinned --unthinned /var/folders/pm/b8pk4ccj1fn9p16yp_t2xwtw0000gn/T/xcode-bench-dd-yypjhhwm/Build/Intermediates.noindex/FieldHT.build/Debug-iphonesimulator/FieldHT.build/assetcatalog_output/unthinned --unthinned-dependencies /var/folders/pm/b8pk4ccj1fn9p16yp_t2xwtw0000gn/T/xcode-bench-dd-yypjhhwm/Build/Intermediates.noindex/FieldHT.build/Debug-iphonesimulator/FieldHT.build/assetcatalog_dependencies_unthinned --unthinned-info-plist-content /var/folders/pm/b8pk4ccj1fn9p16yp_t2xwtw0000gn/T/xcode-bench-dd-yypjhhwm/Build/Intermediates.noindex/FieldHT.build/Debug-iphonesimulator/FieldHT.build/assetcatalog_generated_info.plist_unthinned --output /var/folders/pm/b8pk4ccj1fn9p16yp_t2xwtw0000gn/T/xcode-bench-dd-yypjhhwm/Build/Products/Debug-iphonesimulator/FieldHT.app --plist-output /var/folders/pm/b8pk4ccj1fn9p16yp_t2xwtw0000gn/T/xcode-bench-dd-yypjhhwm/Build/Intermediates.noindex/FieldHT.build/Debug-iphonesimulator/FieldHT.build/assetcatalog_generated_info.plist
note: Emplaced /var/folders/pm/b8pk4ccj1fn9p16yp_t2xwtw0000gn/T/xcode-bench-dd-yypjhhwm/Build/Products/Debug-iphonesimulator/FieldHT.app/AppIcon60x60@2x.png (in target 'FieldHT' from project 'FieldHT')
note: Emplaced /var/folders/pm/b8pk4ccj1fn9p16yp_t2xwtw0000gn/T/xcode-bench-dd-yypjhhwm/Build/Products/Debug-iphonesimulator/FieldHT.app/Assets.car (in target 'FieldHT' from project 'FieldHT')
note: Emplaced /var/folders/pm/b8pk4ccj1fn9p16yp_t2xwtw0000gn/T/xcode-bench-dd-yypjhhwm/Build/Products/Debug-iphonesimulator/FieldHT.app/AppIcon76x76@2x~ipad.png (in target 'FieldHT' from project 'FieldHT')

SwiftDriverJobDiscovery normal arm64 Compiling BasicExample.swift, SatelliteActivityState.swift, SatelliteLiveActivityManager.swift, SatelliteTrackingAttributes.swift, APRSSymbol.swift, BeaconSettings.swift (in target 'FieldHT' from project 'FieldHT')

SwiftCompile normal arm64 Compiling\ PFSettingsView.swift,\ RadioControlView.swift,\ RegionManagementView.swift,\ SatelliteSearchView.swift,\ SatelliteTrackingView.swift /Users/benjaminfaershtein/Documents/FieldHT/FieldHT/Views/PFSettingsView.swift /Users/benjaminfaershtein/Documents/FieldHT/FieldHT/Views/RadioControlView.swift /Users/benjaminfaershtein/Documents/FieldHT/FieldHT/Views/RegionManagementView.swift /Users/benjaminfaershtein/Documents/FieldHT/FieldHT/Views/SatelliteSearchView.swift /Users/benjaminfaershtein/Documents/FieldHT/FieldHT/Views/SatelliteTrackingView.swift (in target 'FieldHT' from project 'FieldHT')

SwiftCompile normal arm64 /Users/benjaminfaershtein/Documents/FieldHT/FieldHT/Views/PFSettingsView.swift (in target 'FieldHT' from project 'FieldHT')
    cd /Users/benjaminfaershtein/Documents/FieldHT
    

SwiftCompile normal arm64 /Users/benjaminfaershtein/Documents/FieldHT/FieldHT/Views/RadioControlView.swift (in target 'FieldHT' from project 'FieldHT')
    cd /Users/benjaminfaershtein/Documents/FieldHT
    

SwiftCompile normal arm64 /Users/benjaminfaershtein/Documents/FieldHT/FieldHT/Views/RegionManagementView.swift (in target 'FieldHT' from project 'FieldHT')
    cd /Users/benjaminfaershtein/Documents/FieldHT
    

SwiftCompile normal arm64 /Users/benjaminfaershtein/Documents/FieldHT/FieldHT/Views/SatelliteSearchView.swift (in target 'FieldHT' from project 'FieldHT')
    cd /Users/benjaminfaershtein/Documents/FieldHT
    

SwiftCompile normal arm64 /Users/benjaminfaershtein/Documents/FieldHT/FieldHT/Views/SatelliteTrackingView.swift (in target 'FieldHT' from project 'FieldHT')
    cd /Users/benjaminfaershtein/Documents/FieldHT
    

SwiftDriverJobDiscovery normal arm64 Compiling Channel.swift, DeviceInfo.swift, PF.swift, Position.swift, RadioState.swift, Settings.swift (in target 'FieldHT' from project 'FieldHT')

SwiftDriverJobDiscovery normal arm64 Emitting module for FieldHT (in target 'FieldHT' from project 'FieldHT')

SwiftDriver\ Compilation\ Requirements FieldHT normal arm64 com.apple.xcode.tools.swift.compiler (in target 'FieldHT' from project 'FieldHT')
    cd /Users/benjaminfaershtein/Documents/FieldHT
    builtin-Swift-Compilation-Requirements -- /Applications/Xcode.app/Contents/Developer/Toolchains/XcodeDefault.xctoolchain/usr/bin/swiftc -module-name FieldHT -Onone -enforce-exclusivity\=checked @/var/folders/pm/b8pk4ccj1fn9p16yp_t2xwtw0000gn/T/xcode-bench-dd-yypjhhwm/Build/Intermediates.noindex/FieldHT.build/Debug-iphonesimulator/FieldHT.build/Objects-normal/arm64/FieldHT.SwiftFileList -DDEBUG -default-isolation\=MainActor -enable-bare-slash-regex -enable-upcoming-feature DisableOutwardActorInference -enable-upcoming-feature InferSendableFromCaptures -enable-upcoming-feature GlobalActorIsolatedTypesUsability -enable-upcoming-feature MemberImportVisibility -enable-upcoming-feature InferIsolatedConformances -enable-upcoming-feature NonisolatedNonsendingByDefault -enable-experimental-feature DebugDescriptionMacro -sdk /Applications/Xcode.app/Contents/Developer/Platforms/iPhoneSimulator.platform/Developer/SDKs/iPhoneSimulator26.0.sdk -target arm64-apple-ios26.0-simulator -g -module-cache-path /var/folders/pm/b8pk4ccj1fn9p16yp_t2xwtw0000gn/T/xcode-bench-dd-yypjhhwm/ModuleCache.noindex -Xfrontend -serialize-debugging-options -enable-testing -index-store-path /var/folders/pm/b8pk4ccj1fn9p16yp_t2xwtw0000gn/T/xcode-bench-dd-yypjhhwm/Index.noindex/DataStore -Xcc -D_LIBCPP_HARDENING_MODE\=_LIBCPP_HARDENING_MODE_DEBUG -swift-version 5 -I /var/folders/pm/b8pk4ccj1fn9p16yp_t2xwtw0000gn/T/xcode-bench-dd-yypjhhwm/Build/Products/Debug-iphonesimulator -F /var/folders/pm/b8pk4ccj1fn9p16yp_t2xwtw0000gn/T/xcode-bench-dd-yypjhhwm/Build/Products/Debug-iphonesimulator/PackageFrameworks -F /var/folders/pm/b8pk4ccj1fn9p16yp_t2xwtw0000gn/T/xcode-bench-dd-yypjhhwm/Build/Products/Debug-iphonesimulator -emit-localized-strings -emit-localized-strings-path /var/folders/pm/b8pk4ccj1fn9p16yp_t2xwtw0000gn/T/xcode-bench-dd-yypjhhwm/Build/Intermediates.noindex/FieldHT.build/Debug-iphonesimulator/FieldHT.build/Objects-normal/arm64 -c -j10 -enable-batch-mode -incremental -Xcc -ivfsstatcache -Xcc /var/folders/pm/b8pk4ccj1fn9p16yp_t2xwtw0000gn/T/xcode-bench-dd-yypjhhwm/SDKStatCaches.noindex/iphonesimulator26.0-23A339-26257891a6c027eb51374368541b8346.sdkstatcache -output-file-map /var/folders/pm/b8pk4ccj1fn9p16yp_t2xwtw0000gn/T/xcode-bench-dd-yypjhhwm/Build/Intermediates.noindex/FieldHT.build/Debug-iphonesimulator/FieldHT.build/Objects-normal/arm64/FieldHT-OutputFileMap.json -use-frontend-parseable-output -save-temps -no-color-diagnostics -explicit-module-build -module-cache-path /var/folders/pm/b8pk4ccj1fn9p16yp_t2xwtw0000gn/T/xcode-bench-dd-yypjhhwm/Build/Intermediates.noindex/SwiftExplicitPrecompiledModules -clang-scanner-module-cache-path /var/folders/pm/b8pk4ccj1fn9p16yp_t2xwtw0000gn/T/xcode-bench-dd-yypjhhwm/ModuleCache.noindex -sdk-module-cache-path /var/folders/pm/b8pk4ccj1fn9p16yp_t2xwtw0000gn/T/xcode-bench-dd-yypjhhwm/ModuleCache.noindex -serialize-diagnostics -emit-dependencies -emit-module -emit-module-path /var/folders/pm/b8pk4ccj1fn9p16yp_t2xwtw0000gn/T/xcode-bench-dd-yypjhhwm/Build/Intermediates.noindex/FieldHT.build/Debug-iphonesimulator/FieldHT.build/Objects-normal/arm64/FieldHT.swiftmodule -validate-clang-modules-once -clang-build-session-file /var/folders/pm/b8pk4ccj1fn9p16yp_t2xwtw0000gn/T/xcode-bench-dd-yypjhhwm/ModuleCache.noindex/Session.modulevalidation -Xcc -I/var/folders/pm/b8pk4ccj1fn9p16yp_t2xwtw0000gn/T/xcode-bench-dd-yypjhhwm/Build/Intermediates.noindex/FieldHT.build/Debug-iphonesimulator/FieldHT.build/swift-overrides.hmap -emit-const-values -Xfrontend -const-gather-protocols-file -Xfrontend /var/folders/pm/b8pk4ccj1fn9p16yp_t2xwtw0000gn/T/xcode-bench-dd-yypjhhwm/Build/Intermediates.noindex/FieldHT.build/Debug-iphonesimulator/FieldHT.build/Objects-normal/arm64/FieldHT_const_extract_protocols.json -Xcc -iquote -Xcc /var/folders/pm/b8pk4ccj1fn9p16yp_t2xwtw0000gn/T/xcode-bench-dd-yypjhhwm/Build/Intermediates.noindex/FieldHT.build/Debug-iphonesimulator/FieldHT.build/FieldHT-generated-files.hmap -Xcc -I/var/folders/pm/b8pk4ccj1fn9p16yp_t2xwtw0000gn/T/xcode-bench-dd-yypjhhwm/Build/Intermediates.noindex/FieldHT.build/Debug-iphonesimulator/FieldHT.build/FieldHT-own-target-headers.hmap -Xcc -I/var/folders/pm/b8pk4ccj1fn9p16yp_t2xwtw0000gn/T/xcode-bench-dd-yypjhhwm/Build/Intermediates.noindex/FieldHT.build/Debug-iphonesimulator/FieldHT.build/FieldHT-all-non-framework-target-headers.hmap -Xcc -ivfsoverlay -Xcc /var/folders/pm/b8pk4ccj1fn9p16yp_t2xwtw0000gn/T/xcode-bench-dd-yypjhhwm/Build/Intermediates.noindex/FieldHT.build/Debug-iphonesimulator/FieldHT-8db3a85ec02ee428a21b172cdb8cc156-VFS-iphonesimulator/all-product-headers.yaml -Xcc -iquote -Xcc /var/folders/pm/b8pk4ccj1fn9p16yp_t2xwtw0000gn/T/xcode-bench-dd-yypjhhwm/Build/Intermediates.noindex/FieldHT.build/Debug-iphonesimulator/FieldHT.build/FieldHT-project-headers.hmap -Xcc -I/var/folders/pm/b8pk4ccj1fn9p16yp_t2xwtw0000gn/T/xcode-bench-dd-yypjhhwm/Build/Products/Debug-iphonesimulator/include -Xcc -I/var/folders/pm/b8pk4ccj1fn9p16yp_t2xwtw0000gn/T/xcode-bench-dd-yypjhhwm/Build/Intermediates.noindex/FieldHT.build/Debug-iphonesimulator/FieldHT.build/DerivedSources-normal/arm64 -Xcc -I/var/folders/pm/b8pk4ccj1fn9p16yp_t2xwtw0000gn/T/xcode-bench-dd-yypjhhwm/Build/Intermediates.noindex/FieldHT.build/Debug-iphonesimulator/FieldHT.build/DerivedSources/arm64 -Xcc -I/var/folders/pm/b8pk4ccj1fn9p16yp_t2xwtw0000gn/T/xcode-bench-dd-yypjhhwm/Build/Intermediates.noindex/FieldHT.build/Debug-iphonesimulator/FieldHT.build/DerivedSources -Xcc -DDEBUG\=1 -emit-objc-header -emit-objc-header-path /var/folders/pm/b8pk4ccj1fn9p16yp_t2xwtw0000gn/T/xcode-bench-dd-yypjhhwm/Build/Intermediates.noindex/FieldHT.build/Debug-iphonesimulator/FieldHT.build/Objects-normal/arm64/FieldHT-Swift.h -working-directory /Users/benjaminfaershtein/Documents/FieldHT -experimental-emit-module-separately -disable-cmo

SwiftMergeGeneratedHeaders /var/folders/pm/b8pk4ccj1fn9p16yp_t2xwtw0000gn/T/xcode-bench-dd-yypjhhwm/Build/Intermediates.noindex/FieldHT.build/Debug-iphonesimulator/FieldHT.build/DerivedSources/FieldHT-Swift.h /var/folders/pm/b8pk4ccj1fn9p16yp_t2xwtw0000gn/T/xcode-bench-dd-yypjhhwm/Build/Intermediates.noindex/FieldHT.build/Debug-iphonesimulator/FieldHT.build/Objects-normal/arm64/FieldHT-Swift.h (in target 'FieldHT' from project 'FieldHT')
    cd /Users/benjaminfaershtein/Documents/FieldHT
    builtin-swiftHeaderTool -arch arm64 /var/folders/pm/b8pk4ccj1fn9p16yp_t2xwtw0000gn/T/xcode-bench-dd-yypjhhwm/Build/Intermediates.noindex/FieldHT.build/Debug-iphonesimulator/FieldHT.build/Objects-normal/arm64/FieldHT-Swift.h -o /var/folders/pm/b8pk4ccj1fn9p16yp_t2xwtw0000gn/T/xcode-bench-dd-yypjhhwm/Build/Intermediates.noindex/FieldHT.build/Debug-iphonesimulator/FieldHT.build/DerivedSources/FieldHT-Swift.h

Copy /var/folders/pm/b8pk4ccj1fn9p16yp_t2xwtw0000gn/T/xcode-bench-dd-yypjhhwm/Build/Products/Debug-iphonesimulator/FieldHT.swiftmodule/arm64-apple-ios-simulator.swiftmodule /var/folders/pm/b8pk4ccj1fn9p16yp_t2xwtw0000gn/T/xcode-bench-dd-yypjhhwm/Build/Intermediates.noindex/FieldHT.build/Debug-iphonesimulator/FieldHT.build/Objects-normal/arm64/FieldHT.swiftmodule (in target 'FieldHT' from project 'FieldHT')
    cd /Users/benjaminfaershtein/Documents/FieldHT
    builtin-copy -exclude .DS_Store -exclude CVS -exclude .svn -exclude .git -exclude .hg -resolve-src-symlinks -rename /var/folders/pm/b8pk4ccj1fn9p16yp_t2xwtw0000gn/T/xcode-bench-dd-yypjhhwm/Build/Intermediates.noindex/FieldHT.build/Debug-iphonesimulator/FieldHT.build/Objects-normal/arm64/FieldHT.swiftmodule /var/folders/pm/b8pk4ccj1fn9p16yp_t2xwtw0000gn/T/xcode-bench-dd-yypjhhwm/Build/Products/Debug-iphonesimulator/FieldHT.swiftmodule/arm64-apple-ios-simulator.swiftmodule

Copy /var/folders/pm/b8pk4ccj1fn9p16yp_t2xwtw0000gn/T/xcode-bench-dd-yypjhhwm/Build/Products/Debug-iphonesimulator/FieldHT.swiftmodule/arm64-apple-ios-simulator.swiftdoc /var/folders/pm/b8pk4ccj1fn9p16yp_t2xwtw0000gn/T/xcode-bench-dd-yypjhhwm/Build/Intermediates.noindex/FieldHT.build/Debug-iphonesimulator/FieldHT.build/Objects-normal/arm64/FieldHT.swiftdoc (in target 'FieldHT' from project 'FieldHT')
    cd /Users/benjaminfaershtein/Documents/FieldHT
    builtin-copy -exclude .DS_Store -exclude CVS -exclude .svn -exclude .git -exclude .hg -resolve-src-symlinks -rename /var/folders/pm/b8pk4ccj1fn9p16yp_t2xwtw0000gn/T/xcode-bench-dd-yypjhhwm/Build/Intermediates.noindex/FieldHT.build/Debug-iphonesimulator/FieldHT.build/Objects-normal/arm64/FieldHT.swiftdoc /var/folders/pm/b8pk4ccj1fn9p16yp_t2xwtw0000gn/T/xcode-bench-dd-yypjhhwm/Build/Products/Debug-iphonesimulator/FieldHT.swiftmodule/arm64-apple-ios-simulator.swiftdoc

Copy /var/folders/pm/b8pk4ccj1fn9p16yp_t2xwtw0000gn/T/xcode-bench-dd-yypjhhwm/Build/Products/Debug-iphonesimulator/FieldHT.swiftmodule/arm64-apple-ios-simulator.abi.json /var/folders/pm/b8pk4ccj1fn9p16yp_t2xwtw0000gn/T/xcode-bench-dd-yypjhhwm/Build/Intermediates.noindex/FieldHT.build/Debug-iphonesimulator/FieldHT.build/Objects-normal/arm64/FieldHT.abi.json (in target 'FieldHT' from project 'FieldHT')
    cd /Users/benjaminfaershtein/Documents/FieldHT
    builtin-copy -exclude .DS_Store -exclude CVS -exclude .svn -exclude .git -exclude .hg -resolve-src-symlinks -rename /var/folders/pm/b8pk4ccj1fn9p16yp_t2xwtw0000gn/T/xcode-bench-dd-yypjhhwm/Build/Intermediates.noindex/FieldHT.build/Debug-iphonesimulator/FieldHT.build/Objects-normal/arm64/FieldHT.abi.json /var/folders/pm/b8pk4ccj1fn9p16yp_t2xwtw0000gn/T/xcode-bench-dd-yypjhhwm/Build/Products/Debug-iphonesimulator/FieldHT.swiftmodule/arm64-apple-ios-simulator.abi.json

Copy /var/folders/pm/b8pk4ccj1fn9p16yp_t2xwtw0000gn/T/xcode-bench-dd-yypjhhwm/Build/Products/Debug-iphonesimulator/FieldHT.swiftmodule/Project/arm64-apple-ios-simulator.swiftsourceinfo /var/folders/pm/b8pk4ccj1fn9p16yp_t2xwtw0000gn/T/xcode-bench-dd-yypjhhwm/Build/Intermediates.noindex/FieldHT.build/Debug-iphonesimulator/FieldHT.build/Objects-normal/arm64/FieldHT.swiftsourceinfo (in target 'FieldHT' from project 'FieldHT')
    cd /Users/benjaminfaershtein/Documents/FieldHT
    builtin-copy -exclude .DS_Store -exclude CVS -exclude .svn -exclude .git -exclude .hg -resolve-src-symlinks -rename /var/folders/pm/b8pk4ccj1fn9p16yp_t2xwtw0000gn/T/xcode-bench-dd-yypjhhwm/Build/Intermediates.noindex/FieldHT.build/Debug-iphonesimulator/FieldHT.build/Objects-normal/arm64/FieldHT.swiftsourceinfo /var/folders/pm/b8pk4ccj1fn9p16yp_t2xwtw0000gn/T/xcode-bench-dd-yypjhhwm/Build/Products/Debug-iphonesimulator/FieldHT.swiftmodule/Project/arm64-apple-ios-simulator.swiftsourceinfo

SwiftDriverJobDiscovery normal arm64 Compiling Status.swift, TncDataFragment.swift, Bitfield.swift, MessageEncoder.swift, ProtocolConstants.swift, ProtocolDecoder.swift (in target 'FieldHT' from project 'FieldHT')

SwiftDriverJobDiscovery normal arm64 Compiling SatPassPredictor.swift, ToneParser.swift, NetworkMonitor.swift, NotificationManager.swift, RepeaterBookService.swift, ChannelViewModel.swift (in target 'FieldHT' from project 'FieldHT')

SwiftDriverJobDiscovery normal arm64 Compiling ProtocolEncoder.swift, Doppler.swift, OfflineTLE.swift, SatFrequencyOption.swift, SatNogDBClient.swift, SatNogDBModels.swift (in target 'FieldHT' from project 'FieldHT')

SwiftDriverJobDiscovery normal arm64 Compiling BLEConnection.swift, BLEScanner.swift, CommandConnection.swift, EventMessage.swift, RadioMessage.swift, RadioData.swift (in target 'FieldHT' from project 'FieldHT')

SwiftDriverJobDiscovery normal arm64 Compiling SettingsView.swift, VFOEditSheet.swift, FieldHTApp.swift, RadioController.swift, GeneratedAssetSymbols.swift (in target 'FieldHT' from project 'FieldHT')

SwiftDriverJobDiscovery normal arm64 Compiling PFSettingsView.swift, RadioControlView.swift, RegionManagementView.swift, SatelliteSearchView.swift, SatelliteTrackingView.swift (in target 'FieldHT' from project 'FieldHT')

SwiftDriverJobDiscovery normal arm64 Compiling RadioManager.swift, SatelliteTrackingViewModel.swift, SettingsViewModel.swift, RssiLinearGauge.swift, APRSSymbolPicker.swift, BeaconSettingsView.swift (in target 'FieldHT' from project 'FieldHT')

SwiftDriverJobDiscovery normal arm64 Compiling ChannelDetailView.swift, ChannelListView.swift, ChannelSelectionView.swift, ConnectView.swift, GlobalStatusToolbar.swift, MainTabView.swift (in target 'FieldHT' from project 'FieldHT')

SwiftDriver\ Compilation FieldHT normal arm64 com.apple.xcode.tools.swift.compiler (in target 'FieldHT' from project 'FieldHT')
    cd /Users/benjaminfaershtein/Documents/FieldHT
    builtin-Swift-Compilation -- /Applications/Xcode.app/Contents/Developer/Toolchains/XcodeDefault.xctoolchain/usr/bin/swiftc -module-name FieldHT -Onone -enforce-exclusivity\=checked @/var/folders/pm/b8pk4ccj1fn9p16yp_t2xwtw0000gn/T/xcode-bench-dd-yypjhhwm/Build/Intermediates.noindex/FieldHT.build/Debug-iphonesimulator/FieldHT.build/Objects-normal/arm64/FieldHT.SwiftFileList -DDEBUG -default-isolation\=MainActor -enable-bare-slash-regex -enable-upcoming-feature DisableOutwardActorInference -enable-upcoming-feature InferSendableFromCaptures -enable-upcoming-feature GlobalActorIsolatedTypesUsability -enable-upcoming-feature MemberImportVisibility -enable-upcoming-feature InferIsolatedConformances -enable-upcoming-feature NonisolatedNonsendingByDefault -enable-experimental-feature DebugDescriptionMacro -sdk /Applications/Xcode.app/Contents/Developer/Platforms/iPhoneSimulator.platform/Developer/SDKs/iPhoneSimulator26.0.sdk -target arm64-apple-ios26.0-simulator -g -module-cache-path /var/folders/pm/b8pk4ccj1fn9p16yp_t2xwtw0000gn/T/xcode-bench-dd-yypjhhwm/ModuleCache.noindex -Xfrontend -serialize-debugging-options -enable-testing -index-store-path /var/folders/pm/b8pk4ccj1fn9p16yp_t2xwtw0000gn/T/xcode-bench-dd-yypjhhwm/Index.noindex/DataStore -Xcc -D_LIBCPP_HARDENING_MODE\=_LIBCPP_HARDENING_MODE_DEBUG -swift-version 5 -I /var/folders/pm/b8pk4ccj1fn9p16yp_t2xwtw0000gn/T/xcode-bench-dd-yypjhhwm/Build/Products/Debug-iphonesimulator -F /var/folders/pm/b8pk4ccj1fn9p16yp_t2xwtw0000gn/T/xcode-bench-dd-yypjhhwm/Build/Products/Debug-iphonesimulator/PackageFrameworks -F /var/folders/pm/b8pk4ccj1fn9p16yp_t2xwtw0000gn/T/xcode-bench-dd-yypjhhwm/Build/Products/Debug-iphonesimulator -emit-localized-strings -emit-localized-strings-path /var/folders/pm/b8pk4ccj1fn9p16yp_t2xwtw0000gn/T/xcode-bench-dd-yypjhhwm/Build/Intermediates.noindex/FieldHT.build/Debug-iphonesimulator/FieldHT.build/Objects-normal/arm64 -c -j10 -enable-batch-mode -incremental -Xcc -ivfsstatcache -Xcc /var/folders/pm/b8pk4ccj1fn9p16yp_t2xwtw0000gn/T/xcode-bench-dd-yypjhhwm/SDKStatCaches.noindex/iphonesimulator26.0-23A339-26257891a6c027eb51374368541b8346.sdkstatcache -output-file-map /var/folders/pm/b8pk4ccj1fn9p16yp_t2xwtw0000gn/T/xcode-bench-dd-yypjhhwm/Build/Intermediates.noindex/FieldHT.build/Debug-iphonesimulator/FieldHT.build/Objects-normal/arm64/FieldHT-OutputFileMap.json -use-frontend-parseable-output -save-temps -no-color-diagnostics -explicit-module-build -module-cache-path /var/folders/pm/b8pk4ccj1fn9p16yp_t2xwtw0000gn/T/xcode-bench-dd-yypjhhwm/Build/Intermediates.noindex/SwiftExplicitPrecompiledModules -clang-scanner-module-cache-path /var/folders/pm/b8pk4ccj1fn9p16yp_t2xwtw0000gn/T/xcode-bench-dd-yypjhhwm/ModuleCache.noindex -sdk-module-cache-path /var/folders/pm/b8pk4ccj1fn9p16yp_t2xwtw0000gn/T/xcode-bench-dd-yypjhhwm/ModuleCache.noindex -serialize-diagnostics -emit-dependencies -emit-module -emit-module-path /var/folders/pm/b8pk4ccj1fn9p16yp_t2xwtw0000gn/T/xcode-bench-dd-yypjhhwm/Build/Intermediates.noindex/FieldHT.build/Debug-iphonesimulator/FieldHT.build/Objects-normal/arm64/FieldHT.swiftmodule -validate-clang-modules-once -clang-build-session-file /var/folders/pm/b8pk4ccj1fn9p16yp_t2xwtw0000gn/T/xcode-bench-dd-yypjhhwm/ModuleCache.noindex/Session.modulevalidation -Xcc -I/var/folders/pm/b8pk4ccj1fn9p16yp_t2xwtw0000gn/T/xcode-bench-dd-yypjhhwm/Build/Intermediates.noindex/FieldHT.build/Debug-iphonesimulator/FieldHT.build/swift-overrides.hmap -emit-const-values -Xfrontend -const-gather-protocols-file -Xfrontend /var/folders/pm/b8pk4ccj1fn9p16yp_t2xwtw0000gn/T/xcode-bench-dd-yypjhhwm/Build/Intermediates.noindex/FieldHT.build/Debug-iphonesimulator/FieldHT.build/Objects-normal/arm64/FieldHT_const_extract_protocols.json -Xcc -iquote -Xcc /var/folders/pm/b8pk4ccj1fn9p16yp_t2xwtw0000gn/T/xcode-bench-dd-yypjhhwm/Build/Intermediates.noindex/FieldHT.build/Debug-iphonesimulator/FieldHT.build/FieldHT-generated-files.hmap -Xcc -I/var/folders/pm/b8pk4ccj1fn9p16yp_t2xwtw0000gn/T/xcode-bench-dd-yypjhhwm/Build/Intermediates.noindex/FieldHT.build/Debug-iphonesimulator/FieldHT.build/FieldHT-own-target-headers.hmap -Xcc -I/var/folders/pm/b8pk4ccj1fn9p16yp_t2xwtw0000gn/T/xcode-bench-dd-yypjhhwm/Build/Intermediates.noindex/FieldHT.build/Debug-iphonesimulator/FieldHT.build/FieldHT-all-non-framework-target-headers.hmap -Xcc -ivfsoverlay -Xcc /var/folders/pm/b8pk4ccj1fn9p16yp_t2xwtw0000gn/T/xcode-bench-dd-yypjhhwm/Build/Intermediates.noindex/FieldHT.build/Debug-iphonesimulator/FieldHT-8db3a85ec02ee428a21b172cdb8cc156-VFS-iphonesimulator/all-product-headers.yaml -Xcc -iquote -Xcc /var/folders/pm/b8pk4ccj1fn9p16yp_t2xwtw0000gn/T/xcode-bench-dd-yypjhhwm/Build/Intermediates.noindex/FieldHT.build/Debug-iphonesimulator/FieldHT.build/FieldHT-project-headers.hmap -Xcc -I/var/folders/pm/b8pk4ccj1fn9p16yp_t2xwtw0000gn/T/xcode-bench-dd-yypjhhwm/Build/Products/Debug-iphonesimulator/include -Xcc -I/var/folders/pm/b8pk4ccj1fn9p16yp_t2xwtw0000gn/T/xcode-bench-dd-yypjhhwm/Build/Intermediates.noindex/FieldHT.build/Debug-iphonesimulator/FieldHT.build/DerivedSources-normal/arm64 -Xcc -I/var/folders/pm/b8pk4ccj1fn9p16yp_t2xwtw0000gn/T/xcode-bench-dd-yypjhhwm/Build/Intermediates.noindex/FieldHT.build/Debug-iphonesimulator/FieldHT.build/DerivedSources/arm64 -Xcc -I/var/folders/pm/b8pk4ccj1fn9p16yp_t2xwtw0000gn/T/xcode-bench-dd-yypjhhwm/Build/Intermediates.noindex/FieldHT.build/Debug-iphonesimulator/FieldHT.build/DerivedSources -Xcc -DDEBUG\=1 -emit-objc-header -emit-objc-header-path /var/folders/pm/b8pk4ccj1fn9p16yp_t2xwtw0000gn/T/xcode-bench-dd-yypjhhwm/Build/Intermediates.noindex/FieldHT.build/Debug-iphonesimulator/FieldHT.build/Objects-normal/arm64/FieldHT-Swift.h -working-directory /Users/benjaminfaershtein/Documents/FieldHT -experimental-emit-module-separately -disable-cmo

Ld /var/folders/pm/b8pk4ccj1fn9p16yp_t2xwtw0000gn/T/xcode-bench-dd-yypjhhwm/Build/Products/Debug-iphonesimulator/FieldHT.app/FieldHT.debug.dylib normal (in target 'FieldHT' from project 'FieldHT')
    cd /Users/benjaminfaershtein/Documents/FieldHT
    /Applications/Xcode.app/Contents/Developer/Toolchains/XcodeDefault.xctoolchain/usr/bin/clang -Xlinker -reproducible -target arm64-apple-ios26.0-simulator -dynamiclib -isysroot /Applications/Xcode.app/Contents/Developer/Platforms/iPhoneSimulator.platform/Developer/SDKs/iPhoneSimulator26.0.sdk -O0 -L/var/folders/pm/b8pk4ccj1fn9p16yp_t2xwtw0000gn/T/xcode-bench-dd-yypjhhwm/Build/Intermediates.noindex/EagerLinkingTBDs/Debug-iphonesimulator -L/var/folders/pm/b8pk4ccj1fn9p16yp_t2xwtw0000gn/T/xcode-bench-dd-yypjhhwm/Build/Products/Debug-iphonesimulator -F/var/folders/pm/b8pk4ccj1fn9p16yp_t2xwtw0000gn/T/xcode-bench-dd-yypjhhwm/Build/Intermediates.noindex/EagerLinkingTBDs/Debug-iphonesimulator -F/var/folders/pm/b8pk4ccj1fn9p16yp_t2xwtw0000gn/T/xcode-bench-dd-yypjhhwm/Build/Products/Debug-iphonesimulator/PackageFrameworks -F/var/folders/pm/b8pk4ccj1fn9p16yp_t2xwtw0000gn/T/xcode-bench-dd-yypjhhwm/Build/Products/Debug-iphonesimulator -filelist /var/folders/pm/b8pk4ccj1fn9p16yp_t2xwtw0000gn/T/xcode-bench-dd-yypjhhwm/Build/Intermediates.noindex/FieldHT.build/Debug-iphonesimulator/FieldHT.build/Objects-normal/arm64/FieldHT.LinkFileList -install_name @rpath/FieldHT.debug.dylib -Xlinker -rpath -Xlinker /var/folders/pm/b8pk4ccj1fn9p16yp_t2xwtw0000gn/T/xcode-bench-dd-yypjhhwm/Build/Products/Debug-iphonesimulator/PackageFrameworks -Xlinker -rpath -Xlinker @executable_path/Frameworks -dead_strip -Xlinker -object_path_lto -Xlinker /var/folders/pm/b8pk4ccj1fn9p16yp_t2xwtw0000gn/T/xcode-bench-dd-yypjhhwm/Build/Intermediates.noindex/FieldHT.build/Debug-iphonesimulator/FieldHT.build/Objects-normal/arm64/FieldHT_lto.o -rdynamic -Xlinker -no_deduplicate -Xlinker -objc_abi_version -Xlinker 2 -Xlinker -dependency_info -Xlinker /var/folders/pm/b8pk4ccj1fn9p16yp_t2xwtw0000gn/T/xcode-bench-dd-yypjhhwm/Build/Intermediates.noindex/FieldHT.build/Debug-iphonesimulator/FieldHT.build/Objects-normal/arm64/FieldHT_dependency_info.dat -fobjc-link-runtime -L/Applications/Xcode.app/Contents/Developer/Toolchains/XcodeDefault.xctoolchain/usr/lib/swift/iphonesimulator -L/usr/lib/swift -Xlinker -add_ast_path -Xlinker /var/folders/pm/b8pk4ccj1fn9p16yp_t2xwtw0000gn/T/xcode-bench-dd-yypjhhwm/Build/Intermediates.noindex/FieldHT.build/Debug-iphonesimulator/FieldHT.build/Objects-normal/arm64/FieldHT.swiftmodule @/var/folders/pm/b8pk4ccj1fn9p16yp_t2xwtw0000gn/T/xcode-bench-dd-yypjhhwm/Build/Intermediates.noindex/FieldHT.build/Debug-iphonesimulator/FieldHT.build/Objects-normal/arm64/FieldHT-linker-args.resp -Wl,-no_warn_duplicate_libraries -Xlinker -alias -Xlinker _main -Xlinker ___debug_main_executable_dylib_entry_point -Xlinker -no_adhoc_codesign -o /var/folders/pm/b8pk4ccj1fn9p16yp_t2xwtw0000gn/T/xcode-bench-dd-yypjhhwm/Build/Products/Debug-iphonesimulator/FieldHT.app/FieldHT.debug.dylib -Xlinker -add_ast_path -Xlinker /var/folders/pm/b8pk4ccj1fn9p16yp_t2xwtw0000gn/T/xcode-bench-dd-yypjhhwm/Build/Intermediates.noindex/SatelliteKit.build/Debug-iphonesimulator/SatelliteKit.build/Objects-normal/arm64/SatelliteKit.swiftmodule @/var/folders/pm/b8pk4ccj1fn9p16yp_t2xwtw0000gn/T/xcode-bench-dd-yypjhhwm/Build/Intermediates.noindex/SatelliteKit.build/Debug-iphonesimulator/SatelliteKit.build/Objects-normal/arm64/SatelliteKit-linker-args.resp

ConstructStubExecutorLinkFileList /var/folders/pm/b8pk4ccj1fn9p16yp_t2xwtw0000gn/T/xcode-bench-dd-yypjhhwm/Build/Intermediates.noindex/FieldHT.build/Debug-iphonesimulator/FieldHT.build/FieldHT-ExecutorLinkFileList-normal-arm64.txt (in target 'FieldHT' from project 'FieldHT')
    cd /Users/benjaminfaershtein/Documents/FieldHT
    construct-stub-executor-link-file-list /var/folders/pm/b8pk4ccj1fn9p16yp_t2xwtw0000gn/T/xcode-bench-dd-yypjhhwm/Build/Products/Debug-iphonesimulator/FieldHT.app/FieldHT.debug.dylib /Applications/Xcode.app/Contents/Developer/Platforms/iPhoneSimulator.platform/Developer/usr/lib/libPreviewsJITStubExecutor_no_swift_entry_point.a /Applications/Xcode.app/Contents/Developer/Platforms/iPhoneSimulator.platform/Developer/usr/lib/libPreviewsJITStubExecutor.a --output /var/folders/pm/b8pk4ccj1fn9p16yp_t2xwtw0000gn/T/xcode-bench-dd-yypjhhwm/Build/Intermediates.noindex/FieldHT.build/Debug-iphonesimulator/FieldHT.build/FieldHT-ExecutorLinkFileList-normal-arm64.txt
note: Using stub executor library with Swift entry point. (in target 'FieldHT' from project 'FieldHT')

Ld /var/folders/pm/b8pk4ccj1fn9p16yp_t2xwtw0000gn/T/xcode-bench-dd-yypjhhwm/Build/Products/Debug-iphonesimulator/FieldHT.app/FieldHT normal (in target 'FieldHT' from project 'FieldHT')
    cd /Users/benjaminfaershtein/Documents/FieldHT
    /Applications/Xcode.app/Contents/Developer/Toolchains/XcodeDefault.xctoolchain/usr/bin/clang -Xlinker -reproducible -target arm64-apple-ios26.0-simulator -isysroot /Applications/Xcode.app/Contents/Developer/Platforms/iPhoneSimulator.platform/Developer/SDKs/iPhoneSimulator26.0.sdk -O0 -L/var/folders/pm/b8pk4ccj1fn9p16yp_t2xwtw0000gn/T/xcode-bench-dd-yypjhhwm/Build/Products/Debug-iphonesimulator -F/var/folders/pm/b8pk4ccj1fn9p16yp_t2xwtw0000gn/T/xcode-bench-dd-yypjhhwm/Build/Products/Debug-iphonesimulator/PackageFrameworks -F/var/folders/pm/b8pk4ccj1fn9p16yp_t2xwtw0000gn/T/xcode-bench-dd-yypjhhwm/Build/Products/Debug-iphonesimulator -Xlinker -rpath -Xlinker @executable_path -Xlinker -rpath -Xlinker /var/folders/pm/b8pk4ccj1fn9p16yp_t2xwtw0000gn/T/xcode-bench-dd-yypjhhwm/Build/Products/Debug-iphonesimulator/PackageFrameworks -Xlinker -rpath -Xlinker @executable_path/Frameworks -rdynamic -Xlinker -no_deduplicate -Xlinker -objc_abi_version -Xlinker 2 -e ___debug_blank_executor_main -Xlinker -sectcreate -Xlinker __TEXT -Xlinker __debug_dylib -Xlinker /var/folders/pm/b8pk4ccj1fn9p16yp_t2xwtw0000gn/T/xcode-bench-dd-yypjhhwm/Build/Intermediates.noindex/FieldHT.build/Debug-iphonesimulator/FieldHT.build/FieldHT-DebugDylibPath-normal-arm64.txt -Xlinker -sectcreate -Xlinker __TEXT -Xlinker __debug_instlnm -Xlinker /var/folders/pm/b8pk4ccj1fn9p16yp_t2xwtw0000gn/T/xcode-bench-dd-yypjhhwm/Build/Intermediates.noindex/FieldHT.build/Debug-iphonesimulator/FieldHT.build/FieldHT-DebugDylibInstallName-normal-arm64.txt -Xlinker -filelist -Xlinker /var/folders/pm/b8pk4ccj1fn9p16yp_t2xwtw0000gn/T/xcode-bench-dd-yypjhhwm/Build/Intermediates.noindex/FieldHT.build/Debug-iphonesimulator/FieldHT.build/FieldHT-ExecutorLinkFileList-normal-arm64.txt -Xlinker -sectcreate -Xlinker __TEXT -Xlinker __entitlements -Xlinker /var/folders/pm/b8pk4ccj1fn9p16yp_t2xwtw0000gn/T/xcode-bench-dd-yypjhhwm/Build/Intermediates.noindex/FieldHT.build/Debug-iphonesimulator/FieldHT.build/FieldHT.app-Simulated.xcent -Xlinker -sectcreate -Xlinker __TEXT -Xlinker __ents_der -Xlinker /var/folders/pm/b8pk4ccj1fn9p16yp_t2xwtw0000gn/T/xcode-bench-dd-yypjhhwm/Build/Intermediates.noindex/FieldHT.build/Debug-iphonesimulator/FieldHT.build/FieldHT.app-Simulated.xcent.der /var/folders/pm/b8pk4ccj1fn9p16yp_t2xwtw0000gn/T/xcode-bench-dd-yypjhhwm/Build/Products/Debug-iphonesimulator/FieldHT.app/FieldHT.debug.dylib -Xlinker -no_adhoc_codesign -o /var/folders/pm/b8pk4ccj1fn9p16yp_t2xwtw0000gn/T/xcode-bench-dd-yypjhhwm/Build/Products/Debug-iphonesimulator/FieldHT.app/FieldHT

Copy /var/folders/pm/b8pk4ccj1fn9p16yp_t2xwtw0000gn/T/xcode-bench-dd-yypjhhwm/Build/Products/Debug-iphonesimulator/FieldHT.app/PlugIns/WidgetExtension.appex /var/folders/pm/b8pk4ccj1fn9p16yp_t2xwtw0000gn/T/xcode-bench-dd-yypjhhwm/Build/Products/Debug-iphonesimulator/WidgetExtension.appex (in target 'FieldHT' from project 'FieldHT')
    cd /Users/benjaminfaershtein/Documents/FieldHT
    builtin-copy -exclude .DS_Store -exclude CVS -exclude .svn -exclude .git -exclude .hg -exclude Headers -exclude PrivateHeaders -exclude Modules -exclude \*.tbd -resolve-src-symlinks -remove-static-executable /var/folders/pm/b8pk4ccj1fn9p16yp_t2xwtw0000gn/T/xcode-bench-dd-yypjhhwm/Build/Products/Debug-iphonesimulator/WidgetExtension.appex /var/folders/pm/b8pk4ccj1fn9p16yp_t2xwtw0000gn/T/xcode-bench-dd-yypjhhwm/Build/Products/Debug-iphonesimulator/FieldHT.app/PlugIns

ProcessInfoPlistFile /var/folders/pm/b8pk4ccj1fn9p16yp_t2xwtw0000gn/T/xcode-bench-dd-yypjhhwm/Build/Products/Debug-iphonesimulator/FieldHT.app/Info.plist /Users/benjaminfaershtein/Documents/FieldHT/FieldHT/Info.plist (in target 'FieldHT' from project 'FieldHT')
    cd /Users/benjaminfaershtein/Documents/FieldHT
    builtin-infoPlistUtility /Users/benjaminfaershtein/Documents/FieldHT/FieldHT/Info.plist -producttype com.apple.product-type.application -genpkginfo /var/folders/pm/b8pk4ccj1fn9p16yp_t2xwtw0000gn/T/xcode-bench-dd-yypjhhwm/Build/Products/Debug-iphonesimulator/FieldHT.app/PkgInfo -expandbuildsettings -format binary -platform iphonesimulator -additionalcontentfile /var/folders/pm/b8pk4ccj1fn9p16yp_t2xwtw0000gn/T/xcode-bench-dd-yypjhhwm/Build/Intermediates.noindex/FieldHT.build/Debug-iphonesimulator/FieldHT.build/assetcatalog_generated_info.plist -scanforprivacyfile /var/folders/pm/b8pk4ccj1fn9p16yp_t2xwtw0000gn/T/xcode-bench-dd-yypjhhwm/Build/Products/Debug-iphonesimulator/FieldHT.app/PlugIns/WidgetExtension.appex -o /var/folders/pm/b8pk4ccj1fn9p16yp_t2xwtw0000gn/T/xcode-bench-dd-yypjhhwm/Build/Products/Debug-iphonesimulator/FieldHT.app/Info.plist

CopySwiftLibs /var/folders/pm/b8pk4ccj1fn9p16yp_t2xwtw0000gn/T/xcode-bench-dd-yypjhhwm/Build/Products/Debug-iphonesimulator/FieldHT.app (in target 'FieldHT' from project 'FieldHT')
    cd /Users/benjaminfaershtein/Documents/FieldHT
    builtin-swiftStdLibTool --copy --verbose --sign - --scan-executable /var/folders/pm/b8pk4ccj1fn9p16yp_t2xwtw0000gn/T/xcode-bench-dd-yypjhhwm/Build/Products/Debug-iphonesimulator/FieldHT.app/FieldHT.debug.dylib --scan-folder /var/folders/pm/b8pk4ccj1fn9p16yp_t2xwtw0000gn/T/xcode-bench-dd-yypjhhwm/Build/Products/Debug-iphonesimulator/FieldHT.app/Frameworks --scan-folder /var/folders/pm/b8pk4ccj1fn9p16yp_t2xwtw0000gn/T/xcode-bench-dd-yypjhhwm/Build/Products/Debug-iphonesimulator/FieldHT.app/PlugIns --scan-folder /var/folders/pm/b8pk4ccj1fn9p16yp_t2xwtw0000gn/T/xcode-bench-dd-yypjhhwm/Build/Products/Debug-iphonesimulator/FieldHT.app/SystemExtensions --scan-folder /var/folders/pm/b8pk4ccj1fn9p16yp_t2xwtw0000gn/T/xcode-bench-dd-yypjhhwm/Build/Products/Debug-iphonesimulator/FieldHT.app/Extensions --platform iphonesimulator --toolchain /Applications/Xcode.app/Contents/Developer/Toolchains/XcodeDefault.xctoolchain --destination /var/folders/pm/b8pk4ccj1fn9p16yp_t2xwtw0000gn/T/xcode-bench-dd-yypjhhwm/Build/Products/Debug-iphonesimulator/FieldHT.app/Frameworks --strip-bitcode --strip-bitcode-tool /Applications/Xcode.app/Contents/Developer/Toolchains/XcodeDefault.xctoolchain/usr/bin/bitcode_strip --emit-dependency-info /var/folders/pm/b8pk4ccj1fn9p16yp_t2xwtw0000gn/T/xcode-bench-dd-yypjhhwm/Build/Intermediates.noindex/FieldHT.build/Debug-iphonesimulator/FieldHT.build/SwiftStdLibToolInputDependencies.dep --filter-for-swift-os

ExtractAppIntentsMetadata (in target 'FieldHT' from project 'FieldHT')
    cd /Users/benjaminfaershtein/Documents/FieldHT
    /Applications/Xcode.app/Contents/Developer/Toolchains/XcodeDefault.xctoolchain/usr/bin/appintentsmetadataprocessor --toolchain-dir /Applications/Xcode.app/Contents/Developer/Toolchains/XcodeDefault.xctoolchain --module-name FieldHT --sdk-root /Applications/Xcode.app/Contents/Developer/Platforms/iPhoneSimulator.platform/Developer/SDKs/iPhoneSimulator26.0.sdk --xcode-version 17A400 --platform-family iOS --deployment-target 26.0 --bundle-identifier BenFaer.FieldHT --output /var/folders/pm/b8pk4ccj1fn9p16yp_t2xwtw0000gn/T/xcode-bench-dd-yypjhhwm/Build/Products/Debug-iphonesimulator/FieldHT.app --target-triple arm64-apple-ios26.0-simulator --binary-file /var/folders/pm/b8pk4ccj1fn9p16yp_t2xwtw0000gn/T/xcode-bench-dd-yypjhhwm/Build/Products/Debug-iphonesimulator/FieldHT.app/FieldHT --dependency-file /var/folders/pm/b8pk4ccj1fn9p16yp_t2xwtw0000gn/T/xcode-bench-dd-yypjhhwm/Build/Intermediates.noindex/FieldHT.build/Debug-iphonesimulator/FieldHT.build/Objects-normal/arm64/FieldHT_dependency_info.dat --stringsdata-file /var/folders/pm/b8pk4ccj1fn9p16yp_t2xwtw0000gn/T/xcode-bench-dd-yypjhhwm/Build/Intermediates.noindex/FieldHT.build/Debug-iphonesimulator/FieldHT.build/Objects-normal/arm64/ExtractedAppShortcutsMetadata.stringsdata --source-file-list /var/folders/pm/b8pk4ccj1fn9p16yp_t2xwtw0000gn/T/xcode-bench-dd-yypjhhwm/Build/Intermediates.noindex/FieldHT.build/Debug-iphonesimulator/FieldHT.build/Objects-normal/arm64/FieldHT.SwiftFileList --metadata-file-list /var/folders/pm/b8pk4ccj1fn9p16yp_t2xwtw0000gn/T/xcode-bench-dd-yypjhhwm/Build/Intermediates.noindex/FieldHT.build/Debug-iphonesimulator/FieldHT.build/FieldHT.DependencyMetadataFileList --static-metadata-file-list /var/folders/pm/b8pk4ccj1fn9p16yp_t2xwtw0000gn/T/xcode-bench-dd-yypjhhwm/Build/Intermediates.noindex/FieldHT.build/Debug-iphonesimulator/FieldHT.build/FieldHT.DependencyStaticMetadataFileList --swift-const-vals-list /var/folders/pm/b8pk4ccj1fn9p16yp_t2xwtw0000gn/T/xcode-bench-dd-yypjhhwm/Build/Intermediates.noindex/FieldHT.build/Debug-iphonesimulator/FieldHT.build/Objects-normal/arm64/FieldHT.SwiftConstValuesFileList --compile-time-extraction --deployment-aware-processing --validate-assistant-intents --no-app-shortcuts-localization
2026-03-31 17:48:18.941 appintentsmetadataprocessor[81273:6316559] Starting appintentsmetadataprocessor export
2026-03-31 17:48:18.943 appintentsmetadataprocessor[81273:6316559] warning: Metadata extraction skipped. No AppIntents.framework dependency found.

AppIntentsSSUTraining (in target 'FieldHT' from project 'FieldHT')
    cd /Users/benjaminfaershtein/Documents/FieldHT
    /Applications/Xcode.app/Contents/Developer/Toolchains/XcodeDefault.xctoolchain/usr/bin/appintentsnltrainingprocessor --infoplist-path /var/folders/pm/b8pk4ccj1fn9p16yp_t2xwtw0000gn/T/xcode-bench-dd-yypjhhwm/Build/Products/Debug-iphonesimulator/FieldHT.app/Info.plist --temp-dir-path /var/folders/pm/b8pk4ccj1fn9p16yp_t2xwtw0000gn/T/xcode-bench-dd-yypjhhwm/Build/Intermediates.noindex/FieldHT.build/Debug-iphonesimulator/FieldHT.build/ssu --bundle-id BenFaer.FieldHT --product-path /var/folders/pm/b8pk4ccj1fn9p16yp_t2xwtw0000gn/T/xcode-bench-dd-yypjhhwm/Build/Products/Debug-iphonesimulator/FieldHT.app --extracted-metadata-path /var/folders/pm/b8pk4ccj1fn9p16yp_t2xwtw0000gn/T/xcode-bench-dd-yypjhhwm/Build/Products/Debug-iphonesimulator/FieldHT.app/Metadata.appintents --metadata-file-list /var/folders/pm/b8pk4ccj1fn9p16yp_t2xwtw0000gn/T/xcode-bench-dd-yypjhhwm/Build/Intermediates.noindex/FieldHT.build/Debug-iphonesimulator/FieldHT.build/FieldHT.DependencyMetadataFileList --archive-ssu-assets
2026-03-31 17:48:18.957 appintentsnltrainingprocessor[81274:6316561] Parsing options for appintentsnltrainingprocessor
2026-03-31 17:48:18.958 appintentsnltrainingprocessor[81274:6316561] No AppShortcuts found - Skipping.

CodeSign /var/folders/pm/b8pk4ccj1fn9p16yp_t2xwtw0000gn/T/xcode-bench-dd-yypjhhwm/Build/Products/Debug-iphonesimulator/FieldHT.app/FieldHT.debug.dylib (in target 'FieldHT' from project 'FieldHT')
    cd /Users/benjaminfaershtein/Documents/FieldHT
    
    Signing Identity:     "Sign to Run Locally"
    
    /usr/bin/codesign --force --sign - --timestamp\=none --generate-entitlement-der /var/folders/pm/b8pk4ccj1fn9p16yp_t2xwtw0000gn/T/xcode-bench-dd-yypjhhwm/Build/Products/Debug-iphonesimulator/FieldHT.app/FieldHT.debug.dylib

CodeSign /var/folders/pm/b8pk4ccj1fn9p16yp_t2xwtw0000gn/T/xcode-bench-dd-yypjhhwm/Build/Products/Debug-iphonesimulator/FieldHT.app/__preview.dylib (in target 'FieldHT' from project 'FieldHT')
    cd /Users/benjaminfaershtein/Documents/FieldHT
    
    Signing Identity:     "Sign to Run Locally"
    
    /usr/bin/codesign --force --sign - --timestamp\=none --generate-entitlement-der /var/folders/pm/b8pk4ccj1fn9p16yp_t2xwtw0000gn/T/xcode-bench-dd-yypjhhwm/Build/Products/Debug-iphonesimulator/FieldHT.app/__preview.dylib

CodeSign /var/folders/pm/b8pk4ccj1fn9p16yp_t2xwtw0000gn/T/xcode-bench-dd-yypjhhwm/Build/Products/Debug-iphonesimulator/FieldHT.app (in target 'FieldHT' from project 'FieldHT')
    cd /Users/benjaminfaershtein/Documents/FieldHT
    
    Signing Identity:     "Sign to Run Locally"
    
    /usr/bin/codesign --force --sign - --timestamp\=none --generate-entitlement-der /var/folders/pm/b8pk4ccj1fn9p16yp_t2xwtw0000gn/T/xcode-bench-dd-yypjhhwm/Build/Products/Debug-iphonesimulator/FieldHT.app

ValidateEmbeddedBinary /var/folders/pm/b8pk4ccj1fn9p16yp_t2xwtw0000gn/T/xcode-bench-dd-yypjhhwm/Build/Products/Debug-iphonesimulator/FieldHT.app/PlugIns/WidgetExtension.appex (in target 'FieldHT' from project 'FieldHT')
    cd /Users/benjaminfaershtein/Documents/FieldHT
    /Applications/Xcode.app/Contents/Developer/usr/bin/embeddedBinaryValidationUtility /var/folders/pm/b8pk4ccj1fn9p16yp_t2xwtw0000gn/T/xcode-bench-dd-yypjhhwm/Build/Products/Debug-iphonesimulator/FieldHT.app/PlugIns/WidgetExtension.appex -signing-cert - -info-plist-path /var/folders/pm/b8pk4ccj1fn9p16yp_t2xwtw0000gn/T/xcode-bench-dd-yypjhhwm/Build/Products/Debug-iphonesimulator/FieldHT.app/Info.plist
warning: The CFBundleShortVersionString of an app extension ('1.0') must match that of its containing parent app ('1.2').

RegisterExecutionPolicyException /var/folders/pm/b8pk4ccj1fn9p16yp_t2xwtw0000gn/T/xcode-bench-dd-yypjhhwm/Build/Products/Debug-iphonesimulator/FieldHT.app (in target 'FieldHT' from project 'FieldHT')
    cd /Users/benjaminfaershtein/Documents/FieldHT
    builtin-RegisterExecutionPolicyException /var/folders/pm/b8pk4ccj1fn9p16yp_t2xwtw0000gn/T/xcode-bench-dd-yypjhhwm/Build/Products/Debug-iphonesimulator/FieldHT.app

Validate /var/folders/pm/b8pk4ccj1fn9p16yp_t2xwtw0000gn/T/xcode-bench-dd-yypjhhwm/Build/Products/Debug-iphonesimulator/FieldHT.app (in target 'FieldHT' from project 'FieldHT')
    cd /Users/benjaminfaershtein/Documents/FieldHT
    builtin-validationUtility /var/folders/pm/b8pk4ccj1fn9p16yp_t2xwtw0000gn/T/xcode-bench-dd-yypjhhwm/Build/Products/Debug-iphonesimulator/FieldHT.app -shallow-bundle -infoplist-subpath Info.plist

Touch /var/folders/pm/b8pk4ccj1fn9p16yp_t2xwtw0000gn/T/xcode-bench-dd-yypjhhwm/Build/Products/Debug-iphonesimulator/FieldHT.app (in target 'FieldHT' from project 'FieldHT')
    cd /Users/benjaminfaershtein/Documents/FieldHT
    /usr/bin/touch -c /var/folders/pm/b8pk4ccj1fn9p16yp_t2xwtw0000gn/T/xcode-bench-dd-yypjhhwm/Build/Products/Debug-iphonesimulator/FieldHT.app

GenerateSwiftModulesReport
Accessibility (Clang): 2 variants
ActivityKit (Clang): 2 variants
AppIntents (Clang): 1 variant
CFNetwork (Clang): 3 variants
CoreBluetooth (Clang): 1 variant
CoreData (Clang): 2 variants
CoreFoundation (Clang): 3 variants
CoreGraphics (Clang): 2 variants
CoreImage (Clang): 2 variants
CoreLocation (Clang): 2 variants
CoreSpotlight (Clang): 1 variant
CoreText (Clang): 2 variants
CoreTransferable (Clang): 2 variants
CoreVideo (Clang): 2 variants
Darwin (Clang): 3 variants
DataDetection (Clang): 2 variants
DeveloperToolsSupport (Clang): 2 variants
Dispatch (Clang): 3 variants
ExtensionFoundation (Clang): 1 variant
FileProvider (Clang): 2 variants
Foundation (Clang): 3 variants
IOSurface (Clang): 2 variants
ImageIO (Clang): 2 variants
Intents (Clang): 1 variant
MachO (Clang): 2 variants
MapKit (Clang): 1 variant
Metal (Clang): 2 variants
Network (Clang): 2 variants
OSLog (Clang): 2 variants
ObjectiveC (Clang): 3 variants
OpenGLES (Clang): 2 variants
QuartzCore (Clang): 2 variants
RelevanceKit (Clang): 1 variant
Security (Clang): 3 variants
Spatial (Clang): 2 variants
SwiftShims (Clang): 3 variants
SwiftUI (Clang): 2 variants
SwiftUICore (Clang): 2 variants
Symbols (Clang): 2 variants
UIKit (Clang): 2 variants
UIUtilities (Clang): 2 variants
UniformTypeIdentifiers (Clang): 2 variants
UserNotifications (Clang): 2 variants
WidgetKit (Clang): 1 variant
XPC (Clang): 3 variants
_AvailabilityInternal (Clang): 3 variants
_Builtin_float (Clang): 3 variants
_Builtin_intrinsics (Clang): 2 variants
_Builtin_inttypes (Clang): 3 variants
_Builtin_limits (Clang): 3 variants
_Builtin_stdarg (Clang): 3 variants
_Builtin_stdatomic (Clang): 2 variants
_Builtin_stdbool (Clang): 3 variants
_Builtin_stddef (Clang): 3 variants
_Builtin_stdint (Clang): 3 variants
_Builtin_tgmath (Clang): 2 variants
_DarwinFoundation1 (Clang): 3 variants
_DarwinFoundation2 (Clang): 3 variants
_DarwinFoundation3 (Clang): 3 variants
_LocationEssentials (Clang): 2 variants
_SwiftConcurrencyShims (Clang): 3 variants
dnssd (Clang): 2 variants
os (Clang): 2 variants
os_object (Clang): 3 variants
os_workgroup (Clang): 3 variants
ptrauth (Clang): 3 variants
ptrcheck (Clang): 3 variants
simd (Clang): 2 variants
sys_types (Clang): 3 variants

Full report written to '/var/folders/pm/b8pk4ccj1fn9p16yp_t2xwtw0000gn/T/xcode-bench-dd-yypjhhwm/Build/Intermediates.noindex/XCBuildData/swiftmodulesreport'
Build Timing Summary

SwiftCompile (29 tasks) | 48.521 seconds

CopyPNGFile (160 tasks) | 4.835 seconds

CompileAssetCatalogVariant (2 tasks) | 3.736 seconds

SwiftEmitModule (3 tasks) | 1.731 seconds

SwiftDriver (3 tasks) | 1.399 seconds

Ld (7 tasks) | 0.643 seconds

ValidateEmbeddedBinary (1 task) | 0.512 seconds

ExtractAppIntentsMetadata (3 tasks) | 0.273 seconds

CodeSign (6 tasks) | 0.112 seconds

GenerateAssetSymbols (2 tasks) | 0.048 seconds

AppIntentsSSUTraining (2 tasks) | 0.038 seconds

Copy (14 tasks) | 0.029 seconds

RegisterExecutionPolicyException (3 tasks) | 0.019 seconds

ProcessInfoPlistFile (2 tasks) | 0.015 seconds

WriteAuxiliaryFile (41 tasks) | 0.012 seconds

CopySwiftLibs (1 task) | 0.010 seconds

ProcessProductPackagingDER (2 tasks) | 0.007 seconds

ConstructStubExecutorLinkFileList (2 tasks) | 0.005 seconds

Touch (2 tasks) | 0.003 seconds

LinkAssetCatalog (2 tasks) | 0.002 seconds

SwiftMergeGeneratedHeaders (3 tasks) | 0.002 seconds

SwiftDriver Compilation Requirements (3 tasks) | 0.001 seconds

SwiftDriver Compilation (3 tasks) | 0.001 seconds

CpResource (1 task) | 0.001 seconds

ProcessProductPackaging (2 tasks) | 0.001 seconds

Validate (1 task) | 0.000 seconds

** BUILD SUCCEEDED **

