Command line invocation:
    /Applications/Xcode.app/Contents/Developer/usr/bin/xcodebuild -project FieldHT.xcodeproj -scheme FieldHT -configuration Debug -destination "platform=iOS Simulator,name=iPhone 16e" build -showBuildTimingSummary

Resolve Package Graph


Resolved source packages:
  SatelliteKit: https://github.com/gavineadie/SatelliteKit.git @ 2.1.1

ComputePackagePrebuildTargetDependencyGraph

Prepare packages

CreateBuildRequest

SendProjectDescription

CreateBuildOperation

ComputeTargetDependencyGraph
note: Building targets in dependency order
note: Target dependency graph (4 targets)
    Target 'FieldHT' in project 'FieldHT'
        ➜ Explicit dependency on target 'WidgetExtension' in project 'FieldHT'
        ➜ Explicit dependency on target 'SatelliteKit' in project 'SatelliteKit'
    Target 'SatelliteKit' in project 'SatelliteKit'
        ➜ Explicit dependency on target 'SatelliteKit' in project 'SatelliteKit'
    Target 'SatelliteKit' in project 'SatelliteKit' (no dependencies)
    Target 'WidgetExtension' in project 'FieldHT' (no dependencies)

GatherProvisioningInputs

CreateBuildDescription

ExecuteExternalTool /Applications/Xcode.app/Contents/Developer/Toolchains/XcodeDefault.xctoolchain/usr/bin/clang -v -E -dM -isysroot /Applications/Xcode.app/Contents/Developer/Platforms/iPhoneSimulator.platform/Developer/SDKs/iPhoneSimulator26.0.sdk -x c -c /dev/null

ExecuteExternalTool /Applications/Xcode.app/Contents/Developer/usr/bin/actool --version --output-format xml1

ExecuteExternalTool /Applications/Xcode.app/Contents/Developer/Toolchains/XcodeDefault.xctoolchain/usr/bin/swiftc --version

ExecuteExternalTool /Applications/Xcode.app/Contents/Developer/usr/bin/actool --print-asset-tag-combinations --output-format xml1 /Users/benjaminfaershtein/Documents/FieldHT/FieldHT/Assets.xcassets

ExecuteExternalTool /Applications/Xcode.app/Contents/Developer/Toolchains/XcodeDefault.xctoolchain/usr/bin/ld -version_details

Build description signature: 5e6dfa22dde5dea084b614981b331284
Build description path: /Users/benjaminfaershtein/Library/Developer/Xcode/DerivedData/FieldHT-bkhkrfdficylzyexnvmumnbbolba/Build/Intermediates.noindex/XCBuildData/5e6dfa22dde5dea084b614981b331284.xcbuilddata
ClangStatCache /Applications/Xcode.app/Contents/Developer/Toolchains/XcodeDefault.xctoolchain/usr/bin/clang-stat-cache /Applications/Xcode.app/Contents/Developer/Platforms/iPhoneSimulator.platform/Developer/SDKs/iPhoneSimulator26.0.sdk /Users/benjaminfaershtein/Library/Developer/Xcode/DerivedData/SDKStatCaches.noindex/iphonesimulator26.0-23A339-26257891a6c027eb51374368541b8346.sdkstatcache
    cd /Users/benjaminfaershtein/Documents/FieldHT/FieldHT.xcodeproj
    /Applications/Xcode.app/Contents/Developer/Toolchains/XcodeDefault.xctoolchain/usr/bin/clang-stat-cache /Applications/Xcode.app/Contents/Developer/Platforms/iPhoneSimulator.platform/Developer/SDKs/iPhoneSimulator26.0.sdk -o /Users/benjaminfaershtein/Library/Developer/Xcode/DerivedData/SDKStatCaches.noindex/iphonesimulator26.0-23A339-26257891a6c027eb51374368541b8346.sdkstatcache

CreateBuildDirectory /Users/benjaminfaershtein/Library/Developer/Xcode/DerivedData/FieldHT-bkhkrfdficylzyexnvmumnbbolba/Build/Products
    cd /Users/benjaminfaershtein/Documents/FieldHT/FieldHT.xcodeproj
    builtin-create-build-directory /Users/benjaminfaershtein/Library/Developer/Xcode/DerivedData/FieldHT-bkhkrfdficylzyexnvmumnbbolba/Build/Products

CreateBuildDirectory /Users/benjaminfaershtein/Library/Developer/Xcode/DerivedData/FieldHT-bkhkrfdficylzyexnvmumnbbolba/Build/Intermediates.noindex
    cd /Users/benjaminfaershtein/Documents/FieldHT/FieldHT.xcodeproj
    builtin-create-build-directory /Users/benjaminfaershtein/Library/Developer/Xcode/DerivedData/FieldHT-bkhkrfdficylzyexnvmumnbbolba/Build/Intermediates.noindex

CreateBuildDirectory /Users/benjaminfaershtein/Library/Developer/Xcode/DerivedData/FieldHT-bkhkrfdficylzyexnvmumnbbolba/Build/Products/Debug-iphonesimulator
    cd /Users/benjaminfaershtein/Documents/FieldHT/FieldHT.xcodeproj
    builtin-create-build-directory /Users/benjaminfaershtein/Library/Developer/Xcode/DerivedData/FieldHT-bkhkrfdficylzyexnvmumnbbolba/Build/Products/Debug-iphonesimulator

CreateBuildDirectory /Users/benjaminfaershtein/Library/Developer/Xcode/DerivedData/FieldHT-bkhkrfdficylzyexnvmumnbbolba/Build/Intermediates.noindex/ExplicitPrecompiledModules
    cd /Users/benjaminfaershtein/Documents/FieldHT/FieldHT.xcodeproj
    builtin-create-build-directory /Users/benjaminfaershtein/Library/Developer/Xcode/DerivedData/FieldHT-bkhkrfdficylzyexnvmumnbbolba/Build/Intermediates.noindex/ExplicitPrecompiledModules

CreateBuildDirectory /Users/benjaminfaershtein/Library/Developer/Xcode/DerivedData/FieldHT-bkhkrfdficylzyexnvmumnbbolba/Build/Intermediates.noindex/SwiftExplicitPrecompiledModules
    cd /Users/benjaminfaershtein/Documents/FieldHT/FieldHT.xcodeproj
    builtin-create-build-directory /Users/benjaminfaershtein/Library/Developer/Xcode/DerivedData/FieldHT-bkhkrfdficylzyexnvmumnbbolba/Build/Intermediates.noindex/SwiftExplicitPrecompiledModules

CreateBuildDirectory /Users/benjaminfaershtein/Library/Developer/Xcode/DerivedData/FieldHT-bkhkrfdficylzyexnvmumnbbolba/Build/Intermediates.noindex/EagerLinkingTBDs/Debug-iphonesimulator
    cd /Users/benjaminfaershtein/Documents/FieldHT/FieldHT.xcodeproj
    builtin-create-build-directory /Users/benjaminfaershtein/Library/Developer/Xcode/DerivedData/FieldHT-bkhkrfdficylzyexnvmumnbbolba/Build/Intermediates.noindex/EagerLinkingTBDs/Debug-iphonesimulator

WriteAuxiliaryFile /Users/benjaminfaershtein/Library/Developer/Xcode/DerivedData/FieldHT-bkhkrfdficylzyexnvmumnbbolba/Build/Intermediates.noindex/FieldHT.build/Debug-iphonesimulator/FieldHT-8db3a85ec02ee428a21b172cdb8cc156-VFS-iphonesimulator/all-product-headers.yaml
    cd /Users/benjaminfaershtein/Documents/FieldHT/FieldHT.xcodeproj
    write-file /Users/benjaminfaershtein/Library/Developer/Xcode/DerivedData/FieldHT-bkhkrfdficylzyexnvmumnbbolba/Build/Intermediates.noindex/FieldHT.build/Debug-iphonesimulator/FieldHT-8db3a85ec02ee428a21b172cdb8cc156-VFS-iphonesimulator/all-product-headers.yaml

CreateBuildDirectory /Users/benjaminfaershtein/Library/Developer/Xcode/DerivedData/FieldHT-bkhkrfdficylzyexnvmumnbbolba/Build/Products/Debug-iphonesimulator/PackageFrameworks
    cd /Users/benjaminfaershtein/Documents/FieldHT/FieldHT.xcodeproj
    builtin-create-build-directory /Users/benjaminfaershtein/Library/Developer/Xcode/DerivedData/FieldHT-bkhkrfdficylzyexnvmumnbbolba/Build/Products/Debug-iphonesimulator/PackageFrameworks

WriteAuxiliaryFile /Users/benjaminfaershtein/Library/Developer/Xcode/DerivedData/FieldHT-bkhkrfdficylzyexnvmumnbbolba/Build/Intermediates.noindex/FieldHT.build/Debug-iphonesimulator/WidgetExtension.build/WidgetExtension.hmap (in target 'WidgetExtension' from project 'FieldHT')
    cd /Users/benjaminfaershtein/Documents/FieldHT
    write-file /Users/benjaminfaershtein/Library/Developer/Xcode/DerivedData/FieldHT-bkhkrfdficylzyexnvmumnbbolba/Build/Intermediates.noindex/FieldHT.build/Debug-iphonesimulator/WidgetExtension.build/WidgetExtension.hmap

WriteAuxiliaryFile /Users/benjaminfaershtein/Library/Developer/Xcode/DerivedData/FieldHT-bkhkrfdficylzyexnvmumnbbolba/Build/Intermediates.noindex/FieldHT.build/Debug-iphonesimulator/WidgetExtension.build/WidgetExtension-DebugEntryPoint-normal-arm64.txt (in target 'WidgetExtension' from project 'FieldHT')
    cd /Users/benjaminfaershtein/Documents/FieldHT
    write-file /Users/benjaminfaershtein/Library/Developer/Xcode/DerivedData/FieldHT-bkhkrfdficylzyexnvmumnbbolba/Build/Intermediates.noindex/FieldHT.build/Debug-iphonesimulator/WidgetExtension.build/WidgetExtension-DebugEntryPoint-normal-arm64.txt

WriteAuxiliaryFile /Users/benjaminfaershtein/Library/Developer/Xcode/DerivedData/FieldHT-bkhkrfdficylzyexnvmumnbbolba/Build/Intermediates.noindex/FieldHT.build/Debug-iphonesimulator/WidgetExtension.build/WidgetExtension.DependencyStaticMetadataFileList (in target 'WidgetExtension' from project 'FieldHT')
    cd /Users/benjaminfaershtein/Documents/FieldHT
    write-file /Users/benjaminfaershtein/Library/Developer/Xcode/DerivedData/FieldHT-bkhkrfdficylzyexnvmumnbbolba/Build/Intermediates.noindex/FieldHT.build/Debug-iphonesimulator/WidgetExtension.build/WidgetExtension.DependencyStaticMetadataFileList

WriteAuxiliaryFile /Users/benjaminfaershtein/Library/Developer/Xcode/DerivedData/FieldHT-bkhkrfdficylzyexnvmumnbbolba/Build/Intermediates.noindex/FieldHT.build/Debug-iphonesimulator/WidgetExtension.build/WidgetExtension-all-target-headers.hmap (in target 'WidgetExtension' from project 'FieldHT')
    cd /Users/benjaminfaershtein/Documents/FieldHT
    write-file /Users/benjaminfaershtein/Library/Developer/Xcode/DerivedData/FieldHT-bkhkrfdficylzyexnvmumnbbolba/Build/Intermediates.noindex/FieldHT.build/Debug-iphonesimulator/WidgetExtension.build/WidgetExtension-all-target-headers.hmap

WriteAuxiliaryFile /Users/benjaminfaershtein/Library/Developer/Xcode/DerivedData/FieldHT-bkhkrfdficylzyexnvmumnbbolba/Build/Intermediates.noindex/FieldHT.build/Debug-iphonesimulator/WidgetExtension.build/WidgetExtension-DebugDylibInstallName-normal-arm64.txt (in target 'WidgetExtension' from project 'FieldHT')
    cd /Users/benjaminfaershtein/Documents/FieldHT
    write-file /Users/benjaminfaershtein/Library/Developer/Xcode/DerivedData/FieldHT-bkhkrfdficylzyexnvmumnbbolba/Build/Intermediates.noindex/FieldHT.build/Debug-iphonesimulator/WidgetExtension.build/WidgetExtension-DebugDylibInstallName-normal-arm64.txt

WriteAuxiliaryFile /Users/benjaminfaershtein/Library/Developer/Xcode/DerivedData/FieldHT-bkhkrfdficylzyexnvmumnbbolba/Build/Intermediates.noindex/FieldHT.build/Debug-iphonesimulator/WidgetExtension.build/WidgetExtension.DependencyMetadataFileList (in target 'WidgetExtension' from project 'FieldHT')
    cd /Users/benjaminfaershtein/Documents/FieldHT
    write-file /Users/benjaminfaershtein/Library/Developer/Xcode/DerivedData/FieldHT-bkhkrfdficylzyexnvmumnbbolba/Build/Intermediates.noindex/FieldHT.build/Debug-iphonesimulator/WidgetExtension.build/WidgetExtension.DependencyMetadataFileList

WriteAuxiliaryFile /Users/benjaminfaershtein/Library/Developer/Xcode/DerivedData/FieldHT-bkhkrfdficylzyexnvmumnbbolba/Build/Intermediates.noindex/FieldHT.build/Debug-iphonesimulator/WidgetExtension.build/WidgetExtension-project-headers.hmap (in target 'WidgetExtension' from project 'FieldHT')
    cd /Users/benjaminfaershtein/Documents/FieldHT
    write-file /Users/benjaminfaershtein/Library/Developer/Xcode/DerivedData/FieldHT-bkhkrfdficylzyexnvmumnbbolba/Build/Intermediates.noindex/FieldHT.build/Debug-iphonesimulator/WidgetExtension.build/WidgetExtension-project-headers.hmap

WriteAuxiliaryFile /Users/benjaminfaershtein/Library/Developer/Xcode/DerivedData/FieldHT-bkhkrfdficylzyexnvmumnbbolba/Build/Intermediates.noindex/FieldHT.build/Debug-iphonesimulator/WidgetExtension.build/DerivedSources/Entitlements-Simulated.plist (in target 'WidgetExtension' from project 'FieldHT')
    cd /Users/benjaminfaershtein/Documents/FieldHT
    write-file /Users/benjaminfaershtein/Library/Developer/Xcode/DerivedData/FieldHT-bkhkrfdficylzyexnvmumnbbolba/Build/Intermediates.noindex/FieldHT.build/Debug-iphonesimulator/WidgetExtension.build/DerivedSources/Entitlements-Simulated.plist

WriteAuxiliaryFile /Users/benjaminfaershtein/Library/Developer/Xcode/DerivedData/FieldHT-bkhkrfdficylzyexnvmumnbbolba/Build/Intermediates.noindex/FieldHT.build/Debug-iphonesimulator/WidgetExtension.build/WidgetExtension-own-target-headers.hmap (in target 'WidgetExtension' from project 'FieldHT')
    cd /Users/benjaminfaershtein/Documents/FieldHT
    write-file /Users/benjaminfaershtein/Library/Developer/Xcode/DerivedData/FieldHT-bkhkrfdficylzyexnvmumnbbolba/Build/Intermediates.noindex/FieldHT.build/Debug-iphonesimulator/WidgetExtension.build/WidgetExtension-own-target-headers.hmap

WriteAuxiliaryFile /Users/benjaminfaershtein/Library/Developer/Xcode/DerivedData/FieldHT-bkhkrfdficylzyexnvmumnbbolba/Build/Intermediates.noindex/FieldHT.build/Debug-iphonesimulator/WidgetExtension.build/WidgetExtension-generated-files.hmap (in target 'WidgetExtension' from project 'FieldHT')
    cd /Users/benjaminfaershtein/Documents/FieldHT
    write-file /Users/benjaminfaershtein/Library/Developer/Xcode/DerivedData/FieldHT-bkhkrfdficylzyexnvmumnbbolba/Build/Intermediates.noindex/FieldHT.build/Debug-iphonesimulator/WidgetExtension.build/WidgetExtension-generated-files.hmap

WriteAuxiliaryFile /Users/benjaminfaershtein/Library/Developer/Xcode/DerivedData/FieldHT-bkhkrfdficylzyexnvmumnbbolba/Build/Intermediates.noindex/FieldHT.build/Debug-iphonesimulator/WidgetExtension.build/WidgetExtension-all-non-framework-target-headers.hmap (in target 'WidgetExtension' from project 'FieldHT')
    cd /Users/benjaminfaershtein/Documents/FieldHT
    write-file /Users/benjaminfaershtein/Library/Developer/Xcode/DerivedData/FieldHT-bkhkrfdficylzyexnvmumnbbolba/Build/Intermediates.noindex/FieldHT.build/Debug-iphonesimulator/WidgetExtension.build/WidgetExtension-all-non-framework-target-headers.hmap

WriteAuxiliaryFile /Users/benjaminfaershtein/Library/Developer/Xcode/DerivedData/FieldHT-bkhkrfdficylzyexnvmumnbbolba/Build/Intermediates.noindex/FieldHT.build/Debug-iphonesimulator/WidgetExtension.build/WidgetExtension-DebugDylibPath-normal-arm64.txt (in target 'WidgetExtension' from project 'FieldHT')
    cd /Users/benjaminfaershtein/Documents/FieldHT
    write-file /Users/benjaminfaershtein/Library/Developer/Xcode/DerivedData/FieldHT-bkhkrfdficylzyexnvmumnbbolba/Build/Intermediates.noindex/FieldHT.build/Debug-iphonesimulator/WidgetExtension.build/WidgetExtension-DebugDylibPath-normal-arm64.txt

WriteAuxiliaryFile /Users/benjaminfaershtein/Library/Developer/Xcode/DerivedData/FieldHT-bkhkrfdficylzyexnvmumnbbolba/Build/Intermediates.noindex/FieldHT.build/Debug-iphonesimulator/WidgetExtension.build/Objects-normal/arm64/WidgetExtension_const_extract_protocols.json (in target 'WidgetExtension' from project 'FieldHT')
    cd /Users/benjaminfaershtein/Documents/FieldHT
    write-file /Users/benjaminfaershtein/Library/Developer/Xcode/DerivedData/FieldHT-bkhkrfdficylzyexnvmumnbbolba/Build/Intermediates.noindex/FieldHT.build/Debug-iphonesimulator/WidgetExtension.build/Objects-normal/arm64/WidgetExtension_const_extract_protocols.json

WriteAuxiliaryFile /Users/benjaminfaershtein/Library/Developer/Xcode/DerivedData/FieldHT-bkhkrfdficylzyexnvmumnbbolba/Build/Intermediates.noindex/FieldHT.build/Debug-iphonesimulator/WidgetExtension.build/Objects-normal/arm64/WidgetExtension.SwiftFileList (in target 'WidgetExtension' from project 'FieldHT')
    cd /Users/benjaminfaershtein/Documents/FieldHT
    write-file /Users/benjaminfaershtein/Library/Developer/Xcode/DerivedData/FieldHT-bkhkrfdficylzyexnvmumnbbolba/Build/Intermediates.noindex/FieldHT.build/Debug-iphonesimulator/WidgetExtension.build/Objects-normal/arm64/WidgetExtension.SwiftFileList

WriteAuxiliaryFile /Users/benjaminfaershtein/Library/Developer/Xcode/DerivedData/FieldHT-bkhkrfdficylzyexnvmumnbbolba/Build/Intermediates.noindex/FieldHT.build/Debug-iphonesimulator/WidgetExtension.build/Objects-normal/arm64/WidgetExtension.SwiftConstValuesFileList (in target 'WidgetExtension' from project 'FieldHT')
    cd /Users/benjaminfaershtein/Documents/FieldHT
    write-file /Users/benjaminfaershtein/Library/Developer/Xcode/DerivedData/FieldHT-bkhkrfdficylzyexnvmumnbbolba/Build/Intermediates.noindex/FieldHT.build/Debug-iphonesimulator/WidgetExtension.build/Objects-normal/arm64/WidgetExtension.SwiftConstValuesFileList

WriteAuxiliaryFile /Users/benjaminfaershtein/Library/Developer/Xcode/DerivedData/FieldHT-bkhkrfdficylzyexnvmumnbbolba/Build/Intermediates.noindex/FieldHT.build/Debug-iphonesimulator/WidgetExtension.build/Objects-normal/arm64/WidgetExtension.LinkFileList (in target 'WidgetExtension' from project 'FieldHT')
    cd /Users/benjaminfaershtein/Documents/FieldHT
    write-file /Users/benjaminfaershtein/Library/Developer/Xcode/DerivedData/FieldHT-bkhkrfdficylzyexnvmumnbbolba/Build/Intermediates.noindex/FieldHT.build/Debug-iphonesimulator/WidgetExtension.build/Objects-normal/arm64/WidgetExtension.LinkFileList

WriteAuxiliaryFile /Users/benjaminfaershtein/Library/Developer/Xcode/DerivedData/FieldHT-bkhkrfdficylzyexnvmumnbbolba/Build/Intermediates.noindex/FieldHT.build/Debug-iphonesimulator/WidgetExtension.build/Objects-normal/arm64/WidgetExtension-OutputFileMap.json (in target 'WidgetExtension' from project 'FieldHT')
    cd /Users/benjaminfaershtein/Documents/FieldHT
    write-file /Users/benjaminfaershtein/Library/Developer/Xcode/DerivedData/FieldHT-bkhkrfdficylzyexnvmumnbbolba/Build/Intermediates.noindex/FieldHT.build/Debug-iphonesimulator/WidgetExtension.build/Objects-normal/arm64/WidgetExtension-OutputFileMap.json

WriteAuxiliaryFile /Users/benjaminfaershtein/Library/Developer/Xcode/DerivedData/FieldHT-bkhkrfdficylzyexnvmumnbbolba/Build/Intermediates.noindex/SatelliteKit.build/Debug-iphonesimulator/SatelliteKit.build/SatelliteKit.DependencyStaticMetadataFileList (in target 'SatelliteKit' from project 'SatelliteKit')
    cd /Users/benjaminfaershtein/Library/Developer/Xcode/DerivedData/FieldHT-bkhkrfdficylzyexnvmumnbbolba/SourcePackages/checkouts/SatelliteKit
    write-file /Users/benjaminfaershtein/Library/Developer/Xcode/DerivedData/FieldHT-bkhkrfdficylzyexnvmumnbbolba/Build/Intermediates.noindex/SatelliteKit.build/Debug-iphonesimulator/SatelliteKit.build/SatelliteKit.DependencyStaticMetadataFileList

WriteAuxiliaryFile /Users/benjaminfaershtein/Library/Developer/Xcode/DerivedData/FieldHT-bkhkrfdficylzyexnvmumnbbolba/Build/Intermediates.noindex/SatelliteKit.build/Debug-iphonesimulator/SatelliteKit.build/SatelliteKit.modulemap (in target 'SatelliteKit' from project 'SatelliteKit')
    cd /Users/benjaminfaershtein/Library/Developer/Xcode/DerivedData/FieldHT-bkhkrfdficylzyexnvmumnbbolba/SourcePackages/checkouts/SatelliteKit
    write-file /Users/benjaminfaershtein/Library/Developer/Xcode/DerivedData/FieldHT-bkhkrfdficylzyexnvmumnbbolba/Build/Intermediates.noindex/SatelliteKit.build/Debug-iphonesimulator/SatelliteKit.build/SatelliteKit.modulemap

WriteAuxiliaryFile /Users/benjaminfaershtein/Library/Developer/Xcode/DerivedData/FieldHT-bkhkrfdficylzyexnvmumnbbolba/Build/Intermediates.noindex/SatelliteKit.build/Debug-iphonesimulator/SatelliteKit.build/SatelliteKit.DependencyMetadataFileList (in target 'SatelliteKit' from project 'SatelliteKit')
    cd /Users/benjaminfaershtein/Library/Developer/Xcode/DerivedData/FieldHT-bkhkrfdficylzyexnvmumnbbolba/SourcePackages/checkouts/SatelliteKit
    write-file /Users/benjaminfaershtein/Library/Developer/Xcode/DerivedData/FieldHT-bkhkrfdficylzyexnvmumnbbolba/Build/Intermediates.noindex/SatelliteKit.build/Debug-iphonesimulator/SatelliteKit.build/SatelliteKit.DependencyMetadataFileList

WriteAuxiliaryFile /Users/benjaminfaershtein/Library/Developer/Xcode/DerivedData/FieldHT-bkhkrfdficylzyexnvmumnbbolba/Build/Intermediates.noindex/SatelliteKit.build/Debug-iphonesimulator/SatelliteKit.build/Objects-normal/arm64/SatelliteKit.SwiftFileList (in target 'SatelliteKit' from project 'SatelliteKit')
    cd /Users/benjaminfaershtein/Library/Developer/Xcode/DerivedData/FieldHT-bkhkrfdficylzyexnvmumnbbolba/SourcePackages/checkouts/SatelliteKit
    write-file /Users/benjaminfaershtein/Library/Developer/Xcode/DerivedData/FieldHT-bkhkrfdficylzyexnvmumnbbolba/Build/Intermediates.noindex/SatelliteKit.build/Debug-iphonesimulator/SatelliteKit.build/Objects-normal/arm64/SatelliteKit.SwiftFileList

WriteAuxiliaryFile /Users/benjaminfaershtein/Library/Developer/Xcode/DerivedData/FieldHT-bkhkrfdficylzyexnvmumnbbolba/Build/Intermediates.noindex/SatelliteKit.build/Debug-iphonesimulator/SatelliteKit.build/Objects-normal/arm64/SatelliteKit_const_extract_protocols.json (in target 'SatelliteKit' from project 'SatelliteKit')
    cd /Users/benjaminfaershtein/Library/Developer/Xcode/DerivedData/FieldHT-bkhkrfdficylzyexnvmumnbbolba/SourcePackages/checkouts/SatelliteKit
    write-file /Users/benjaminfaershtein/Library/Developer/Xcode/DerivedData/FieldHT-bkhkrfdficylzyexnvmumnbbolba/Build/Intermediates.noindex/SatelliteKit.build/Debug-iphonesimulator/SatelliteKit.build/Objects-normal/arm64/SatelliteKit_const_extract_protocols.json

WriteAuxiliaryFile /Users/benjaminfaershtein/Library/Developer/Xcode/DerivedData/FieldHT-bkhkrfdficylzyexnvmumnbbolba/Build/Intermediates.noindex/SatelliteKit.build/Debug-iphonesimulator/SatelliteKit.build/Objects-normal/arm64/SatelliteKit.SwiftConstValuesFileList (in target 'SatelliteKit' from project 'SatelliteKit')
    cd /Users/benjaminfaershtein/Library/Developer/Xcode/DerivedData/FieldHT-bkhkrfdficylzyexnvmumnbbolba/SourcePackages/checkouts/SatelliteKit
    write-file /Users/benjaminfaershtein/Library/Developer/Xcode/DerivedData/FieldHT-bkhkrfdficylzyexnvmumnbbolba/Build/Intermediates.noindex/SatelliteKit.build/Debug-iphonesimulator/SatelliteKit.build/Objects-normal/arm64/SatelliteKit.SwiftConstValuesFileList

WriteAuxiliaryFile /Users/benjaminfaershtein/Library/Developer/Xcode/DerivedData/FieldHT-bkhkrfdficylzyexnvmumnbbolba/Build/Intermediates.noindex/SatelliteKit.build/Debug-iphonesimulator/SatelliteKit.build/Objects-normal/arm64/SatelliteKit.LinkFileList (in target 'SatelliteKit' from project 'SatelliteKit')
    cd /Users/benjaminfaershtein/Library/Developer/Xcode/DerivedData/FieldHT-bkhkrfdficylzyexnvmumnbbolba/SourcePackages/checkouts/SatelliteKit
    write-file /Users/benjaminfaershtein/Library/Developer/Xcode/DerivedData/FieldHT-bkhkrfdficylzyexnvmumnbbolba/Build/Intermediates.noindex/SatelliteKit.build/Debug-iphonesimulator/SatelliteKit.build/Objects-normal/arm64/SatelliteKit.LinkFileList

WriteAuxiliaryFile /Users/benjaminfaershtein/Library/Developer/Xcode/DerivedData/FieldHT-bkhkrfdficylzyexnvmumnbbolba/Build/Intermediates.noindex/SatelliteKit.build/Debug-iphonesimulator/SatelliteKit.build/Objects-normal/arm64/SatelliteKit-OutputFileMap.json (in target 'SatelliteKit' from project 'SatelliteKit')
    cd /Users/benjaminfaershtein/Library/Developer/Xcode/DerivedData/FieldHT-bkhkrfdficylzyexnvmumnbbolba/SourcePackages/checkouts/SatelliteKit
    write-file /Users/benjaminfaershtein/Library/Developer/Xcode/DerivedData/FieldHT-bkhkrfdficylzyexnvmumnbbolba/Build/Intermediates.noindex/SatelliteKit.build/Debug-iphonesimulator/SatelliteKit.build/Objects-normal/arm64/SatelliteKit-OutputFileMap.json

WriteAuxiliaryFile /Users/benjaminfaershtein/Library/Developer/Xcode/DerivedData/FieldHT-bkhkrfdficylzyexnvmumnbbolba/Build/Intermediates.noindex/FieldHT.build/Debug-iphonesimulator/FieldHT.build/Objects-normal/arm64/FieldHT_const_extract_protocols.json (in target 'FieldHT' from project 'FieldHT')
    cd /Users/benjaminfaershtein/Documents/FieldHT
    write-file /Users/benjaminfaershtein/Library/Developer/Xcode/DerivedData/FieldHT-bkhkrfdficylzyexnvmumnbbolba/Build/Intermediates.noindex/FieldHT.build/Debug-iphonesimulator/FieldHT.build/Objects-normal/arm64/FieldHT_const_extract_protocols.json

WriteAuxiliaryFile /Users/benjaminfaershtein/Library/Developer/Xcode/DerivedData/FieldHT-bkhkrfdficylzyexnvmumnbbolba/Build/Intermediates.noindex/FieldHT.build/Debug-iphonesimulator/FieldHT.build/Objects-normal/arm64/FieldHT.SwiftFileList (in target 'FieldHT' from project 'FieldHT')
    cd /Users/benjaminfaershtein/Documents/FieldHT
    write-file /Users/benjaminfaershtein/Library/Developer/Xcode/DerivedData/FieldHT-bkhkrfdficylzyexnvmumnbbolba/Build/Intermediates.noindex/FieldHT.build/Debug-iphonesimulator/FieldHT.build/Objects-normal/arm64/FieldHT.SwiftFileList

WriteAuxiliaryFile /Users/benjaminfaershtein/Library/Developer/Xcode/DerivedData/FieldHT-bkhkrfdficylzyexnvmumnbbolba/Build/Intermediates.noindex/FieldHT.build/Debug-iphonesimulator/FieldHT.build/Objects-normal/arm64/FieldHT.SwiftConstValuesFileList (in target 'FieldHT' from project 'FieldHT')
    cd /Users/benjaminfaershtein/Documents/FieldHT
    write-file /Users/benjaminfaershtein/Library/Developer/Xcode/DerivedData/FieldHT-bkhkrfdficylzyexnvmumnbbolba/Build/Intermediates.noindex/FieldHT.build/Debug-iphonesimulator/FieldHT.build/Objects-normal/arm64/FieldHT.SwiftConstValuesFileList

Copy /Users/benjaminfaershtein/Library/Developer/Xcode/DerivedData/FieldHT-bkhkrfdficylzyexnvmumnbbolba/Build/Intermediates.noindex/GeneratedModuleMaps-iphonesimulator/SatelliteKit.modulemap /Users/benjaminfaershtein/Library/Developer/Xcode/DerivedData/FieldHT-bkhkrfdficylzyexnvmumnbbolba/Build/Intermediates.noindex/SatelliteKit.build/Debug-iphonesimulator/SatelliteKit.build/SatelliteKit.modulemap (in target 'SatelliteKit' from project 'SatelliteKit')
    cd /Users/benjaminfaershtein/Library/Developer/Xcode/DerivedData/FieldHT-bkhkrfdficylzyexnvmumnbbolba/SourcePackages/checkouts/SatelliteKit
    builtin-copy -exclude .DS_Store -exclude CVS -exclude .svn -exclude .git -exclude .hg -resolve-src-symlinks /Users/benjaminfaershtein/Library/Developer/Xcode/DerivedData/FieldHT-bkhkrfdficylzyexnvmumnbbolba/Build/Intermediates.noindex/SatelliteKit.build/Debug-iphonesimulator/SatelliteKit.build/SatelliteKit.modulemap /Users/benjaminfaershtein/Library/Developer/Xcode/DerivedData/FieldHT-bkhkrfdficylzyexnvmumnbbolba/Build/Intermediates.noindex/GeneratedModuleMaps-iphonesimulator

WriteAuxiliaryFile /Users/benjaminfaershtein/Library/Developer/Xcode/DerivedData/FieldHT-bkhkrfdficylzyexnvmumnbbolba/Build/Intermediates.noindex/FieldHT.build/Debug-iphonesimulator/FieldHT.build/Objects-normal/arm64/FieldHT.LinkFileList (in target 'FieldHT' from project 'FieldHT')
    cd /Users/benjaminfaershtein/Documents/FieldHT
    write-file /Users/benjaminfaershtein/Library/Developer/Xcode/DerivedData/FieldHT-bkhkrfdficylzyexnvmumnbbolba/Build/Intermediates.noindex/FieldHT.build/Debug-iphonesimulator/FieldHT.build/Objects-normal/arm64/FieldHT.LinkFileList

WriteAuxiliaryFile /Users/benjaminfaershtein/Library/Developer/Xcode/DerivedData/FieldHT-bkhkrfdficylzyexnvmumnbbolba/Build/Intermediates.noindex/FieldHT.build/Debug-iphonesimulator/FieldHT.build/Objects-normal/arm64/FieldHT-OutputFileMap.json (in target 'FieldHT' from project 'FieldHT')
    cd /Users/benjaminfaershtein/Documents/FieldHT
    write-file /Users/benjaminfaershtein/Library/Developer/Xcode/DerivedData/FieldHT-bkhkrfdficylzyexnvmumnbbolba/Build/Intermediates.noindex/FieldHT.build/Debug-iphonesimulator/FieldHT.build/Objects-normal/arm64/FieldHT-OutputFileMap.json

WriteAuxiliaryFile /Users/benjaminfaershtein/Library/Developer/Xcode/DerivedData/FieldHT-bkhkrfdficylzyexnvmumnbbolba/Build/Intermediates.noindex/FieldHT.build/Debug-iphonesimulator/FieldHT.build/FieldHT.hmap (in target 'FieldHT' from project 'FieldHT')
    cd /Users/benjaminfaershtein/Documents/FieldHT
    write-file /Users/benjaminfaershtein/Library/Developer/Xcode/DerivedData/FieldHT-bkhkrfdficylzyexnvmumnbbolba/Build/Intermediates.noindex/FieldHT.build/Debug-iphonesimulator/FieldHT.build/FieldHT.hmap

WriteAuxiliaryFile /Users/benjaminfaershtein/Library/Developer/Xcode/DerivedData/FieldHT-bkhkrfdficylzyexnvmumnbbolba/Build/Intermediates.noindex/FieldHT.build/Debug-iphonesimulator/FieldHT.build/FieldHT.DependencyStaticMetadataFileList (in target 'FieldHT' from project 'FieldHT')
    cd /Users/benjaminfaershtein/Documents/FieldHT
    write-file /Users/benjaminfaershtein/Library/Developer/Xcode/DerivedData/FieldHT-bkhkrfdficylzyexnvmumnbbolba/Build/Intermediates.noindex/FieldHT.build/Debug-iphonesimulator/FieldHT.build/FieldHT.DependencyStaticMetadataFileList

WriteAuxiliaryFile /Users/benjaminfaershtein/Library/Developer/Xcode/DerivedData/FieldHT-bkhkrfdficylzyexnvmumnbbolba/Build/Intermediates.noindex/FieldHT.build/Debug-iphonesimulator/FieldHT.build/FieldHT.DependencyMetadataFileList (in target 'FieldHT' from project 'FieldHT')
    cd /Users/benjaminfaershtein/Documents/FieldHT
    write-file /Users/benjaminfaershtein/Library/Developer/Xcode/DerivedData/FieldHT-bkhkrfdficylzyexnvmumnbbolba/Build/Intermediates.noindex/FieldHT.build/Debug-iphonesimulator/FieldHT.build/FieldHT.DependencyMetadataFileList

WriteAuxiliaryFile /Users/benjaminfaershtein/Library/Developer/Xcode/DerivedData/FieldHT-bkhkrfdficylzyexnvmumnbbolba/Build/Intermediates.noindex/FieldHT.build/Debug-iphonesimulator/FieldHT.build/FieldHT-project-headers.hmap (in target 'FieldHT' from project 'FieldHT')
    cd /Users/benjaminfaershtein/Documents/FieldHT
    write-file /Users/benjaminfaershtein/Library/Developer/Xcode/DerivedData/FieldHT-bkhkrfdficylzyexnvmumnbbolba/Build/Intermediates.noindex/FieldHT.build/Debug-iphonesimulator/FieldHT.build/FieldHT-project-headers.hmap

WriteAuxiliaryFile /Users/benjaminfaershtein/Library/Developer/Xcode/DerivedData/FieldHT-bkhkrfdficylzyexnvmumnbbolba/Build/Intermediates.noindex/FieldHT.build/Debug-iphonesimulator/FieldHT.build/FieldHT-own-target-headers.hmap (in target 'FieldHT' from project 'FieldHT')
    cd /Users/benjaminfaershtein/Documents/FieldHT
    write-file /Users/benjaminfaershtein/Library/Developer/Xcode/DerivedData/FieldHT-bkhkrfdficylzyexnvmumnbbolba/Build/Intermediates.noindex/FieldHT.build/Debug-iphonesimulator/FieldHT.build/FieldHT-own-target-headers.hmap

WriteAuxiliaryFile /Users/benjaminfaershtein/Library/Developer/Xcode/DerivedData/FieldHT-bkhkrfdficylzyexnvmumnbbolba/Build/Intermediates.noindex/FieldHT.build/Debug-iphonesimulator/FieldHT.build/FieldHT-generated-files.hmap (in target 'FieldHT' from project 'FieldHT')
    cd /Users/benjaminfaershtein/Documents/FieldHT
    write-file /Users/benjaminfaershtein/Library/Developer/Xcode/DerivedData/FieldHT-bkhkrfdficylzyexnvmumnbbolba/Build/Intermediates.noindex/FieldHT.build/Debug-iphonesimulator/FieldHT.build/FieldHT-generated-files.hmap

WriteAuxiliaryFile /Users/benjaminfaershtein/Library/Developer/Xcode/DerivedData/FieldHT-bkhkrfdficylzyexnvmumnbbolba/Build/Intermediates.noindex/FieldHT.build/Debug-iphonesimulator/FieldHT.build/FieldHT-all-target-headers.hmap (in target 'FieldHT' from project 'FieldHT')
    cd /Users/benjaminfaershtein/Documents/FieldHT
    write-file /Users/benjaminfaershtein/Library/Developer/Xcode/DerivedData/FieldHT-bkhkrfdficylzyexnvmumnbbolba/Build/Intermediates.noindex/FieldHT.build/Debug-iphonesimulator/FieldHT.build/FieldHT-all-target-headers.hmap

WriteAuxiliaryFile /Users/benjaminfaershtein/Library/Developer/Xcode/DerivedData/FieldHT-bkhkrfdficylzyexnvmumnbbolba/Build/Intermediates.noindex/FieldHT.build/Debug-iphonesimulator/FieldHT.build/FieldHT-all-non-framework-target-headers.hmap (in target 'FieldHT' from project 'FieldHT')
    cd /Users/benjaminfaershtein/Documents/FieldHT
    write-file /Users/benjaminfaershtein/Library/Developer/Xcode/DerivedData/FieldHT-bkhkrfdficylzyexnvmumnbbolba/Build/Intermediates.noindex/FieldHT.build/Debug-iphonesimulator/FieldHT.build/FieldHT-all-non-framework-target-headers.hmap

WriteAuxiliaryFile /Users/benjaminfaershtein/Library/Developer/Xcode/DerivedData/FieldHT-bkhkrfdficylzyexnvmumnbbolba/Build/Intermediates.noindex/FieldHT.build/Debug-iphonesimulator/FieldHT.build/FieldHT-DebugDylibPath-normal-arm64.txt (in target 'FieldHT' from project 'FieldHT')
    cd /Users/benjaminfaershtein/Documents/FieldHT
    write-file /Users/benjaminfaershtein/Library/Developer/Xcode/DerivedData/FieldHT-bkhkrfdficylzyexnvmumnbbolba/Build/Intermediates.noindex/FieldHT.build/Debug-iphonesimulator/FieldHT.build/FieldHT-DebugDylibPath-normal-arm64.txt

WriteAuxiliaryFile /Users/benjaminfaershtein/Library/Developer/Xcode/DerivedData/FieldHT-bkhkrfdficylzyexnvmumnbbolba/Build/Intermediates.noindex/FieldHT.build/Debug-iphonesimulator/FieldHT.build/FieldHT-DebugDylibInstallName-normal-arm64.txt (in target 'FieldHT' from project 'FieldHT')
    cd /Users/benjaminfaershtein/Documents/FieldHT
    write-file /Users/benjaminfaershtein/Library/Developer/Xcode/DerivedData/FieldHT-bkhkrfdficylzyexnvmumnbbolba/Build/Intermediates.noindex/FieldHT.build/Debug-iphonesimulator/FieldHT.build/FieldHT-DebugDylibInstallName-normal-arm64.txt

MkDir /Users/benjaminfaershtein/Library/Developer/Xcode/DerivedData/FieldHT-bkhkrfdficylzyexnvmumnbbolba/Build/Products/Debug-iphonesimulator/WidgetExtension.appex (in target 'WidgetExtension' from project 'FieldHT')
    cd /Users/benjaminfaershtein/Documents/FieldHT
    /bin/mkdir -p /Users/benjaminfaershtein/Library/Developer/Xcode/DerivedData/FieldHT-bkhkrfdficylzyexnvmumnbbolba/Build/Products/Debug-iphonesimulator/WidgetExtension.appex

WriteAuxiliaryFile /Users/benjaminfaershtein/Library/Developer/Xcode/DerivedData/FieldHT-bkhkrfdficylzyexnvmumnbbolba/Build/Intermediates.noindex/FieldHT.build/Debug-iphonesimulator/FieldHT.build/DerivedSources/Entitlements-Simulated.plist (in target 'FieldHT' from project 'FieldHT')
    cd /Users/benjaminfaershtein/Documents/FieldHT
    write-file /Users/benjaminfaershtein/Library/Developer/Xcode/DerivedData/FieldHT-bkhkrfdficylzyexnvmumnbbolba/Build/Intermediates.noindex/FieldHT.build/Debug-iphonesimulator/FieldHT.build/DerivedSources/Entitlements-Simulated.plist

MkDir /Users/benjaminfaershtein/Library/Developer/Xcode/DerivedData/FieldHT-bkhkrfdficylzyexnvmumnbbolba/Build/Products/Debug-iphonesimulator/FieldHT.app/PlugIns (in target 'FieldHT' from project 'FieldHT')
    cd /Users/benjaminfaershtein/Documents/FieldHT
    /bin/mkdir -p /Users/benjaminfaershtein/Library/Developer/Xcode/DerivedData/FieldHT-bkhkrfdficylzyexnvmumnbbolba/Build/Products/Debug-iphonesimulator/FieldHT.app/PlugIns

MkDir /Users/benjaminfaershtein/Library/Developer/Xcode/DerivedData/FieldHT-bkhkrfdficylzyexnvmumnbbolba/Build/Products/Debug-iphonesimulator/FieldHT.app (in target 'FieldHT' from project 'FieldHT')
    cd /Users/benjaminfaershtein/Documents/FieldHT
    /bin/mkdir -p /Users/benjaminfaershtein/Library/Developer/Xcode/DerivedData/FieldHT-bkhkrfdficylzyexnvmumnbbolba/Build/Products/Debug-iphonesimulator/FieldHT.app

ProcessProductPackaging "" /Users/benjaminfaershtein/Library/Developer/Xcode/DerivedData/FieldHT-bkhkrfdficylzyexnvmumnbbolba/Build/Intermediates.noindex/FieldHT.build/Debug-iphonesimulator/WidgetExtension.build/WidgetExtension.appex-Simulated.xcent (in target 'WidgetExtension' from project 'FieldHT')
    cd /Users/benjaminfaershtein/Documents/FieldHT
    
    Entitlements:
    
    {
    "application-identifier" = "FRFXFRT624.BenFaer.FieldHT.Widget";
}
    
    builtin-productPackagingUtility -entitlements -format xml -o /Users/benjaminfaershtein/Library/Developer/Xcode/DerivedData/FieldHT-bkhkrfdficylzyexnvmumnbbolba/Build/Intermediates.noindex/FieldHT.build/Debug-iphonesimulator/WidgetExtension.build/WidgetExtension.appex-Simulated.xcent

ProcessProductPackagingDER /Users/benjaminfaershtein/Library/Developer/Xcode/DerivedData/FieldHT-bkhkrfdficylzyexnvmumnbbolba/Build/Intermediates.noindex/FieldHT.build/Debug-iphonesimulator/WidgetExtension.build/WidgetExtension.appex-Simulated.xcent /Users/benjaminfaershtein/Library/Developer/Xcode/DerivedData/FieldHT-bkhkrfdficylzyexnvmumnbbolba/Build/Intermediates.noindex/FieldHT.build/Debug-iphonesimulator/WidgetExtension.build/WidgetExtension.appex-Simulated.xcent.der (in target 'WidgetExtension' from project 'FieldHT')
    cd /Users/benjaminfaershtein/Documents/FieldHT
    /usr/bin/derq query -f xml -i /Users/benjaminfaershtein/Library/Developer/Xcode/DerivedData/FieldHT-bkhkrfdficylzyexnvmumnbbolba/Build/Intermediates.noindex/FieldHT.build/Debug-iphonesimulator/WidgetExtension.build/WidgetExtension.appex-Simulated.xcent -o /Users/benjaminfaershtein/Library/Developer/Xcode/DerivedData/FieldHT-bkhkrfdficylzyexnvmumnbbolba/Build/Intermediates.noindex/FieldHT.build/Debug-iphonesimulator/WidgetExtension.build/WidgetExtension.appex-Simulated.xcent.der --raw

Ld /Users/benjaminfaershtein/Library/Developer/Xcode/DerivedData/FieldHT-bkhkrfdficylzyexnvmumnbbolba/Build/Products/Debug-iphonesimulator/WidgetExtension.appex/__preview.dylib normal (in target 'WidgetExtension' from project 'FieldHT')
    cd /Users/benjaminfaershtein/Documents/FieldHT
    /Applications/Xcode.app/Contents/Developer/Toolchains/XcodeDefault.xctoolchain/usr/bin/clang -Xlinker -reproducible -target arm64-apple-ios26.0-simulator -dynamiclib -isysroot /Applications/Xcode.app/Contents/Developer/Platforms/iPhoneSimulator.platform/Developer/SDKs/iPhoneSimulator26.0.sdk -O0 -L/Users/benjaminfaershtein/Library/Developer/Xcode/DerivedData/FieldHT-bkhkrfdficylzyexnvmumnbbolba/Build/Products/Debug-iphonesimulator -F/Users/benjaminfaershtein/Library/Developer/Xcode/DerivedData/FieldHT-bkhkrfdficylzyexnvmumnbbolba/Build/Products/Debug-iphonesimulator -install_name @rpath/WidgetExtension.debug.dylib -dead_strip -rdynamic -Xlinker -no_deduplicate -Xlinker -objc_abi_version -Xlinker 2 -Xlinker -dependency_info -Xlinker /Users/benjaminfaershtein/Library/Developer/Xcode/DerivedData/FieldHT-bkhkrfdficylzyexnvmumnbbolba/Build/Intermediates.noindex/FieldHT.build/Debug-iphonesimulator/WidgetExtension.build/Objects-normal/arm64/WidgetExtension_dependency_info.dat -Xlinker -sectcreate -Xlinker __TEXT -Xlinker __entitlements -Xlinker /Users/benjaminfaershtein/Library/Developer/Xcode/DerivedData/FieldHT-bkhkrfdficylzyexnvmumnbbolba/Build/Intermediates.noindex/FieldHT.build/Debug-iphonesimulator/WidgetExtension.build/WidgetExtension.appex-Simulated.xcent -Xlinker -sectcreate -Xlinker __TEXT -Xlinker __ents_der -Xlinker /Users/benjaminfaershtein/Library/Developer/Xcode/DerivedData/FieldHT-bkhkrfdficylzyexnvmumnbbolba/Build/Intermediates.noindex/FieldHT.build/Debug-iphonesimulator/WidgetExtension.build/WidgetExtension.appex-Simulated.xcent.der -Xlinker -no_adhoc_codesign -o /Users/benjaminfaershtein/Library/Developer/Xcode/DerivedData/FieldHT-bkhkrfdficylzyexnvmumnbbolba/Build/Products/Debug-iphonesimulator/WidgetExtension.appex/__preview.dylib

GenerateAssetSymbols /Users/benjaminfaershtein/Documents/FieldHT/Widget/Assets.xcassets (in target 'WidgetExtension' from project 'FieldHT')
    cd /Users/benjaminfaershtein/Documents/FieldHT
    /Applications/Xcode.app/Contents/Developer/usr/bin/actool /Users/benjaminfaershtein/Documents/FieldHT/Widget/Assets.xcassets --compile /Users/benjaminfaershtein/Library/Developer/Xcode/DerivedData/FieldHT-bkhkrfdficylzyexnvmumnbbolba/Build/Products/Debug-iphonesimulator/WidgetExtension.appex --output-format human-readable-text --notices --warnings --export-dependency-info /Users/benjaminfaershtein/Library/Developer/Xcode/DerivedData/FieldHT-bkhkrfdficylzyexnvmumnbbolba/Build/Intermediates.noindex/FieldHT.build/Debug-iphonesimulator/WidgetExtension.build/assetcatalog_dependencies --output-partial-info-plist /Users/benjaminfaershtein/Library/Developer/Xcode/DerivedData/FieldHT-bkhkrfdficylzyexnvmumnbbolba/Build/Intermediates.noindex/FieldHT.build/Debug-iphonesimulator/WidgetExtension.build/assetcatalog_generated_info.plist --accent-color AccentColor --widget-background-color WidgetBackground --compress-pngs --enable-on-demand-resources NO --standalone-icon-behavior all --development-region en --target-device iphone --target-device ipad --minimum-deployment-target 26.0 --platform iphonesimulator --bundle-identifier BenFaer.FieldHT.Widget --generate-swift-asset-symbols /Users/benjaminfaershtein/Library/Developer/Xcode/DerivedData/FieldHT-bkhkrfdficylzyexnvmumnbbolba/Build/Intermediates.noindex/FieldHT.build/Debug-iphonesimulator/WidgetExtension.build/DerivedSources/GeneratedAssetSymbols.swift --generate-objc-asset-symbols /Users/benjaminfaershtein/Library/Developer/Xcode/DerivedData/FieldHT-bkhkrfdficylzyexnvmumnbbolba/Build/Intermediates.noindex/FieldHT.build/Debug-iphonesimulator/WidgetExtension.build/DerivedSources/GeneratedAssetSymbols.h --generate-asset-symbol-index /Users/benjaminfaershtein/Library/Developer/Xcode/DerivedData/FieldHT-bkhkrfdficylzyexnvmumnbbolba/Build/Intermediates.noindex/FieldHT.build/Debug-iphonesimulator/WidgetExtension.build/DerivedSources/GeneratedAssetSymbols-Index.plist
/* com.apple.actool.compilation-results */
/Users/benjaminfaershtein/Library/Developer/Xcode/DerivedData/FieldHT-bkhkrfdficylzyexnvmumnbbolba/Build/Intermediates.noindex/FieldHT.build/Debug-iphonesimulator/WidgetExtension.build/DerivedSources/GeneratedAssetSymbols-Index.plist
/Users/benjaminfaershtein/Library/Developer/Xcode/DerivedData/FieldHT-bkhkrfdficylzyexnvmumnbbolba/Build/Intermediates.noindex/FieldHT.build/Debug-iphonesimulator/WidgetExtension.build/DerivedSources/GeneratedAssetSymbols.h
/Users/benjaminfaershtein/Library/Developer/Xcode/DerivedData/FieldHT-bkhkrfdficylzyexnvmumnbbolba/Build/Intermediates.noindex/FieldHT.build/Debug-iphonesimulator/WidgetExtension.build/DerivedSources/GeneratedAssetSymbols.swift


MkDir /Users/benjaminfaershtein/Library/Developer/Xcode/DerivedData/FieldHT-bkhkrfdficylzyexnvmumnbbolba/Build/Intermediates.noindex/FieldHT.build/Debug-iphonesimulator/WidgetExtension.build/assetcatalog_output/thinned (in target 'WidgetExtension' from project 'FieldHT')
    cd /Users/benjaminfaershtein/Documents/FieldHT
    /bin/mkdir -p /Users/benjaminfaershtein/Library/Developer/Xcode/DerivedData/FieldHT-bkhkrfdficylzyexnvmumnbbolba/Build/Intermediates.noindex/FieldHT.build/Debug-iphonesimulator/WidgetExtension.build/assetcatalog_output/thinned

MkDir /Users/benjaminfaershtein/Library/Developer/Xcode/DerivedData/FieldHT-bkhkrfdficylzyexnvmumnbbolba/Build/Intermediates.noindex/FieldHT.build/Debug-iphonesimulator/WidgetExtension.build/assetcatalog_output/unthinned (in target 'WidgetExtension' from project 'FieldHT')
    cd /Users/benjaminfaershtein/Documents/FieldHT
    /bin/mkdir -p /Users/benjaminfaershtein/Library/Developer/Xcode/DerivedData/FieldHT-bkhkrfdficylzyexnvmumnbbolba/Build/Intermediates.noindex/FieldHT.build/Debug-iphonesimulator/WidgetExtension.build/assetcatalog_output/unthinned

CompileAssetCatalogVariant thinned /Users/benjaminfaershtein/Library/Developer/Xcode/DerivedData/FieldHT-bkhkrfdficylzyexnvmumnbbolba/Build/Products/Debug-iphonesimulator/WidgetExtension.appex /Users/benjaminfaershtein/Documents/FieldHT/Widget/Assets.xcassets (in target 'WidgetExtension' from project 'FieldHT')
    cd /Users/benjaminfaershtein/Documents/FieldHT
    /Applications/Xcode.app/Contents/Developer/usr/bin/actool /Users/benjaminfaershtein/Documents/FieldHT/Widget/Assets.xcassets --compile /Users/benjaminfaershtein/Library/Developer/Xcode/DerivedData/FieldHT-bkhkrfdficylzyexnvmumnbbolba/Build/Intermediates.noindex/FieldHT.build/Debug-iphonesimulator/WidgetExtension.build/assetcatalog_output/thinned --output-format human-readable-text --notices --warnings --export-dependency-info /Users/benjaminfaershtein/Library/Developer/Xcode/DerivedData/FieldHT-bkhkrfdficylzyexnvmumnbbolba/Build/Intermediates.noindex/FieldHT.build/Debug-iphonesimulator/WidgetExtension.build/assetcatalog_dependencies_thinned --output-partial-info-plist /Users/benjaminfaershtein/Library/Developer/Xcode/DerivedData/FieldHT-bkhkrfdficylzyexnvmumnbbolba/Build/Intermediates.noindex/FieldHT.build/Debug-iphonesimulator/WidgetExtension.build/assetcatalog_generated_info.plist_thinned --accent-color AccentColor --widget-background-color WidgetBackground --compress-pngs --enable-on-demand-resources NO --standalone-icon-behavior all --filter-for-thinning-device-configuration iPhone17,5 --filter-for-device-os-version 26.0.1 --development-region en --target-device iphone --target-device ipad --minimum-deployment-target 26.0 --platform iphonesimulator
/* com.apple.actool.compilation-results */
/Users/benjaminfaershtein/Library/Developer/Xcode/DerivedData/FieldHT-bkhkrfdficylzyexnvmumnbbolba/Build/Intermediates.noindex/FieldHT.build/Debug-iphonesimulator/WidgetExtension.build/assetcatalog_generated_info.plist_thinned


LinkAssetCatalog /Users/benjaminfaershtein/Documents/FieldHT/Widget/Assets.xcassets (in target 'WidgetExtension' from project 'FieldHT')
    cd /Users/benjaminfaershtein/Documents/FieldHT
    builtin-linkAssetCatalog --thinned /Users/benjaminfaershtein/Library/Developer/Xcode/DerivedData/FieldHT-bkhkrfdficylzyexnvmumnbbolba/Build/Intermediates.noindex/FieldHT.build/Debug-iphonesimulator/WidgetExtension.build/assetcatalog_output/thinned --thinned-dependencies /Users/benjaminfaershtein/Library/Developer/Xcode/DerivedData/FieldHT-bkhkrfdficylzyexnvmumnbbolba/Build/Intermediates.noindex/FieldHT.build/Debug-iphonesimulator/WidgetExtension.build/assetcatalog_dependencies_thinned --thinned-info-plist-content /Users/benjaminfaershtein/Library/Developer/Xcode/DerivedData/FieldHT-bkhkrfdficylzyexnvmumnbbolba/Build/Intermediates.noindex/FieldHT.build/Debug-iphonesimulator/WidgetExtension.build/assetcatalog_generated_info.plist_thinned --unthinned /Users/benjaminfaershtein/Library/Developer/Xcode/DerivedData/FieldHT-bkhkrfdficylzyexnvmumnbbolba/Build/Intermediates.noindex/FieldHT.build/Debug-iphonesimulator/WidgetExtension.build/assetcatalog_output/unthinned --unthinned-dependencies /Users/benjaminfaershtein/Library/Developer/Xcode/DerivedData/FieldHT-bkhkrfdficylzyexnvmumnbbolba/Build/Intermediates.noindex/FieldHT.build/Debug-iphonesimulator/WidgetExtension.build/assetcatalog_dependencies_unthinned --unthinned-info-plist-content /Users/benjaminfaershtein/Library/Developer/Xcode/DerivedData/FieldHT-bkhkrfdficylzyexnvmumnbbolba/Build/Intermediates.noindex/FieldHT.build/Debug-iphonesimulator/WidgetExtension.build/assetcatalog_generated_info.plist_unthinned --output /Users/benjaminfaershtein/Library/Developer/Xcode/DerivedData/FieldHT-bkhkrfdficylzyexnvmumnbbolba/Build/Products/Debug-iphonesimulator/WidgetExtension.appex --plist-output /Users/benjaminfaershtein/Library/Developer/Xcode/DerivedData/FieldHT-bkhkrfdficylzyexnvmumnbbolba/Build/Intermediates.noindex/FieldHT.build/Debug-iphonesimulator/WidgetExtension.build/assetcatalog_generated_info.plist

ProcessInfoPlistFile /Users/benjaminfaershtein/Library/Developer/Xcode/DerivedData/FieldHT-bkhkrfdficylzyexnvmumnbbolba/Build/Products/Debug-iphonesimulator/WidgetExtension.appex/Info.plist /Users/benjaminfaershtein/Documents/FieldHT/Widget/Info.plist (in target 'WidgetExtension' from project 'FieldHT')
    cd /Users/benjaminfaershtein/Documents/FieldHT
    builtin-infoPlistUtility /Users/benjaminfaershtein/Documents/FieldHT/Widget/Info.plist -producttype com.apple.product-type.app-extension -expandbuildsettings -format binary -platform iphonesimulator -additionalcontentfile /Users/benjaminfaershtein/Library/Developer/Xcode/DerivedData/FieldHT-bkhkrfdficylzyexnvmumnbbolba/Build/Intermediates.noindex/FieldHT.build/Debug-iphonesimulator/WidgetExtension.build/assetcatalog_generated_info.plist -o /Users/benjaminfaershtein/Library/Developer/Xcode/DerivedData/FieldHT-bkhkrfdficylzyexnvmumnbbolba/Build/Products/Debug-iphonesimulator/WidgetExtension.appex/Info.plist

SwiftDriver SatelliteKit normal arm64 com.apple.xcode.tools.swift.compiler (in target 'SatelliteKit' from project 'SatelliteKit')
    cd /Users/benjaminfaershtein/Documents/FieldHT/FieldHT.xcodeproj
    builtin-SwiftDriver -- /Applications/Xcode.app/Contents/Developer/Toolchains/XcodeDefault.xctoolchain/usr/bin/swiftc -module-name SatelliteKit -Onone -enforce-exclusivity\=checked @/Users/benjaminfaershtein/Library/Developer/Xcode/DerivedData/FieldHT-bkhkrfdficylzyexnvmumnbbolba/Build/Intermediates.noindex/SatelliteKit.build/Debug-iphonesimulator/SatelliteKit.build/Objects-normal/arm64/SatelliteKit.SwiftFileList -DSWIFT_PACKAGE -DDEBUG -DSWIFT_MODULE_RESOURCE_BUNDLE_UNAVAILABLE -DXcode -plugin-path /Applications/Xcode.app/Contents/Developer/Toolchains/XcodeDefault.xctoolchain/usr/lib/swift/host/plugins/testing -enable-experimental-feature DebugDescriptionMacro -sdk /Applications/Xcode.app/Contents/Developer/Platforms/iPhoneSimulator.platform/Developer/SDKs/iPhoneSimulator26.0.sdk -target arm64-apple-ios12.0-simulator -g -module-cache-path /Users/benjaminfaershtein/Library/Developer/Xcode/DerivedData/ModuleCache.noindex -Xfrontend -serialize-debugging-options -enable-testing -suppress-warnings -index-store-path /Users/benjaminfaershtein/Library/Developer/Xcode/DerivedData/FieldHT-bkhkrfdficylzyexnvmumnbbolba/Index.noindex/DataStore -Xcc -D_LIBCPP_HARDENING_MODE\=_LIBCPP_HARDENING_MODE_DEBUG -swift-version 6 -I /Users/benjaminfaershtein/Library/Developer/Xcode/DerivedData/FieldHT-bkhkrfdficylzyexnvmumnbbolba/Build/Products/Debug-iphonesimulator -Isystem /Applications/Xcode.app/Contents/Developer/Platforms/iPhoneSimulator.platform/Developer/usr/lib -F /Users/benjaminfaershtein/Library/Developer/Xcode/DerivedData/FieldHT-bkhkrfdficylzyexnvmumnbbolba/Build/Products/Debug-iphonesimulator -F /Applications/Xcode.app/Contents/Developer/Platforms/iPhoneSimulator.platform/Developer/Library/Frameworks -F /Applications/Xcode.app/Contents/Developer/Platforms/iPhoneSimulator.platform/Developer/SDKs/iPhoneSimulator26.0.sdk/Developer/Library/Frameworks -c -j10 -enable-batch-mode -incremental -Xcc -ivfsstatcache -Xcc /Users/benjaminfaershtein/Library/Developer/Xcode/DerivedData/SDKStatCaches.noindex/iphonesimulator26.0-23A339-26257891a6c027eb51374368541b8346.sdkstatcache -output-file-map /Users/benjaminfaershtein/Library/Developer/Xcode/DerivedData/FieldHT-bkhkrfdficylzyexnvmumnbbolba/Build/Intermediates.noindex/SatelliteKit.build/Debug-iphonesimulator/SatelliteKit.build/Objects-normal/arm64/SatelliteKit-OutputFileMap.json -use-frontend-parseable-output -save-temps -no-color-diagnostics -explicit-module-build -module-cache-path /Users/benjaminfaershtein/Library/Developer/Xcode/DerivedData/FieldHT-bkhkrfdficylzyexnvmumnbbolba/Build/Intermediates.noindex/SwiftExplicitPrecompiledModules -clang-scanner-module-cache-path /Users/benjaminfaershtein/Library/Developer/Xcode/DerivedData/ModuleCache.noindex -sdk-module-cache-path /Users/benjaminfaershtein/Library/Developer/Xcode/DerivedData/ModuleCache.noindex -serialize-diagnostics -emit-dependencies -emit-module -emit-module-path /Users/benjaminfaershtein/Library/Developer/Xcode/DerivedData/FieldHT-bkhkrfdficylzyexnvmumnbbolba/Build/Intermediates.noindex/SatelliteKit.build/Debug-iphonesimulator/SatelliteKit.build/Objects-normal/arm64/SatelliteKit.swiftmodule -user-module-version 2.1.1 -validate-clang-modules-once -clang-build-session-file /Users/benjaminfaershtein/Library/Developer/Xcode/DerivedData/ModuleCache.noindex/Session.modulevalidation -package-name satellitekit -Xcc -I/Users/benjaminfaershtein/Library/Developer/Xcode/DerivedData/FieldHT-bkhkrfdficylzyexnvmumnbbolba/Build/Intermediates.noindex/SatelliteKit.build/Debug-iphonesimulator/SatelliteKit.build/swift-overrides.hmap -emit-const-values -Xfrontend -const-gather-protocols-file -Xfrontend /Users/benjaminfaershtein/Library/Developer/Xcode/DerivedData/FieldHT-bkhkrfdficylzyexnvmumnbbolba/Build/Intermediates.noindex/SatelliteKit.build/Debug-iphonesimulator/SatelliteKit.build/Objects-normal/arm64/SatelliteKit_const_extract_protocols.json -Xcc -I/Users/benjaminfaershtein/Library/Developer/Xcode/DerivedData/FieldHT-bkhkrfdficylzyexnvmumnbbolba/Build/Products/Debug-iphonesimulator/include -Xcc -I/Users/benjaminfaershtein/Library/Developer/Xcode/DerivedData/FieldHT-bkhkrfdficylzyexnvmumnbbolba/Build/Intermediates.noindex/SatelliteKit.build/Debug-iphonesimulator/SatelliteKit.build/DerivedSources-normal/arm64 -Xcc -I/Users/benjaminfaershtein/Library/Developer/Xcode/DerivedData/FieldHT-bkhkrfdficylzyexnvmumnbbolba/Build/Intermediates.noindex/SatelliteKit.build/Debug-iphonesimulator/SatelliteKit.build/DerivedSources/arm64 -Xcc -I/Users/benjaminfaershtein/Library/Developer/Xcode/DerivedData/FieldHT-bkhkrfdficylzyexnvmumnbbolba/Build/Intermediates.noindex/SatelliteKit.build/Debug-iphonesimulator/SatelliteKit.build/DerivedSources -Xcc -DSWIFT_PACKAGE -Xcc -DDEBUG\=1 -emit-objc-header -emit-objc-header-path /Users/benjaminfaershtein/Library/Developer/Xcode/DerivedData/FieldHT-bkhkrfdficylzyexnvmumnbbolba/Build/Intermediates.noindex/SatelliteKit.build/Debug-iphonesimulator/SatelliteKit.build/Objects-normal/arm64/SatelliteKit-Swift.h -working-directory /Users/benjaminfaershtein/Documents/FieldHT/FieldHT.xcodeproj -experimental-emit-module-separately -disable-cmo

SwiftDriver WidgetExtension normal arm64 com.apple.xcode.tools.swift.compiler (in target 'WidgetExtension' from project 'FieldHT')
    cd /Users/benjaminfaershtein/Documents/FieldHT
    builtin-SwiftDriver -- /Applications/Xcode.app/Contents/Developer/Toolchains/XcodeDefault.xctoolchain/usr/bin/swiftc -module-name WidgetExtension -Onone -enforce-exclusivity\=checked @/Users/benjaminfaershtein/Library/Developer/Xcode/DerivedData/FieldHT-bkhkrfdficylzyexnvmumnbbolba/Build/Intermediates.noindex/FieldHT.build/Debug-iphonesimulator/WidgetExtension.build/Objects-normal/arm64/WidgetExtension.SwiftFileList -DDEBUG -enable-bare-slash-regex -enable-upcoming-feature DisableOutwardActorInference -enable-upcoming-feature InferSendableFromCaptures -enable-upcoming-feature GlobalActorIsolatedTypesUsability -enable-upcoming-feature MemberImportVisibility -enable-upcoming-feature InferIsolatedConformances -enable-upcoming-feature NonisolatedNonsendingByDefault -enable-experimental-feature DebugDescriptionMacro -sdk /Applications/Xcode.app/Contents/Developer/Platforms/iPhoneSimulator.platform/Developer/SDKs/iPhoneSimulator26.0.sdk -target arm64-apple-ios26.0-simulator -g -module-cache-path /Users/benjaminfaershtein/Library/Developer/Xcode/DerivedData/ModuleCache.noindex -Xfrontend -serialize-debugging-options -application-extension -enable-testing -index-store-path /Users/benjaminfaershtein/Library/Developer/Xcode/DerivedData/FieldHT-bkhkrfdficylzyexnvmumnbbolba/Index.noindex/DataStore -Xcc -D_LIBCPP_HARDENING_MODE\=_LIBCPP_HARDENING_MODE_DEBUG -swift-version 5 -I /Users/benjaminfaershtein/Library/Developer/Xcode/DerivedData/FieldHT-bkhkrfdficylzyexnvmumnbbolba/Build/Products/Debug-iphonesimulator -F /Users/benjaminfaershtein/Library/Developer/Xcode/DerivedData/FieldHT-bkhkrfdficylzyexnvmumnbbolba/Build/Products/Debug-iphonesimulator -emit-localized-strings -emit-localized-strings-path /Users/benjaminfaershtein/Library/Developer/Xcode/DerivedData/FieldHT-bkhkrfdficylzyexnvmumnbbolba/Build/Intermediates.noindex/FieldHT.build/Debug-iphonesimulator/WidgetExtension.build/Objects-normal/arm64 -c -j10 -enable-batch-mode -incremental -Xcc -ivfsstatcache -Xcc /Users/benjaminfaershtein/Library/Developer/Xcode/DerivedData/SDKStatCaches.noindex/iphonesimulator26.0-23A339-26257891a6c027eb51374368541b8346.sdkstatcache -output-file-map /Users/benjaminfaershtein/Library/Developer/Xcode/DerivedData/FieldHT-bkhkrfdficylzyexnvmumnbbolba/Build/Intermediates.noindex/FieldHT.build/Debug-iphonesimulator/WidgetExtension.build/Objects-normal/arm64/WidgetExtension-OutputFileMap.json -use-frontend-parseable-output -save-temps -no-color-diagnostics -explicit-module-build -module-cache-path /Users/benjaminfaershtein/Library/Developer/Xcode/DerivedData/FieldHT-bkhkrfdficylzyexnvmumnbbolba/Build/Intermediates.noindex/SwiftExplicitPrecompiledModules -clang-scanner-module-cache-path /Users/benjaminfaershtein/Library/Developer/Xcode/DerivedData/ModuleCache.noindex -sdk-module-cache-path /Users/benjaminfaershtein/Library/Developer/Xcode/DerivedData/ModuleCache.noindex -serialize-diagnostics -emit-dependencies -emit-module -emit-module-path /Users/benjaminfaershtein/Library/Developer/Xcode/DerivedData/FieldHT-bkhkrfdficylzyexnvmumnbbolba/Build/Intermediates.noindex/FieldHT.build/Debug-iphonesimulator/WidgetExtension.build/Objects-normal/arm64/WidgetExtension.swiftmodule -validate-clang-modules-once -clang-build-session-file /Users/benjaminfaershtein/Library/Developer/Xcode/DerivedData/ModuleCache.noindex/Session.modulevalidation -Xcc -I/Users/benjaminfaershtein/Library/Developer/Xcode/DerivedData/FieldHT-bkhkrfdficylzyexnvmumnbbolba/Build/Intermediates.noindex/FieldHT.build/Debug-iphonesimulator/WidgetExtension.build/swift-overrides.hmap -emit-const-values -Xfrontend -const-gather-protocols-file -Xfrontend /Users/benjaminfaershtein/Library/Developer/Xcode/DerivedData/FieldHT-bkhkrfdficylzyexnvmumnbbolba/Build/Intermediates.noindex/FieldHT.build/Debug-iphonesimulator/WidgetExtension.build/Objects-normal/arm64/WidgetExtension_const_extract_protocols.json -Xcc -iquote -Xcc /Users/benjaminfaershtein/Library/Developer/Xcode/DerivedData/FieldHT-bkhkrfdficylzyexnvmumnbbolba/Build/Intermediates.noindex/FieldHT.build/Debug-iphonesimulator/WidgetExtension.build/WidgetExtension-generated-files.hmap -Xcc -I/Users/benjaminfaershtein/Library/Developer/Xcode/DerivedData/FieldHT-bkhkrfdficylzyexnvmumnbbolba/Build/Intermediates.noindex/FieldHT.build/Debug-iphonesimulator/WidgetExtension.build/WidgetExtension-own-target-headers.hmap -Xcc -I/Users/benjaminfaershtein/Library/Developer/Xcode/DerivedData/FieldHT-bkhkrfdficylzyexnvmumnbbolba/Build/Intermediates.noindex/FieldHT.build/Debug-iphonesimulator/WidgetExtension.build/WidgetExtension-all-non-framework-target-headers.hmap -Xcc -ivfsoverlay -Xcc /Users/benjaminfaershtein/Library/Developer/Xcode/DerivedData/FieldHT-bkhkrfdficylzyexnvmumnbbolba/Build/Intermediates.noindex/FieldHT.build/Debug-iphonesimulator/FieldHT-8db3a85ec02ee428a21b172cdb8cc156-VFS-iphonesimulator/all-product-headers.yaml -Xcc -iquote -Xcc /Users/benjaminfaershtein/Library/Developer/Xcode/DerivedData/FieldHT-bkhkrfdficylzyexnvmumnbbolba/Build/Intermediates.noindex/FieldHT.build/Debug-iphonesimulator/WidgetExtension.build/WidgetExtension-project-headers.hmap -Xcc -I/Users/benjaminfaershtein/Library/Developer/Xcode/DerivedData/FieldHT-bkhkrfdficylzyexnvmumnbbolba/Build/Products/Debug-iphonesimulator/include -Xcc -I/Users/benjaminfaershtein/Library/Developer/Xcode/DerivedData/FieldHT-bkhkrfdficylzyexnvmumnbbolba/Build/Intermediates.noindex/FieldHT.build/Debug-iphonesimulator/WidgetExtension.build/DerivedSources-normal/arm64 -Xcc -I/Users/benjaminfaershtein/Library/Developer/Xcode/DerivedData/FieldHT-bkhkrfdficylzyexnvmumnbbolba/Build/Intermediates.noindex/FieldHT.build/Debug-iphonesimulator/WidgetExtension.build/DerivedSources/arm64 -Xcc -I/Users/benjaminfaershtein/Library/Developer/Xcode/DerivedData/FieldHT-bkhkrfdficylzyexnvmumnbbolba/Build/Intermediates.noindex/FieldHT.build/Debug-iphonesimulator/WidgetExtension.build/DerivedSources -Xcc -DDEBUG\=1 -emit-objc-header -emit-objc-header-path /Users/benjaminfaershtein/Library/Developer/Xcode/DerivedData/FieldHT-bkhkrfdficylzyexnvmumnbbolba/Build/Intermediates.noindex/FieldHT.build/Debug-iphonesimulator/WidgetExtension.build/Objects-normal/arm64/WidgetExtension-Swift.h -working-directory /Users/benjaminfaershtein/Documents/FieldHT -experimental-emit-module-separately -disable-cmo

SwiftEmitModule normal arm64 Emitting\ module\ for\ SatelliteKit (in target 'SatelliteKit' from project 'SatelliteKit')
EmitSwiftModule normal arm64 (in target 'SatelliteKit' from project 'SatelliteKit')
    cd /Users/benjaminfaershtein/Documents/FieldHT/FieldHT.xcodeproj
    

SwiftCompile normal arm64 Compiling\ Astronomy.swift,\ Geography.swift /Users/benjaminfaershtein/Library/Developer/Xcode/DerivedData/FieldHT-bkhkrfdficylzyexnvmumnbbolba/SourcePackages/checkouts/SatelliteKit/Sources/SatelliteKit/Astro/Astronomy.swift /Users/benjaminfaershtein/Library/Developer/Xcode/DerivedData/FieldHT-bkhkrfdficylzyexnvmumnbbolba/SourcePackages/checkouts/SatelliteKit/Sources/SatelliteKit/Astro/Geography.swift (in target 'SatelliteKit' from project 'SatelliteKit')

SwiftCompile normal arm64 /Users/benjaminfaershtein/Library/Developer/Xcode/DerivedData/FieldHT-bkhkrfdficylzyexnvmumnbbolba/SourcePackages/checkouts/SatelliteKit/Sources/SatelliteKit/Astro/Astronomy.swift (in target 'SatelliteKit' from project 'SatelliteKit')
    cd /Users/benjaminfaershtein/Documents/FieldHT/FieldHT.xcodeproj
    

SwiftCompile normal arm64 /Users/benjaminfaershtein/Library/Developer/Xcode/DerivedData/FieldHT-bkhkrfdficylzyexnvmumnbbolba/SourcePackages/checkouts/SatelliteKit/Sources/SatelliteKit/Astro/Geography.swift (in target 'SatelliteKit' from project 'SatelliteKit')
    cd /Users/benjaminfaershtein/Documents/FieldHT/FieldHT.xcodeproj
    

SwiftCompile normal arm64 Compiling\ ElementsJSON.swift /Users/benjaminfaershtein/Library/Developer/Xcode/DerivedData/FieldHT-bkhkrfdficylzyexnvmumnbbolba/SourcePackages/checkouts/SatelliteKit/Sources/SatelliteKit/TLE/ElementsJSON.swift (in target 'SatelliteKit' from project 'SatelliteKit')

SwiftCompile normal arm64 /Users/benjaminfaershtein/Library/Developer/Xcode/DerivedData/FieldHT-bkhkrfdficylzyexnvmumnbbolba/SourcePackages/checkouts/SatelliteKit/Sources/SatelliteKit/TLE/ElementsJSON.swift (in target 'SatelliteKit' from project 'SatelliteKit')
    cd /Users/benjaminfaershtein/Documents/FieldHT/FieldHT.xcodeproj
    

SwiftCompile normal arm64 Compiling\ SGP4.swift,\ Satellite.swift /Users/benjaminfaershtein/Library/Developer/Xcode/DerivedData/FieldHT-bkhkrfdficylzyexnvmumnbbolba/SourcePackages/checkouts/SatelliteKit/Sources/SatelliteKit/SGP/SGP4.swift /Users/benjaminfaershtein/Library/Developer/Xcode/DerivedData/FieldHT-bkhkrfdficylzyexnvmumnbbolba/SourcePackages/checkouts/SatelliteKit/Sources/SatelliteKit/SGP/Satellite.swift (in target 'SatelliteKit' from project 'SatelliteKit')

SwiftCompile normal arm64 /Users/benjaminfaershtein/Library/Developer/Xcode/DerivedData/FieldHT-bkhkrfdficylzyexnvmumnbbolba/SourcePackages/checkouts/SatelliteKit/Sources/SatelliteKit/SGP/SGP4.swift (in target 'SatelliteKit' from project 'SatelliteKit')
    cd /Users/benjaminfaershtein/Documents/FieldHT/FieldHT.xcodeproj
    

SwiftCompile normal arm64 /Users/benjaminfaershtein/Library/Developer/Xcode/DerivedData/FieldHT-bkhkrfdficylzyexnvmumnbbolba/SourcePackages/checkouts/SatelliteKit/Sources/SatelliteKit/SGP/Satellite.swift (in target 'SatelliteKit' from project 'SatelliteKit')
    cd /Users/benjaminfaershtein/Documents/FieldHT/FieldHT.xcodeproj
    

SwiftCompile normal arm64 Compiling\ PropagatorStructs.swift,\ SDP4.swift /Users/benjaminfaershtein/Library/Developer/Xcode/DerivedData/FieldHT-bkhkrfdficylzyexnvmumnbbolba/SourcePackages/checkouts/SatelliteKit/Sources/SatelliteKit/SGP/PropagatorStructs.swift /Users/benjaminfaershtein/Library/Developer/Xcode/DerivedData/FieldHT-bkhkrfdficylzyexnvmumnbbolba/SourcePackages/checkouts/SatelliteKit/Sources/SatelliteKit/SGP/SDP4.swift (in target 'SatelliteKit' from project 'SatelliteKit')

SwiftCompile normal arm64 /Users/benjaminfaershtein/Library/Developer/Xcode/DerivedData/FieldHT-bkhkrfdficylzyexnvmumnbbolba/SourcePackages/checkouts/SatelliteKit/Sources/SatelliteKit/SGP/PropagatorStructs.swift (in target 'SatelliteKit' from project 'SatelliteKit')
    cd /Users/benjaminfaershtein/Documents/FieldHT/FieldHT.xcodeproj
    

SwiftCompile normal arm64 /Users/benjaminfaershtein/Library/Developer/Xcode/DerivedData/FieldHT-bkhkrfdficylzyexnvmumnbbolba/SourcePackages/checkouts/SatelliteKit/Sources/SatelliteKit/SGP/SDP4.swift (in target 'SatelliteKit' from project 'SatelliteKit')
    cd /Users/benjaminfaershtein/Documents/FieldHT/FieldHT.xcodeproj
    

SwiftCompile normal arm64 Compiling\ SatelliteKit.swift /Users/benjaminfaershtein/Library/Developer/Xcode/DerivedData/FieldHT-bkhkrfdficylzyexnvmumnbbolba/SourcePackages/checkouts/SatelliteKit/Sources/SatelliteKit/SatelliteKit.swift (in target 'SatelliteKit' from project 'SatelliteKit')

SwiftCompile normal arm64 /Users/benjaminfaershtein/Library/Developer/Xcode/DerivedData/FieldHT-bkhkrfdficylzyexnvmumnbbolba/SourcePackages/checkouts/SatelliteKit/Sources/SatelliteKit/SatelliteKit.swift (in target 'SatelliteKit' from project 'SatelliteKit')
    cd /Users/benjaminfaershtein/Documents/FieldHT/FieldHT.xcodeproj
    

SwiftCompile normal arm64 Compiling\ DeepSDP4.swift,\ PVCoordinates.swift /Users/benjaminfaershtein/Library/Developer/Xcode/DerivedData/FieldHT-bkhkrfdficylzyexnvmumnbbolba/SourcePackages/checkouts/SatelliteKit/Sources/SatelliteKit/SGP/DeepSDP4.swift /Users/benjaminfaershtein/Library/Developer/Xcode/DerivedData/FieldHT-bkhkrfdficylzyexnvmumnbbolba/SourcePackages/checkouts/SatelliteKit/Sources/SatelliteKit/SGP/PVCoordinates.swift (in target 'SatelliteKit' from project 'SatelliteKit')

SwiftCompile normal arm64 /Users/benjaminfaershtein/Library/Developer/Xcode/DerivedData/FieldHT-bkhkrfdficylzyexnvmumnbbolba/SourcePackages/checkouts/SatelliteKit/Sources/SatelliteKit/SGP/DeepSDP4.swift (in target 'SatelliteKit' from project 'SatelliteKit')
    cd /Users/benjaminfaershtein/Documents/FieldHT/FieldHT.xcodeproj
    

SwiftCompile normal arm64 /Users/benjaminfaershtein/Library/Developer/Xcode/DerivedData/FieldHT-bkhkrfdficylzyexnvmumnbbolba/SourcePackages/checkouts/SatelliteKit/Sources/SatelliteKit/SGP/PVCoordinates.swift (in target 'SatelliteKit' from project 'SatelliteKit')
    cd /Users/benjaminfaershtein/Documents/FieldHT/FieldHT.xcodeproj
    

SwiftCompile normal arm64 Compiling\ Propagator.swift /Users/benjaminfaershtein/Library/Developer/Xcode/DerivedData/FieldHT-bkhkrfdficylzyexnvmumnbbolba/SourcePackages/checkouts/SatelliteKit/Sources/SatelliteKit/TLE/Propagator.swift (in target 'SatelliteKit' from project 'SatelliteKit')

SwiftCompile normal arm64 /Users/benjaminfaershtein/Library/Developer/Xcode/DerivedData/FieldHT-bkhkrfdficylzyexnvmumnbbolba/SourcePackages/checkouts/SatelliteKit/Sources/SatelliteKit/TLE/Propagator.swift (in target 'SatelliteKit' from project 'SatelliteKit')
    cd /Users/benjaminfaershtein/Documents/FieldHT/FieldHT.xcodeproj
    

SwiftCompile normal arm64 Compiling\ MathUtility.swift,\ TimeUtility.swift /Users/benjaminfaershtein/Library/Developer/Xcode/DerivedData/FieldHT-bkhkrfdficylzyexnvmumnbbolba/SourcePackages/checkouts/SatelliteKit/Sources/SatelliteKit/Astro/MathUtility.swift /Users/benjaminfaershtein/Library/Developer/Xcode/DerivedData/FieldHT-bkhkrfdficylzyexnvmumnbbolba/SourcePackages/checkouts/SatelliteKit/Sources/SatelliteKit/Astro/TimeUtility.swift (in target 'SatelliteKit' from project 'SatelliteKit')

SwiftCompile normal arm64 /Users/benjaminfaershtein/Library/Developer/Xcode/DerivedData/FieldHT-bkhkrfdficylzyexnvmumnbbolba/SourcePackages/checkouts/SatelliteKit/Sources/SatelliteKit/Astro/MathUtility.swift (in target 'SatelliteKit' from project 'SatelliteKit')
    cd /Users/benjaminfaershtein/Documents/FieldHT/FieldHT.xcodeproj
    

SwiftCompile normal arm64 /Users/benjaminfaershtein/Library/Developer/Xcode/DerivedData/FieldHT-bkhkrfdficylzyexnvmumnbbolba/SourcePackages/checkouts/SatelliteKit/Sources/SatelliteKit/Astro/TimeUtility.swift (in target 'SatelliteKit' from project 'SatelliteKit')
    cd /Users/benjaminfaershtein/Documents/FieldHT/FieldHT.xcodeproj
    

SwiftCompile normal arm64 Compiling\ Elements.swift /Users/benjaminfaershtein/Library/Developer/Xcode/DerivedData/FieldHT-bkhkrfdficylzyexnvmumnbbolba/SourcePackages/checkouts/SatelliteKit/Sources/SatelliteKit/TLE/Elements.swift (in target 'SatelliteKit' from project 'SatelliteKit')
SwiftCompile normal arm64 /Users/benjaminfaershtein/Library/Developer/Xcode/DerivedData/FieldHT-bkhkrfdficylzyexnvmumnbbolba/SourcePackages/checkouts/SatelliteKit/Sources/SatelliteKit/TLE/Elements.swift (in target 'SatelliteKit' from project 'SatelliteKit')
    cd /Users/benjaminfaershtein/Documents/FieldHT/FieldHT.xcodeproj
    

SwiftDriverJobDiscovery normal arm64 Compiling SatelliteKit.swift (in target 'SatelliteKit' from project 'SatelliteKit')

SwiftCompile normal arm64 Compiling\ ElementsXML.swift /Users/benjaminfaershtein/Library/Developer/Xcode/DerivedData/FieldHT-bkhkrfdficylzyexnvmumnbbolba/SourcePackages/checkouts/SatelliteKit/Sources/SatelliteKit/TLE/ElementsXML.swift (in target 'SatelliteKit' from project 'SatelliteKit')

SwiftCompile normal arm64 /Users/benjaminfaershtein/Library/Developer/Xcode/DerivedData/FieldHT-bkhkrfdficylzyexnvmumnbbolba/SourcePackages/checkouts/SatelliteKit/Sources/SatelliteKit/TLE/ElementsXML.swift (in target 'SatelliteKit' from project 'SatelliteKit')
    cd /Users/benjaminfaershtein/Documents/FieldHT/FieldHT.xcodeproj
    

SwiftDriverJobDiscovery normal arm64 Compiling PropagatorStructs.swift, SDP4.swift (in target 'SatelliteKit' from project 'SatelliteKit')

SwiftEmitModule normal arm64 Emitting\ module\ for\ WidgetExtension (in target 'WidgetExtension' from project 'FieldHT')

EmitSwiftModule normal arm64 (in target 'WidgetExtension' from project 'FieldHT')
    cd /Users/benjaminfaershtein/Documents/FieldHT
    

SwiftCompile normal arm64 Compiling\ SatelliteLiveActivityManager.swift /Users/benjaminfaershtein/Documents/FieldHT/FieldHT/LiveActivity/SatelliteLiveActivityManager.swift (in target 'WidgetExtension' from project 'FieldHT')

SwiftCompile normal arm64 /Users/benjaminfaershtein/Documents/FieldHT/FieldHT/LiveActivity/SatelliteLiveActivityManager.swift (in target 'WidgetExtension' from project 'FieldHT')
    cd /Users/benjaminfaershtein/Documents/FieldHT
    

SwiftDriverJobDiscovery normal arm64 Compiling Astronomy.swift, Geography.swift (in target 'SatelliteKit' from project 'SatelliteKit')

SwiftCompile normal arm64 Compiling\ AppIntent.swift /Users/benjaminfaershtein/Documents/FieldHT/Widget/AppIntent.swift (in target 'WidgetExtension' from project 'FieldHT')

SwiftCompile normal arm64 /Users/benjaminfaershtein/Documents/FieldHT/Widget/AppIntent.swift (in target 'WidgetExtension' from project 'FieldHT')
    cd /Users/benjaminfaershtein/Documents/FieldHT
    

SwiftDriverJobDiscovery normal arm64 Compiling MathUtility.swift, TimeUtility.swift (in target 'SatelliteKit' from project 'SatelliteKit')

SwiftCompile normal arm64 Compiling\ WidgetControl.swift /Users/benjaminfaershtein/Documents/FieldHT/Widget/WidgetControl.swift (in target 'WidgetExtension' from project 'FieldHT')

SwiftCompile normal arm64 /Users/benjaminfaershtein/Documents/FieldHT/Widget/WidgetControl.swift (in target 'WidgetExtension' from project 'FieldHT')
    cd /Users/benjaminfaershtein/Documents/FieldHT
    

SwiftDriverJobDiscovery normal arm64 Compiling SGP4.swift, Satellite.swift (in target 'SatelliteKit' from project 'SatelliteKit')

SwiftCompile normal arm64 Compiling\ GeneratedAssetSymbols.swift /Users/benjaminfaershtein/Library/Developer/Xcode/DerivedData/FieldHT-bkhkrfdficylzyexnvmumnbbolba/Build/Intermediates.noindex/FieldHT.build/Debug-iphonesimulator/WidgetExtension.build/DerivedSources/GeneratedAssetSymbols.swift (in target 'WidgetExtension' from project 'FieldHT')

SwiftCompile normal arm64 /Users/benjaminfaershtein/Library/Developer/Xcode/DerivedData/FieldHT-bkhkrfdficylzyexnvmumnbbolba/Build/Intermediates.noindex/FieldHT.build/Debug-iphonesimulator/WidgetExtension.build/DerivedSources/GeneratedAssetSymbols.swift (in target 'WidgetExtension' from project 'FieldHT')
    cd /Users/benjaminfaershtein/Documents/FieldHT
    

SwiftDriverJobDiscovery normal arm64 Compiling ElementsJSON.swift (in target 'SatelliteKit' from project 'SatelliteKit')

SwiftCompile normal arm64 Compiling\ WidgetBundle.swift /Users/benjaminfaershtein/Documents/FieldHT/Widget/WidgetBundle.swift (in target 'WidgetExtension' from project 'FieldHT')

SwiftCompile normal arm64 /Users/benjaminfaershtein/Documents/FieldHT/Widget/WidgetBundle.swift (in target 'WidgetExtension' from project 'FieldHT')
    cd /Users/benjaminfaershtein/Documents/FieldHT
    

SwiftDriverJobDiscovery normal arm64 Compiling ElementsXML.swift (in target 'SatelliteKit' from project 'SatelliteKit')

SwiftCompile normal arm64 Compiling\ WidgetLiveActivity.swift /Users/benjaminfaershtein/Documents/FieldHT/Widget/WidgetLiveActivity.swift (in target 'WidgetExtension' from project 'FieldHT')

SwiftCompile normal arm64 /Users/benjaminfaershtein/Documents/FieldHT/Widget/WidgetLiveActivity.swift (in target 'WidgetExtension' from project 'FieldHT')
    cd /Users/benjaminfaershtein/Documents/FieldHT
    

SwiftDriverJobDiscovery normal arm64 Compiling SatelliteLiveActivityManager.swift (in target 'WidgetExtension' from project 'FieldHT')

SwiftCompile normal arm64 Compiling\ SatelliteTrackingAttributes.swift /Users/benjaminfaershtein/Documents/FieldHT/FieldHT/LiveActivity/SatelliteTrackingAttributes.swift (in target 'WidgetExtension' from project 'FieldHT')

SwiftCompile normal arm64 /Users/benjaminfaershtein/Documents/FieldHT/FieldHT/LiveActivity/SatelliteTrackingAttributes.swift (in target 'WidgetExtension' from project 'FieldHT')
    cd /Users/benjaminfaershtein/Documents/FieldHT
    

SwiftDriverJobDiscovery normal arm64 Compiling AppIntent.swift (in target 'WidgetExtension' from project 'FieldHT')

SwiftCompile normal arm64 Compiling\ SatelliteActivityState.swift /Users/benjaminfaershtein/Documents/FieldHT/FieldHT/LiveActivity/SatelliteActivityState.swift (in target 'WidgetExtension' from project 'FieldHT')

SwiftCompile normal arm64 /Users/benjaminfaershtein/Documents/FieldHT/FieldHT/LiveActivity/SatelliteActivityState.swift (in target 'WidgetExtension' from project 'FieldHT')
    cd /Users/benjaminfaershtein/Documents/FieldHT
    

SwiftDriverJobDiscovery normal arm64 Compiling Propagator.swift (in target 'SatelliteKit' from project 'SatelliteKit')

SwiftCompile normal arm64 Compiling\ Widget.swift /Users/benjaminfaershtein/Documents/FieldHT/Widget/Widget.swift (in target 'WidgetExtension' from project 'FieldHT')

SwiftCompile normal arm64 /Users/benjaminfaershtein/Documents/FieldHT/Widget/Widget.swift (in target 'WidgetExtension' from project 'FieldHT')
    cd /Users/benjaminfaershtein/Documents/FieldHT
    

SwiftDriverJobDiscovery normal arm64 Compiling WidgetBundle.swift (in target 'WidgetExtension' from project 'FieldHT')

SwiftDriverJobDiscovery normal arm64 Emitting module for WidgetExtension (in target 'WidgetExtension' from project 'FieldHT')

SwiftDriver\ Compilation\ Requirements WidgetExtension normal arm64 com.apple.xcode.tools.swift.compiler (in target 'WidgetExtension' from project 'FieldHT')
    cd /Users/benjaminfaershtein/Documents/FieldHT
    builtin-Swift-Compilation-Requirements -- /Applications/Xcode.app/Contents/Developer/Toolchains/XcodeDefault.xctoolchain/usr/bin/swiftc -module-name WidgetExtension -Onone -enforce-exclusivity\=checked @/Users/benjaminfaershtein/Library/Developer/Xcode/DerivedData/FieldHT-bkhkrfdficylzyexnvmumnbbolba/Build/Intermediates.noindex/FieldHT.build/Debug-iphonesimulator/WidgetExtension.build/Objects-normal/arm64/WidgetExtension.SwiftFileList -DDEBUG -enable-bare-slash-regex -enable-upcoming-feature DisableOutwardActorInference -enable-upcoming-feature InferSendableFromCaptures -enable-upcoming-feature GlobalActorIsolatedTypesUsability -enable-upcoming-feature MemberImportVisibility -enable-upcoming-feature InferIsolatedConformances -enable-upcoming-feature NonisolatedNonsendingByDefault -enable-experimental-feature DebugDescriptionMacro -sdk /Applications/Xcode.app/Contents/Developer/Platforms/iPhoneSimulator.platform/Developer/SDKs/iPhoneSimulator26.0.sdk -target arm64-apple-ios26.0-simulator -g -module-cache-path /Users/benjaminfaershtein/Library/Developer/Xcode/DerivedData/ModuleCache.noindex -Xfrontend -serialize-debugging-options -application-extension -enable-testing -index-store-path /Users/benjaminfaershtein/Library/Developer/Xcode/DerivedData/FieldHT-bkhkrfdficylzyexnvmumnbbolba/Index.noindex/DataStore -Xcc -D_LIBCPP_HARDENING_MODE\=_LIBCPP_HARDENING_MODE_DEBUG -swift-version 5 -I /Users/benjaminfaershtein/Library/Developer/Xcode/DerivedData/FieldHT-bkhkrfdficylzyexnvmumnbbolba/Build/Products/Debug-iphonesimulator -F /Users/benjaminfaershtein/Library/Developer/Xcode/DerivedData/FieldHT-bkhkrfdficylzyexnvmumnbbolba/Build/Products/Debug-iphonesimulator -emit-localized-strings -emit-localized-strings-path /Users/benjaminfaershtein/Library/Developer/Xcode/DerivedData/FieldHT-bkhkrfdficylzyexnvmumnbbolba/Build/Intermediates.noindex/FieldHT.build/Debug-iphonesimulator/WidgetExtension.build/Objects-normal/arm64 -c -j10 -enable-batch-mode -incremental -Xcc -ivfsstatcache -Xcc /Users/benjaminfaershtein/Library/Developer/Xcode/DerivedData/SDKStatCaches.noindex/iphonesimulator26.0-23A339-26257891a6c027eb51374368541b8346.sdkstatcache -output-file-map /Users/benjaminfaershtein/Library/Developer/Xcode/DerivedData/FieldHT-bkhkrfdficylzyexnvmumnbbolba/Build/Intermediates.noindex/FieldHT.build/Debug-iphonesimulator/WidgetExtension.build/Objects-normal/arm64/WidgetExtension-OutputFileMap.json -use-frontend-parseable-output -save-temps -no-color-diagnostics -explicit-module-build -module-cache-path /Users/benjaminfaershtein/Library/Developer/Xcode/DerivedData/FieldHT-bkhkrfdficylzyexnvmumnbbolba/Build/Intermediates.noindex/SwiftExplicitPrecompiledModules -clang-scanner-module-cache-path /Users/benjaminfaershtein/Library/Developer/Xcode/DerivedData/ModuleCache.noindex -sdk-module-cache-path /Users/benjaminfaershtein/Library/Developer/Xcode/DerivedData/ModuleCache.noindex -serialize-diagnostics -emit-dependencies -emit-module -emit-module-path /Users/benjaminfaershtein/Library/Developer/Xcode/DerivedData/FieldHT-bkhkrfdficylzyexnvmumnbbolba/Build/Intermediates.noindex/FieldHT.build/Debug-iphonesimulator/WidgetExtension.build/Objects-normal/arm64/WidgetExtension.swiftmodule -validate-clang-modules-once -clang-build-session-file /Users/benjaminfaershtein/Library/Developer/Xcode/DerivedData/ModuleCache.noindex/Session.modulevalidation -Xcc -I/Users/benjaminfaershtein/Library/Developer/Xcode/DerivedData/FieldHT-bkhkrfdficylzyexnvmumnbbolba/Build/Intermediates.noindex/FieldHT.build/Debug-iphonesimulator/WidgetExtension.build/swift-overrides.hmap -emit-const-values -Xfrontend -const-gather-protocols-file -Xfrontend /Users/benjaminfaershtein/Library/Developer/Xcode/DerivedData/FieldHT-bkhkrfdficylzyexnvmumnbbolba/Build/Intermediates.noindex/FieldHT.build/Debug-iphonesimulator/WidgetExtension.build/Objects-normal/arm64/WidgetExtension_const_extract_protocols.json -Xcc -iquote -Xcc /Users/benjaminfaershtein/Library/Developer/Xcode/DerivedData/FieldHT-bkhkrfdficylzyexnvmumnbbolba/Build/Intermediates.noindex/FieldHT.build/Debug-iphonesimulator/WidgetExtension.build/WidgetExtension-generated-files.hmap -Xcc -I/Users/benjaminfaershtein/Library/Developer/Xcode/DerivedData/FieldHT-bkhkrfdficylzyexnvmumnbbolba/Build/Intermediates.noindex/FieldHT.build/Debug-iphonesimulator/WidgetExtension.build/WidgetExtension-own-target-headers.hmap -Xcc -I/Users/benjaminfaershtein/Library/Developer/Xcode/DerivedData/FieldHT-bkhkrfdficylzyexnvmumnbbolba/Build/Intermediates.noindex/FieldHT.build/Debug-iphonesimulator/WidgetExtension.build/WidgetExtension-all-non-framework-target-headers.hmap -Xcc -ivfsoverlay -Xcc /Users/benjaminfaershtein/Library/Developer/Xcode/DerivedData/FieldHT-bkhkrfdficylzyexnvmumnbbolba/Build/Intermediates.noindex/FieldHT.build/Debug-iphonesimulator/FieldHT-8db3a85ec02ee428a21b172cdb8cc156-VFS-iphonesimulator/all-product-headers.yaml -Xcc -iquote -Xcc /Users/benjaminfaershtein/Library/Developer/Xcode/DerivedData/FieldHT-bkhkrfdficylzyexnvmumnbbolba/Build/Intermediates.noindex/FieldHT.build/Debug-iphonesimulator/WidgetExtension.build/WidgetExtension-project-headers.hmap -Xcc -I/Users/benjaminfaershtein/Library/Developer/Xcode/DerivedData/FieldHT-bkhkrfdficylzyexnvmumnbbolba/Build/Products/Debug-iphonesimulator/include -Xcc -I/Users/benjaminfaershtein/Library/Developer/Xcode/DerivedData/FieldHT-bkhkrfdficylzyexnvmumnbbolba/Build/Intermediates.noindex/FieldHT.build/Debug-iphonesimulator/WidgetExtension.build/DerivedSources-normal/arm64 -Xcc -I/Users/benjaminfaershtein/Library/Developer/Xcode/DerivedData/FieldHT-bkhkrfdficylzyexnvmumnbbolba/Build/Intermediates.noindex/FieldHT.build/Debug-iphonesimulator/WidgetExtension.build/DerivedSources/arm64 -Xcc -I/Users/benjaminfaershtein/Library/Developer/Xcode/DerivedData/FieldHT-bkhkrfdficylzyexnvmumnbbolba/Build/Intermediates.noindex/FieldHT.build/Debug-iphonesimulator/WidgetExtension.build/DerivedSources -Xcc -DDEBUG\=1 -emit-objc-header -emit-objc-header-path /Users/benjaminfaershtein/Library/Developer/Xcode/DerivedData/FieldHT-bkhkrfdficylzyexnvmumnbbolba/Build/Intermediates.noindex/FieldHT.build/Debug-iphonesimulator/WidgetExtension.build/Objects-normal/arm64/WidgetExtension-Swift.h -working-directory /Users/benjaminfaershtein/Documents/FieldHT -experimental-emit-module-separately -disable-cmo

SwiftMergeGeneratedHeaders /Users/benjaminfaershtein/Library/Developer/Xcode/DerivedData/FieldHT-bkhkrfdficylzyexnvmumnbbolba/Build/Intermediates.noindex/FieldHT.build/Debug-iphonesimulator/WidgetExtension.build/DerivedSources/WidgetExtension-Swift.h /Users/benjaminfaershtein/Library/Developer/Xcode/DerivedData/FieldHT-bkhkrfdficylzyexnvmumnbbolba/Build/Intermediates.noindex/FieldHT.build/Debug-iphonesimulator/WidgetExtension.build/Objects-normal/arm64/WidgetExtension-Swift.h (in target 'WidgetExtension' from project 'FieldHT')
    cd /Users/benjaminfaershtein/Documents/FieldHT
    builtin-swiftHeaderTool -arch arm64 /Users/benjaminfaershtein/Library/Developer/Xcode/DerivedData/FieldHT-bkhkrfdficylzyexnvmumnbbolba/Build/Intermediates.noindex/FieldHT.build/Debug-iphonesimulator/WidgetExtension.build/Objects-normal/arm64/WidgetExtension-Swift.h -o /Users/benjaminfaershtein/Library/Developer/Xcode/DerivedData/FieldHT-bkhkrfdficylzyexnvmumnbbolba/Build/Intermediates.noindex/FieldHT.build/Debug-iphonesimulator/WidgetExtension.build/DerivedSources/WidgetExtension-Swift.h

Copy /Users/benjaminfaershtein/Library/Developer/Xcode/DerivedData/FieldHT-bkhkrfdficylzyexnvmumnbbolba/Build/Products/Debug-iphonesimulator/WidgetExtension.swiftmodule/arm64-apple-ios-simulator.swiftmodule /Users/benjaminfaershtein/Library/Developer/Xcode/DerivedData/FieldHT-bkhkrfdficylzyexnvmumnbbolba/Build/Intermediates.noindex/FieldHT.build/Debug-iphonesimulator/WidgetExtension.build/Objects-normal/arm64/WidgetExtension.swiftmodule (in target 'WidgetExtension' from project 'FieldHT')
    cd /Users/benjaminfaershtein/Documents/FieldHT
    builtin-copy -exclude .DS_Store -exclude CVS -exclude .svn -exclude .git -exclude .hg -resolve-src-symlinks -rename /Users/benjaminfaershtein/Library/Developer/Xcode/DerivedData/FieldHT-bkhkrfdficylzyexnvmumnbbolba/Build/Intermediates.noindex/FieldHT.build/Debug-iphonesimulator/WidgetExtension.build/Objects-normal/arm64/WidgetExtension.swiftmodule /Users/benjaminfaershtein/Library/Developer/Xcode/DerivedData/FieldHT-bkhkrfdficylzyexnvmumnbbolba/Build/Products/Debug-iphonesimulator/WidgetExtension.swiftmodule/arm64-apple-ios-simulator.swiftmodule

Copy /Users/benjaminfaershtein/Library/Developer/Xcode/DerivedData/FieldHT-bkhkrfdficylzyexnvmumnbbolba/Build/Products/Debug-iphonesimulator/WidgetExtension.swiftmodule/arm64-apple-ios-simulator.swiftdoc /Users/benjaminfaershtein/Library/Developer/Xcode/DerivedData/FieldHT-bkhkrfdficylzyexnvmumnbbolba/Build/Intermediates.noindex/FieldHT.build/Debug-iphonesimulator/WidgetExtension.build/Objects-normal/arm64/WidgetExtension.swiftdoc (in target 'WidgetExtension' from project 'FieldHT')
    cd /Users/benjaminfaershtein/Documents/FieldHT
    builtin-copy -exclude .DS_Store -exclude CVS -exclude .svn -exclude .git -exclude .hg -resolve-src-symlinks -rename /Users/benjaminfaershtein/Library/Developer/Xcode/DerivedData/FieldHT-bkhkrfdficylzyexnvmumnbbolba/Build/Intermediates.noindex/FieldHT.build/Debug-iphonesimulator/WidgetExtension.build/Objects-normal/arm64/WidgetExtension.swiftdoc /Users/benjaminfaershtein/Library/Developer/Xcode/DerivedData/FieldHT-bkhkrfdficylzyexnvmumnbbolba/Build/Products/Debug-iphonesimulator/WidgetExtension.swiftmodule/arm64-apple-ios-simulator.swiftdoc

SwiftDriverJobDiscovery normal arm64 Compiling GeneratedAssetSymbols.swift (in target 'WidgetExtension' from project 'FieldHT')

Copy /Users/benjaminfaershtein/Library/Developer/Xcode/DerivedData/FieldHT-bkhkrfdficylzyexnvmumnbbolba/Build/Products/Debug-iphonesimulator/WidgetExtension.swiftmodule/arm64-apple-ios-simulator.abi.json /Users/benjaminfaershtein/Library/Developer/Xcode/DerivedData/FieldHT-bkhkrfdficylzyexnvmumnbbolba/Build/Intermediates.noindex/FieldHT.build/Debug-iphonesimulator/WidgetExtension.build/Objects-normal/arm64/WidgetExtension.abi.json (in target 'WidgetExtension' from project 'FieldHT')
    cd /Users/benjaminfaershtein/Documents/FieldHT
    builtin-copy -exclude .DS_Store -exclude CVS -exclude .svn -exclude .git -exclude .hg -resolve-src-symlinks -rename /Users/benjaminfaershtein/Library/Developer/Xcode/DerivedData/FieldHT-bkhkrfdficylzyexnvmumnbbolba/Build/Intermediates.noindex/FieldHT.build/Debug-iphonesimulator/WidgetExtension.build/Objects-normal/arm64/WidgetExtension.abi.json /Users/benjaminfaershtein/Library/Developer/Xcode/DerivedData/FieldHT-bkhkrfdficylzyexnvmumnbbolba/Build/Products/Debug-iphonesimulator/WidgetExtension.swiftmodule/arm64-apple-ios-simulator.abi.json

Copy /Users/benjaminfaershtein/Library/Developer/Xcode/DerivedData/FieldHT-bkhkrfdficylzyexnvmumnbbolba/Build/Products/Debug-iphonesimulator/WidgetExtension.swiftmodule/Project/arm64-apple-ios-simulator.swiftsourceinfo /Users/benjaminfaershtein/Library/Developer/Xcode/DerivedData/FieldHT-bkhkrfdficylzyexnvmumnbbolba/Build/Intermediates.noindex/FieldHT.build/Debug-iphonesimulator/WidgetExtension.build/Objects-normal/arm64/WidgetExtension.swiftsourceinfo (in target 'WidgetExtension' from project 'FieldHT')
    cd /Users/benjaminfaershtein/Documents/FieldHT
    builtin-copy -exclude .DS_Store -exclude CVS -exclude .svn -exclude .git -exclude .hg -resolve-src-symlinks -rename /Users/benjaminfaershtein/Library/Developer/Xcode/DerivedData/FieldHT-bkhkrfdficylzyexnvmumnbbolba/Build/Intermediates.noindex/FieldHT.build/Debug-iphonesimulator/WidgetExtension.build/Objects-normal/arm64/WidgetExtension.swiftsourceinfo /Users/benjaminfaershtein/Library/Developer/Xcode/DerivedData/FieldHT-bkhkrfdficylzyexnvmumnbbolba/Build/Products/Debug-iphonesimulator/WidgetExtension.swiftmodule/Project/arm64-apple-ios-simulator.swiftsourceinfo

SwiftDriverJobDiscovery normal arm64 Compiling WidgetControl.swift (in target 'WidgetExtension' from project 'FieldHT')

SwiftDriverJobDiscovery normal arm64 Compiling DeepSDP4.swift, PVCoordinates.swift (in target 'SatelliteKit' from project 'SatelliteKit')

SwiftDriverJobDiscovery normal arm64 Emitting module for SatelliteKit (in target 'SatelliteKit' from project 'SatelliteKit')

SwiftDriver\ Compilation\ Requirements SatelliteKit normal arm64 com.apple.xcode.tools.swift.compiler (in target 'SatelliteKit' from project 'SatelliteKit')
    cd /Users/benjaminfaershtein/Documents/FieldHT/FieldHT.xcodeproj
    builtin-Swift-Compilation-Requirements -- /Applications/Xcode.app/Contents/Developer/Toolchains/XcodeDefault.xctoolchain/usr/bin/swiftc -module-name SatelliteKit -Onone -enforce-exclusivity\=checked @/Users/benjaminfaershtein/Library/Developer/Xcode/DerivedData/FieldHT-bkhkrfdficylzyexnvmumnbbolba/Build/Intermediates.noindex/SatelliteKit.build/Debug-iphonesimulator/SatelliteKit.build/Objects-normal/arm64/SatelliteKit.SwiftFileList -DSWIFT_PACKAGE -DDEBUG -DSWIFT_MODULE_RESOURCE_BUNDLE_UNAVAILABLE -DXcode -plugin-path /Applications/Xcode.app/Contents/Developer/Toolchains/XcodeDefault.xctoolchain/usr/lib/swift/host/plugins/testing -enable-experimental-feature DebugDescriptionMacro -sdk /Applications/Xcode.app/Contents/Developer/Platforms/iPhoneSimulator.platform/Developer/SDKs/iPhoneSimulator26.0.sdk -target arm64-apple-ios12.0-simulator -g -module-cache-path /Users/benjaminfaershtein/Library/Developer/Xcode/DerivedData/ModuleCache.noindex -Xfrontend -serialize-debugging-options -enable-testing -suppress-warnings -index-store-path /Users/benjaminfaershtein/Library/Developer/Xcode/DerivedData/FieldHT-bkhkrfdficylzyexnvmumnbbolba/Index.noindex/DataStore -Xcc -D_LIBCPP_HARDENING_MODE\=_LIBCPP_HARDENING_MODE_DEBUG -swift-version 6 -I /Users/benjaminfaershtein/Library/Developer/Xcode/DerivedData/FieldHT-bkhkrfdficylzyexnvmumnbbolba/Build/Products/Debug-iphonesimulator -Isystem /Applications/Xcode.app/Contents/Developer/Platforms/iPhoneSimulator.platform/Developer/usr/lib -F /Users/benjaminfaershtein/Library/Developer/Xcode/DerivedData/FieldHT-bkhkrfdficylzyexnvmumnbbolba/Build/Products/Debug-iphonesimulator -F /Applications/Xcode.app/Contents/Developer/Platforms/iPhoneSimulator.platform/Developer/Library/Frameworks -F /Applications/Xcode.app/Contents/Developer/Platforms/iPhoneSimulator.platform/Developer/SDKs/iPhoneSimulator26.0.sdk/Developer/Library/Frameworks -c -j10 -enable-batch-mode -incremental -Xcc -ivfsstatcache -Xcc /Users/benjaminfaershtein/Library/Developer/Xcode/DerivedData/SDKStatCaches.noindex/iphonesimulator26.0-23A339-26257891a6c027eb51374368541b8346.sdkstatcache -output-file-map /Users/benjaminfaershtein/Library/Developer/Xcode/DerivedData/FieldHT-bkhkrfdficylzyexnvmumnbbolba/Build/Intermediates.noindex/SatelliteKit.build/Debug-iphonesimulator/SatelliteKit.build/Objects-normal/arm64/SatelliteKit-OutputFileMap.json -use-frontend-parseable-output -save-temps -no-color-diagnostics -explicit-module-build -module-cache-path /Users/benjaminfaershtein/Library/Developer/Xcode/DerivedData/FieldHT-bkhkrfdficylzyexnvmumnbbolba/Build/Intermediates.noindex/SwiftExplicitPrecompiledModules -clang-scanner-module-cache-path /Users/benjaminfaershtein/Library/Developer/Xcode/DerivedData/ModuleCache.noindex -sdk-module-cache-path /Users/benjaminfaershtein/Library/Developer/Xcode/DerivedData/ModuleCache.noindex -serialize-diagnostics -emit-dependencies -emit-module -emit-module-path /Users/benjaminfaershtein/Library/Developer/Xcode/DerivedData/FieldHT-bkhkrfdficylzyexnvmumnbbolba/Build/Intermediates.noindex/SatelliteKit.build/Debug-iphonesimulator/SatelliteKit.build/Objects-normal/arm64/SatelliteKit.swiftmodule -user-module-version 2.1.1 -validate-clang-modules-once -clang-build-session-file /Users/benjaminfaershtein/Library/Developer/Xcode/DerivedData/ModuleCache.noindex/Session.modulevalidation -package-name satellitekit -Xcc -I/Users/benjaminfaershtein/Library/Developer/Xcode/DerivedData/FieldHT-bkhkrfdficylzyexnvmumnbbolba/Build/Intermediates.noindex/SatelliteKit.build/Debug-iphonesimulator/SatelliteKit.build/swift-overrides.hmap -emit-const-values -Xfrontend -const-gather-protocols-file -Xfrontend /Users/benjaminfaershtein/Library/Developer/Xcode/DerivedData/FieldHT-bkhkrfdficylzyexnvmumnbbolba/Build/Intermediates.noindex/SatelliteKit.build/Debug-iphonesimulator/SatelliteKit.build/Objects-normal/arm64/SatelliteKit_const_extract_protocols.json -Xcc -I/Users/benjaminfaershtein/Library/Developer/Xcode/DerivedData/FieldHT-bkhkrfdficylzyexnvmumnbbolba/Build/Products/Debug-iphonesimulator/include -Xcc -I/Users/benjaminfaershtein/Library/Developer/Xcode/DerivedData/FieldHT-bkhkrfdficylzyexnvmumnbbolba/Build/Intermediates.noindex/SatelliteKit.build/Debug-iphonesimulator/SatelliteKit.build/DerivedSources-normal/arm64 -Xcc -I/Users/benjaminfaershtein/Library/Developer/Xcode/DerivedData/FieldHT-bkhkrfdficylzyexnvmumnbbolba/Build/Intermediates.noindex/SatelliteKit.build/Debug-iphonesimulator/SatelliteKit.build/DerivedSources/arm64 -Xcc -I/Users/benjaminfaershtein/Library/Developer/Xcode/DerivedData/FieldHT-bkhkrfdficylzyexnvmumnbbolba/Build/Intermediates.noindex/SatelliteKit.build/Debug-iphonesimulator/SatelliteKit.build/DerivedSources -Xcc -DSWIFT_PACKAGE -Xcc -DDEBUG\=1 -emit-objc-header -emit-objc-header-path /Users/benjaminfaershtein/Library/Developer/Xcode/DerivedData/FieldHT-bkhkrfdficylzyexnvmumnbbolba/Build/Intermediates.noindex/SatelliteKit.build/Debug-iphonesimulator/SatelliteKit.build/Objects-normal/arm64/SatelliteKit-Swift.h -working-directory /Users/benjaminfaershtein/Documents/FieldHT/FieldHT.xcodeproj -experimental-emit-module-separately -disable-cmo

SwiftMergeGeneratedHeaders /Users/benjaminfaershtein/Library/Developer/Xcode/DerivedData/FieldHT-bkhkrfdficylzyexnvmumnbbolba/Build/Intermediates.noindex/GeneratedModuleMaps-iphonesimulator/SatelliteKit-Swift.h /Users/benjaminfaershtein/Library/Developer/Xcode/DerivedData/FieldHT-bkhkrfdficylzyexnvmumnbbolba/Build/Intermediates.noindex/SatelliteKit.build/Debug-iphonesimulator/SatelliteKit.build/Objects-normal/arm64/SatelliteKit-Swift.h (in target 'SatelliteKit' from project 'SatelliteKit')
    cd /Users/benjaminfaershtein/Library/Developer/Xcode/DerivedData/FieldHT-bkhkrfdficylzyexnvmumnbbolba/SourcePackages/checkouts/SatelliteKit
    builtin-swiftHeaderTool -arch arm64 /Users/benjaminfaershtein/Library/Developer/Xcode/DerivedData/FieldHT-bkhkrfdficylzyexnvmumnbbolba/Build/Intermediates.noindex/SatelliteKit.build/Debug-iphonesimulator/SatelliteKit.build/Objects-normal/arm64/SatelliteKit-Swift.h -o /Users/benjaminfaershtein/Library/Developer/Xcode/DerivedData/FieldHT-bkhkrfdficylzyexnvmumnbbolba/Build/Intermediates.noindex/GeneratedModuleMaps-iphonesimulator/SatelliteKit-Swift.h

Copy /Users/benjaminfaershtein/Library/Developer/Xcode/DerivedData/FieldHT-bkhkrfdficylzyexnvmumnbbolba/Build/Products/Debug-iphonesimulator/SatelliteKit.swiftmodule/arm64-apple-ios-simulator.swiftmodule /Users/benjaminfaershtein/Library/Developer/Xcode/DerivedData/FieldHT-bkhkrfdficylzyexnvmumnbbolba/Build/Intermediates.noindex/SatelliteKit.build/Debug-iphonesimulator/SatelliteKit.build/Objects-normal/arm64/SatelliteKit.swiftmodule (in target 'SatelliteKit' from project 'SatelliteKit')
    cd /Users/benjaminfaershtein/Library/Developer/Xcode/DerivedData/FieldHT-bkhkrfdficylzyexnvmumnbbolba/SourcePackages/checkouts/SatelliteKit
    builtin-copy -exclude .DS_Store -exclude CVS -exclude .svn -exclude .git -exclude .hg -resolve-src-symlinks -rename /Users/benjaminfaershtein/Library/Developer/Xcode/DerivedData/FieldHT-bkhkrfdficylzyexnvmumnbbolba/Build/Intermediates.noindex/SatelliteKit.build/Debug-iphonesimulator/SatelliteKit.build/Objects-normal/arm64/SatelliteKit.swiftmodule /Users/benjaminfaershtein/Library/Developer/Xcode/DerivedData/FieldHT-bkhkrfdficylzyexnvmumnbbolba/Build/Products/Debug-iphonesimulator/SatelliteKit.swiftmodule/arm64-apple-ios-simulator.swiftmodule

Copy /Users/benjaminfaershtein/Library/Developer/Xcode/DerivedData/FieldHT-bkhkrfdficylzyexnvmumnbbolba/Build/Products/Debug-iphonesimulator/SatelliteKit.swiftmodule/arm64-apple-ios-simulator.swiftdoc /Users/benjaminfaershtein/Library/Developer/Xcode/DerivedData/FieldHT-bkhkrfdficylzyexnvmumnbbolba/Build/Intermediates.noindex/SatelliteKit.build/Debug-iphonesimulator/SatelliteKit.build/Objects-normal/arm64/SatelliteKit.swiftdoc (in target 'SatelliteKit' from project 'SatelliteKit')
    cd /Users/benjaminfaershtein/Library/Developer/Xcode/DerivedData/FieldHT-bkhkrfdficylzyexnvmumnbbolba/SourcePackages/checkouts/SatelliteKit
    builtin-copy -exclude .DS_Store -exclude CVS -exclude .svn -exclude .git -exclude .hg -resolve-src-symlinks -rename /Users/benjaminfaershtein/Library/Developer/Xcode/DerivedData/FieldHT-bkhkrfdficylzyexnvmumnbbolba/Build/Intermediates.noindex/SatelliteKit.build/Debug-iphonesimulator/SatelliteKit.build/Objects-normal/arm64/SatelliteKit.swiftdoc /Users/benjaminfaershtein/Library/Developer/Xcode/DerivedData/FieldHT-bkhkrfdficylzyexnvmumnbbolba/Build/Products/Debug-iphonesimulator/SatelliteKit.swiftmodule/arm64-apple-ios-simulator.swiftdoc

Copy /Users/benjaminfaershtein/Library/Developer/Xcode/DerivedData/FieldHT-bkhkrfdficylzyexnvmumnbbolba/Build/Products/Debug-iphonesimulator/SatelliteKit.swiftmodule/arm64-apple-ios-simulator.abi.json /Users/benjaminfaershtein/Library/Developer/Xcode/DerivedData/FieldHT-bkhkrfdficylzyexnvmumnbbolba/Build/Intermediates.noindex/SatelliteKit.build/Debug-iphonesimulator/SatelliteKit.build/Objects-normal/arm64/SatelliteKit.abi.json (in target 'SatelliteKit' from project 'SatelliteKit')
    cd /Users/benjaminfaershtein/Library/Developer/Xcode/DerivedData/FieldHT-bkhkrfdficylzyexnvmumnbbolba/SourcePackages/checkouts/SatelliteKit
    builtin-copy -exclude .DS_Store -exclude CVS -exclude .svn -exclude .git -exclude .hg -resolve-src-symlinks -rename /Users/benjaminfaershtein/Library/Developer/Xcode/DerivedData/FieldHT-bkhkrfdficylzyexnvmumnbbolba/Build/Intermediates.noindex/SatelliteKit.build/Debug-iphonesimulator/SatelliteKit.build/Objects-normal/arm64/SatelliteKit.abi.json /Users/benjaminfaershtein/Library/Developer/Xcode/DerivedData/FieldHT-bkhkrfdficylzyexnvmumnbbolba/Build/Products/Debug-iphonesimulator/SatelliteKit.swiftmodule/arm64-apple-ios-simulator.abi.json

Copy /Users/benjaminfaershtein/Library/Developer/Xcode/DerivedData/FieldHT-bkhkrfdficylzyexnvmumnbbolba/Build/Products/Debug-iphonesimulator/SatelliteKit.swiftmodule/Project/arm64-apple-ios-simulator.swiftsourceinfo /Users/benjaminfaershtein/Library/Developer/Xcode/DerivedData/FieldHT-bkhkrfdficylzyexnvmumnbbolba/Build/Intermediates.noindex/SatelliteKit.build/Debug-iphonesimulator/SatelliteKit.build/Objects-normal/arm64/SatelliteKit.swiftsourceinfo (in target 'SatelliteKit' from project 'SatelliteKit')
    cd /Users/benjaminfaershtein/Library/Developer/Xcode/DerivedData/FieldHT-bkhkrfdficylzyexnvmumnbbolba/SourcePackages/checkouts/SatelliteKit
    builtin-copy -exclude .DS_Store -exclude CVS -exclude .svn -exclude .git -exclude .hg -resolve-src-symlinks -rename /Users/benjaminfaershtein/Library/Developer/Xcode/DerivedData/FieldHT-bkhkrfdficylzyexnvmumnbbolba/Build/Intermediates.noindex/SatelliteKit.build/Debug-iphonesimulator/SatelliteKit.build/Objects-normal/arm64/SatelliteKit.swiftsourceinfo /Users/benjaminfaershtein/Library/Developer/Xcode/DerivedData/FieldHT-bkhkrfdficylzyexnvmumnbbolba/Build/Products/Debug-iphonesimulator/SatelliteKit.swiftmodule/Project/arm64-apple-ios-simulator.swiftsourceinfo

ProcessProductPackaging "" /Users/benjaminfaershtein/Library/Developer/Xcode/DerivedData/FieldHT-bkhkrfdficylzyexnvmumnbbolba/Build/Intermediates.noindex/FieldHT.build/Debug-iphonesimulator/FieldHT.build/FieldHT.app-Simulated.xcent (in target 'FieldHT' from project 'FieldHT')
    cd /Users/benjaminfaershtein/Documents/FieldHT
    
    Entitlements:
    
    {
    "application-identifier" = "FRFXFRT624.BenFaer.FieldHT";
}
    
    builtin-productPackagingUtility -entitlements -format xml -o /Users/benjaminfaershtein/Library/Developer/Xcode/DerivedData/FieldHT-bkhkrfdficylzyexnvmumnbbolba/Build/Intermediates.noindex/FieldHT.build/Debug-iphonesimulator/FieldHT.build/FieldHT.app-Simulated.xcent

ProcessProductPackagingDER /Users/benjaminfaershtein/Library/Developer/Xcode/DerivedData/FieldHT-bkhkrfdficylzyexnvmumnbbolba/Build/Intermediates.noindex/FieldHT.build/Debug-iphonesimulator/FieldHT.build/FieldHT.app-Simulated.xcent /Users/benjaminfaershtein/Library/Developer/Xcode/DerivedData/FieldHT-bkhkrfdficylzyexnvmumnbbolba/Build/Intermediates.noindex/FieldHT.build/Debug-iphonesimulator/FieldHT.build/FieldHT.app-Simulated.xcent.der (in target 'FieldHT' from project 'FieldHT')
    cd /Users/benjaminfaershtein/Documents/FieldHT
    /usr/bin/derq query -f xml -i /Users/benjaminfaershtein/Library/Developer/Xcode/DerivedData/FieldHT-bkhkrfdficylzyexnvmumnbbolba/Build/Intermediates.noindex/FieldHT.build/Debug-iphonesimulator/FieldHT.build/FieldHT.app-Simulated.xcent -o /Users/benjaminfaershtein/Library/Developer/Xcode/DerivedData/FieldHT-bkhkrfdficylzyexnvmumnbbolba/Build/Intermediates.noindex/FieldHT.build/Debug-iphonesimulator/FieldHT.build/FieldHT.app-Simulated.xcent.der --raw

GenerateAssetSymbols /Users/benjaminfaershtein/Documents/FieldHT/FieldHT/Assets.xcassets (in target 'FieldHT' from project 'FieldHT')
    cd /Users/benjaminfaershtein/Documents/FieldHT
    /Applications/Xcode.app/Contents/Developer/usr/bin/actool /Users/benjaminfaershtein/Documents/FieldHT/FieldHT/Assets.xcassets --compile /Users/benjaminfaershtein/Library/Developer/Xcode/DerivedData/FieldHT-bkhkrfdficylzyexnvmumnbbolba/Build/Products/Debug-iphonesimulator/FieldHT.app --output-format human-readable-text --notices --warnings --export-dependency-info /Users/benjaminfaershtein/Library/Developer/Xcode/DerivedData/FieldHT-bkhkrfdficylzyexnvmumnbbolba/Build/Intermediates.noindex/FieldHT.build/Debug-iphonesimulator/FieldHT.build/assetcatalog_dependencies --output-partial-info-plist /Users/benjaminfaershtein/Library/Developer/Xcode/DerivedData/FieldHT-bkhkrfdficylzyexnvmumnbbolba/Build/Intermediates.noindex/FieldHT.build/Debug-iphonesimulator/FieldHT.build/assetcatalog_generated_info.plist --app-icon AppIcon --accent-color AccentColor --compress-pngs --enable-on-demand-resources YES --development-region en --target-device iphone --target-device ipad --minimum-deployment-target 26.0 --platform iphonesimulator --bundle-identifier BenFaer.FieldHT --generate-swift-asset-symbols /Users/benjaminfaershtein/Library/Developer/Xcode/DerivedData/FieldHT-bkhkrfdficylzyexnvmumnbbolba/Build/Intermediates.noindex/FieldHT.build/Debug-iphonesimulator/FieldHT.build/DerivedSources/GeneratedAssetSymbols.swift --generate-objc-asset-symbols /Users/benjaminfaershtein/Library/Developer/Xcode/DerivedData/FieldHT-bkhkrfdficylzyexnvmumnbbolba/Build/Intermediates.noindex/FieldHT.build/Debug-iphonesimulator/FieldHT.build/DerivedSources/GeneratedAssetSymbols.h --generate-asset-symbol-index /Users/benjaminfaershtein/Library/Developer/Xcode/DerivedData/FieldHT-bkhkrfdficylzyexnvmumnbbolba/Build/Intermediates.noindex/FieldHT.build/Debug-iphonesimulator/FieldHT.build/DerivedSources/GeneratedAssetSymbols-Index.plist
/* com.apple.actool.compilation-results */
/Users/benjaminfaershtein/Library/Developer/Xcode/DerivedData/FieldHT-bkhkrfdficylzyexnvmumnbbolba/Build/Intermediates.noindex/FieldHT.build/Debug-iphonesimulator/FieldHT.build/DerivedSources/GeneratedAssetSymbols-Index.plist
/Users/benjaminfaershtein/Library/Developer/Xcode/DerivedData/FieldHT-bkhkrfdficylzyexnvmumnbbolba/Build/Intermediates.noindex/FieldHT.build/Debug-iphonesimulator/FieldHT.build/DerivedSources/GeneratedAssetSymbols.h
/Users/benjaminfaershtein/Library/Developer/Xcode/DerivedData/FieldHT-bkhkrfdficylzyexnvmumnbbolba/Build/Intermediates.noindex/FieldHT.build/Debug-iphonesimulator/FieldHT.build/DerivedSources/GeneratedAssetSymbols.swift


MkDir /Users/benjaminfaershtein/Library/Developer/Xcode/DerivedData/FieldHT-bkhkrfdficylzyexnvmumnbbolba/Build/Intermediates.noindex/FieldHT.build/Debug-iphonesimulator/FieldHT.build/assetcatalog_output/unthinned (in target 'FieldHT' from project 'FieldHT')
    cd /Users/benjaminfaershtein/Documents/FieldHT
    /bin/mkdir -p /Users/benjaminfaershtein/Library/Developer/Xcode/DerivedData/FieldHT-bkhkrfdficylzyexnvmumnbbolba/Build/Intermediates.noindex/FieldHT.build/Debug-iphonesimulator/FieldHT.build/assetcatalog_output/unthinned

MkDir /Users/benjaminfaershtein/Library/Developer/Xcode/DerivedData/FieldHT-bkhkrfdficylzyexnvmumnbbolba/Build/Intermediates.noindex/FieldHT.build/Debug-iphonesimulator/FieldHT.build/assetcatalog_output/thinned (in target 'FieldHT' from project 'FieldHT')
    cd /Users/benjaminfaershtein/Documents/FieldHT
    /bin/mkdir -p /Users/benjaminfaershtein/Library/Developer/Xcode/DerivedData/FieldHT-bkhkrfdficylzyexnvmumnbbolba/Build/Intermediates.noindex/FieldHT.build/Debug-iphonesimulator/FieldHT.build/assetcatalog_output/thinned

CompileAssetCatalogVariant thinned /Users/benjaminfaershtein/Library/Developer/Xcode/DerivedData/FieldHT-bkhkrfdficylzyexnvmumnbbolba/Build/Products/Debug-iphonesimulator/FieldHT.app /Users/benjaminfaershtein/Documents/FieldHT/FieldHT/Assets.xcassets (in target 'FieldHT' from project 'FieldHT')
    cd /Users/benjaminfaershtein/Documents/FieldHT
    /Applications/Xcode.app/Contents/Developer/usr/bin/actool /Users/benjaminfaershtein/Documents/FieldHT/FieldHT/Assets.xcassets --compile /Users/benjaminfaershtein/Library/Developer/Xcode/DerivedData/FieldHT-bkhkrfdficylzyexnvmumnbbolba/Build/Intermediates.noindex/FieldHT.build/Debug-iphonesimulator/FieldHT.build/assetcatalog_output/thinned --output-format human-readable-text --notices --warnings --export-dependency-info /Users/benjaminfaershtein/Library/Developer/Xcode/DerivedData/FieldHT-bkhkrfdficylzyexnvmumnbbolba/Build/Intermediates.noindex/FieldHT.build/Debug-iphonesimulator/FieldHT.build/assetcatalog_dependencies_thinned --output-partial-info-plist /Users/benjaminfaershtein/Library/Developer/Xcode/DerivedData/FieldHT-bkhkrfdficylzyexnvmumnbbolba/Build/Intermediates.noindex/FieldHT.build/Debug-iphonesimulator/FieldHT.build/assetcatalog_generated_info.plist_thinned --app-icon AppIcon --accent-color AccentColor --compress-pngs --enable-on-demand-resources YES --filter-for-thinning-device-configuration iPhone17,5 --filter-for-device-os-version 26.0.1 --development-region en --target-device iphone --target-device ipad --minimum-deployment-target 26.0 --platform iphonesimulator
objc[78928]: Class _NoAnimationDelegate is implemented in both /Library/Developer/CoreSimulator/Volumes/iOS_23A8464/Library/Developer/CoreSimulator/Profiles/Runtimes/iOS 26.0.simruntime/Contents/Resources/RuntimeRoot/System/Library/Frameworks/SwiftUICore.framework/SwiftUICore (0x143698130) and /Library/Developer/CoreSimulator/Volumes/iOS_23A8464/Library/Developer/CoreSimulator/Profiles/Runtimes/iOS 26.0.simruntime/Contents/Resources/RuntimeRoot/System/Library/PrivateFrameworks/UIKitCore.framework/UIKitCore (0x140801198). This may cause spurious casting failures and mysterious crashes. One of the duplicates must be removed or renamed.
/* com.apple.actool.compilation-results */
/Users/benjaminfaershtein/Library/Developer/Xcode/DerivedData/FieldHT-bkhkrfdficylzyexnvmumnbbolba/Build/Intermediates.noindex/FieldHT.build/Debug-iphonesimulator/FieldHT.build/assetcatalog_generated_info.plist_thinned
/Users/benjaminfaershtein/Library/Developer/Xcode/DerivedData/FieldHT-bkhkrfdficylzyexnvmumnbbolba/Build/Intermediates.noindex/FieldHT.build/Debug-iphonesimulator/FieldHT.build/assetcatalog_output/thinned/AppIcon60x60@2x.png
/Users/benjaminfaershtein/Library/Developer/Xcode/DerivedData/FieldHT-bkhkrfdficylzyexnvmumnbbolba/Build/Intermediates.noindex/FieldHT.build/Debug-iphonesimulator/FieldHT.build/assetcatalog_output/thinned/AppIcon76x76@2x~ipad.png
/Users/benjaminfaershtein/Library/Developer/Xcode/DerivedData/FieldHT-bkhkrfdficylzyexnvmumnbbolba/Build/Intermediates.noindex/FieldHT.build/Debug-iphonesimulator/FieldHT.build/assetcatalog_output/thinned/Assets.car


SwiftDriverJobDiscovery normal arm64 Compiling SatelliteActivityState.swift (in target 'WidgetExtension' from project 'FieldHT')

SwiftDriverJobDiscovery normal arm64 Compiling SatelliteTrackingAttributes.swift (in target 'WidgetExtension' from project 'FieldHT')

SwiftDriver FieldHT normal arm64 com.apple.xcode.tools.swift.compiler (in target 'FieldHT' from project 'FieldHT')
    cd /Users/benjaminfaershtein/Documents/FieldHT
    builtin-SwiftDriver -- /Applications/Xcode.app/Contents/Developer/Toolchains/XcodeDefault.xctoolchain/usr/bin/swiftc -module-name FieldHT -Onone -enforce-exclusivity\=checked @/Users/benjaminfaershtein/Library/Developer/Xcode/DerivedData/FieldHT-bkhkrfdficylzyexnvmumnbbolba/Build/Intermediates.noindex/FieldHT.build/Debug-iphonesimulator/FieldHT.build/Objects-normal/arm64/FieldHT.SwiftFileList -DDEBUG -default-isolation\=MainActor -enable-bare-slash-regex -enable-upcoming-feature DisableOutwardActorInference -enable-upcoming-feature InferSendableFromCaptures -enable-upcoming-feature GlobalActorIsolatedTypesUsability -enable-upcoming-feature MemberImportVisibility -enable-upcoming-feature InferIsolatedConformances -enable-upcoming-feature NonisolatedNonsendingByDefault -enable-experimental-feature DebugDescriptionMacro -sdk /Applications/Xcode.app/Contents/Developer/Platforms/iPhoneSimulator.platform/Developer/SDKs/iPhoneSimulator26.0.sdk -target arm64-apple-ios26.0-simulator -g -module-cache-path /Users/benjaminfaershtein/Library/Developer/Xcode/DerivedData/ModuleCache.noindex -Xfrontend -serialize-debugging-options -enable-testing -index-store-path /Users/benjaminfaershtein/Library/Developer/Xcode/DerivedData/FieldHT-bkhkrfdficylzyexnvmumnbbolba/Index.noindex/DataStore -Xcc -D_LIBCPP_HARDENING_MODE\=_LIBCPP_HARDENING_MODE_DEBUG -swift-version 5 -I /Users/benjaminfaershtein/Library/Developer/Xcode/DerivedData/FieldHT-bkhkrfdficylzyexnvmumnbbolba/Build/Products/Debug-iphonesimulator -F /Users/benjaminfaershtein/Library/Developer/Xcode/DerivedData/FieldHT-bkhkrfdficylzyexnvmumnbbolba/Build/Products/Debug-iphonesimulator/PackageFrameworks -F /Users/benjaminfaershtein/Library/Developer/Xcode/DerivedData/FieldHT-bkhkrfdficylzyexnvmumnbbolba/Build/Products/Debug-iphonesimulator -emit-localized-strings -emit-localized-strings-path /Users/benjaminfaershtein/Library/Developer/Xcode/DerivedData/FieldHT-bkhkrfdficylzyexnvmumnbbolba/Build/Intermediates.noindex/FieldHT.build/Debug-iphonesimulator/FieldHT.build/Objects-normal/arm64 -c -j10 -enable-batch-mode -incremental -Xcc -ivfsstatcache -Xcc /Users/benjaminfaershtein/Library/Developer/Xcode/DerivedData/SDKStatCaches.noindex/iphonesimulator26.0-23A339-26257891a6c027eb51374368541b8346.sdkstatcache -output-file-map /Users/benjaminfaershtein/Library/Developer/Xcode/DerivedData/FieldHT-bkhkrfdficylzyexnvmumnbbolba/Build/Intermediates.noindex/FieldHT.build/Debug-iphonesimulator/FieldHT.build/Objects-normal/arm64/FieldHT-OutputFileMap.json -use-frontend-parseable-output -save-temps -no-color-diagnostics -explicit-module-build -module-cache-path /Users/benjaminfaershtein/Library/Developer/Xcode/DerivedData/FieldHT-bkhkrfdficylzyexnvmumnbbolba/Build/Intermediates.noindex/SwiftExplicitPrecompiledModules -clang-scanner-module-cache-path /Users/benjaminfaershtein/Library/Developer/Xcode/DerivedData/ModuleCache.noindex -sdk-module-cache-path /Users/benjaminfaershtein/Library/Developer/Xcode/DerivedData/ModuleCache.noindex -serialize-diagnostics -emit-dependencies -emit-module -emit-module-path /Users/benjaminfaershtein/Library/Developer/Xcode/DerivedData/FieldHT-bkhkrfdficylzyexnvmumnbbolba/Build/Intermediates.noindex/FieldHT.build/Debug-iphonesimulator/FieldHT.build/Objects-normal/arm64/FieldHT.swiftmodule -validate-clang-modules-once -clang-build-session-file /Users/benjaminfaershtein/Library/Developer/Xcode/DerivedData/ModuleCache.noindex/Session.modulevalidation -Xcc -I/Users/benjaminfaershtein/Library/Developer/Xcode/DerivedData/FieldHT-bkhkrfdficylzyexnvmumnbbolba/Build/Intermediates.noindex/FieldHT.build/Debug-iphonesimulator/FieldHT.build/swift-overrides.hmap -emit-const-values -Xfrontend -const-gather-protocols-file -Xfrontend /Users/benjaminfaershtein/Library/Developer/Xcode/DerivedData/FieldHT-bkhkrfdficylzyexnvmumnbbolba/Build/Intermediates.noindex/FieldHT.build/Debug-iphonesimulator/FieldHT.build/Objects-normal/arm64/FieldHT_const_extract_protocols.json -Xcc -iquote -Xcc /Users/benjaminfaershtein/Library/Developer/Xcode/DerivedData/FieldHT-bkhkrfdficylzyexnvmumnbbolba/Build/Intermediates.noindex/FieldHT.build/Debug-iphonesimulator/FieldHT.build/FieldHT-generated-files.hmap -Xcc -I/Users/benjaminfaershtein/Library/Developer/Xcode/DerivedData/FieldHT-bkhkrfdficylzyexnvmumnbbolba/Build/Intermediates.noindex/FieldHT.build/Debug-iphonesimulator/FieldHT.build/FieldHT-own-target-headers.hmap -Xcc -I/Users/benjaminfaershtein/Library/Developer/Xcode/DerivedData/FieldHT-bkhkrfdficylzyexnvmumnbbolba/Build/Intermediates.noindex/FieldHT.build/Debug-iphonesimulator/FieldHT.build/FieldHT-all-non-framework-target-headers.hmap -Xcc -ivfsoverlay -Xcc /Users/benjaminfaershtein/Library/Developer/Xcode/DerivedData/FieldHT-bkhkrfdficylzyexnvmumnbbolba/Build/Intermediates.noindex/FieldHT.build/Debug-iphonesimulator/FieldHT-8db3a85ec02ee428a21b172cdb8cc156-VFS-iphonesimulator/all-product-headers.yaml -Xcc -iquote -Xcc /Users/benjaminfaershtein/Library/Developer/Xcode/DerivedData/FieldHT-bkhkrfdficylzyexnvmumnbbolba/Build/Intermediates.noindex/FieldHT.build/Debug-iphonesimulator/FieldHT.build/FieldHT-project-headers.hmap -Xcc -I/Users/benjaminfaershtein/Library/Developer/Xcode/DerivedData/FieldHT-bkhkrfdficylzyexnvmumnbbolba/Build/Products/Debug-iphonesimulator/include -Xcc -I/Users/benjaminfaershtein/Library/Developer/Xcode/DerivedData/FieldHT-bkhkrfdficylzyexnvmumnbbolba/Build/Intermediates.noindex/FieldHT.build/Debug-iphonesimulator/FieldHT.build/DerivedSources-normal/arm64 -Xcc -I/Users/benjaminfaershtein/Library/Developer/Xcode/DerivedData/FieldHT-bkhkrfdficylzyexnvmumnbbolba/Build/Intermediates.noindex/FieldHT.build/Debug-iphonesimulator/FieldHT.build/DerivedSources/arm64 -Xcc -I/Users/benjaminfaershtein/Library/Developer/Xcode/DerivedData/FieldHT-bkhkrfdficylzyexnvmumnbbolba/Build/Intermediates.noindex/FieldHT.build/Debug-iphonesimulator/FieldHT.build/DerivedSources -Xcc -DDEBUG\=1 -emit-objc-header -emit-objc-header-path /Users/benjaminfaershtein/Library/Developer/Xcode/DerivedData/FieldHT-bkhkrfdficylzyexnvmumnbbolba/Build/Intermediates.noindex/FieldHT.build/Debug-iphonesimulator/FieldHT.build/Objects-normal/arm64/FieldHT-Swift.h -working-directory /Users/benjaminfaershtein/Documents/FieldHT -experimental-emit-module-separately -disable-cmo

SwiftDriverJobDiscovery normal arm64 Compiling Widget.swift (in target 'WidgetExtension' from project 'FieldHT')

SwiftDriverJobDiscovery normal arm64 Compiling WidgetLiveActivity.swift (in target 'WidgetExtension' from project 'FieldHT')

SwiftDriver\ Compilation WidgetExtension normal arm64 com.apple.xcode.tools.swift.compiler (in target 'WidgetExtension' from project 'FieldHT')
    cd /Users/benjaminfaershtein/Documents/FieldHT
    builtin-Swift-Compilation -- /Applications/Xcode.app/Contents/Developer/Toolchains/XcodeDefault.xctoolchain/usr/bin/swiftc -module-name WidgetExtension -Onone -enforce-exclusivity\=checked @/Users/benjaminfaershtein/Library/Developer/Xcode/DerivedData/FieldHT-bkhkrfdficylzyexnvmumnbbolba/Build/Intermediates.noindex/FieldHT.build/Debug-iphonesimulator/WidgetExtension.build/Objects-normal/arm64/WidgetExtension.SwiftFileList -DDEBUG -enable-bare-slash-regex -enable-upcoming-feature DisableOutwardActorInference -enable-upcoming-feature InferSendableFromCaptures -enable-upcoming-feature GlobalActorIsolatedTypesUsability -enable-upcoming-feature MemberImportVisibility -enable-upcoming-feature InferIsolatedConformances -enable-upcoming-feature NonisolatedNonsendingByDefault -enable-experimental-feature DebugDescriptionMacro -sdk /Applications/Xcode.app/Contents/Developer/Platforms/iPhoneSimulator.platform/Developer/SDKs/iPhoneSimulator26.0.sdk -target arm64-apple-ios26.0-simulator -g -module-cache-path /Users/benjaminfaershtein/Library/Developer/Xcode/DerivedData/ModuleCache.noindex -Xfrontend -serialize-debugging-options -application-extension -enable-testing -index-store-path /Users/benjaminfaershtein/Library/Developer/Xcode/DerivedData/FieldHT-bkhkrfdficylzyexnvmumnbbolba/Index.noindex/DataStore -Xcc -D_LIBCPP_HARDENING_MODE\=_LIBCPP_HARDENING_MODE_DEBUG -swift-version 5 -I /Users/benjaminfaershtein/Library/Developer/Xcode/DerivedData/FieldHT-bkhkrfdficylzyexnvmumnbbolba/Build/Products/Debug-iphonesimulator -F /Users/benjaminfaershtein/Library/Developer/Xcode/DerivedData/FieldHT-bkhkrfdficylzyexnvmumnbbolba/Build/Products/Debug-iphonesimulator -emit-localized-strings -emit-localized-strings-path /Users/benjaminfaershtein/Library/Developer/Xcode/DerivedData/FieldHT-bkhkrfdficylzyexnvmumnbbolba/Build/Intermediates.noindex/FieldHT.build/Debug-iphonesimulator/WidgetExtension.build/Objects-normal/arm64 -c -j10 -enable-batch-mode -incremental -Xcc -ivfsstatcache -Xcc /Users/benjaminfaershtein/Library/Developer/Xcode/DerivedData/SDKStatCaches.noindex/iphonesimulator26.0-23A339-26257891a6c027eb51374368541b8346.sdkstatcache -output-file-map /Users/benjaminfaershtein/Library/Developer/Xcode/DerivedData/FieldHT-bkhkrfdficylzyexnvmumnbbolba/Build/Intermediates.noindex/FieldHT.build/Debug-iphonesimulator/WidgetExtension.build/Objects-normal/arm64/WidgetExtension-OutputFileMap.json -use-frontend-parseable-output -save-temps -no-color-diagnostics -explicit-module-build -module-cache-path /Users/benjaminfaershtein/Library/Developer/Xcode/DerivedData/FieldHT-bkhkrfdficylzyexnvmumnbbolba/Build/Intermediates.noindex/SwiftExplicitPrecompiledModules -clang-scanner-module-cache-path /Users/benjaminfaershtein/Library/Developer/Xcode/DerivedData/ModuleCache.noindex -sdk-module-cache-path /Users/benjaminfaershtein/Library/Developer/Xcode/DerivedData/ModuleCache.noindex -serialize-diagnostics -emit-dependencies -emit-module -emit-module-path /Users/benjaminfaershtein/Library/Developer/Xcode/DerivedData/FieldHT-bkhkrfdficylzyexnvmumnbbolba/Build/Intermediates.noindex/FieldHT.build/Debug-iphonesimulator/WidgetExtension.build/Objects-normal/arm64/WidgetExtension.swiftmodule -validate-clang-modules-once -clang-build-session-file /Users/benjaminfaershtein/Library/Developer/Xcode/DerivedData/ModuleCache.noindex/Session.modulevalidation -Xcc -I/Users/benjaminfaershtein/Library/Developer/Xcode/DerivedData/FieldHT-bkhkrfdficylzyexnvmumnbbolba/Build/Intermediates.noindex/FieldHT.build/Debug-iphonesimulator/WidgetExtension.build/swift-overrides.hmap -emit-const-values -Xfrontend -const-gather-protocols-file -Xfrontend /Users/benjaminfaershtein/Library/Developer/Xcode/DerivedData/FieldHT-bkhkrfdficylzyexnvmumnbbolba/Build/Intermediates.noindex/FieldHT.build/Debug-iphonesimulator/WidgetExtension.build/Objects-normal/arm64/WidgetExtension_const_extract_protocols.json -Xcc -iquote -Xcc /Users/benjaminfaershtein/Library/Developer/Xcode/DerivedData/FieldHT-bkhkrfdficylzyexnvmumnbbolba/Build/Intermediates.noindex/FieldHT.build/Debug-iphonesimulator/WidgetExtension.build/WidgetExtension-generated-files.hmap -Xcc -I/Users/benjaminfaershtein/Library/Developer/Xcode/DerivedData/FieldHT-bkhkrfdficylzyexnvmumnbbolba/Build/Intermediates.noindex/FieldHT.build/Debug-iphonesimulator/WidgetExtension.build/WidgetExtension-own-target-headers.hmap -Xcc -I/Users/benjaminfaershtein/Library/Developer/Xcode/DerivedData/FieldHT-bkhkrfdficylzyexnvmumnbbolba/Build/Intermediates.noindex/FieldHT.build/Debug-iphonesimulator/WidgetExtension.build/WidgetExtension-all-non-framework-target-headers.hmap -Xcc -ivfsoverlay -Xcc /Users/benjaminfaershtein/Library/Developer/Xcode/DerivedData/FieldHT-bkhkrfdficylzyexnvmumnbbolba/Build/Intermediates.noindex/FieldHT.build/Debug-iphonesimulator/FieldHT-8db3a85ec02ee428a21b172cdb8cc156-VFS-iphonesimulator/all-product-headers.yaml -Xcc -iquote -Xcc /Users/benjaminfaershtein/Library/Developer/Xcode/DerivedData/FieldHT-bkhkrfdficylzyexnvmumnbbolba/Build/Intermediates.noindex/FieldHT.build/Debug-iphonesimulator/WidgetExtension.build/WidgetExtension-project-headers.hmap -Xcc -I/Users/benjaminfaershtein/Library/Developer/Xcode/DerivedData/FieldHT-bkhkrfdficylzyexnvmumnbbolba/Build/Products/Debug-iphonesimulator/include -Xcc -I/Users/benjaminfaershtein/Library/Developer/Xcode/DerivedData/FieldHT-bkhkrfdficylzyexnvmumnbbolba/Build/Intermediates.noindex/FieldHT.build/Debug-iphonesimulator/WidgetExtension.build/DerivedSources-normal/arm64 -Xcc -I/Users/benjaminfaershtein/Library/Developer/Xcode/DerivedData/FieldHT-bkhkrfdficylzyexnvmumnbbolba/Build/Intermediates.noindex/FieldHT.build/Debug-iphonesimulator/WidgetExtension.build/DerivedSources/arm64 -Xcc -I/Users/benjaminfaershtein/Library/Developer/Xcode/DerivedData/FieldHT-bkhkrfdficylzyexnvmumnbbolba/Build/Intermediates.noindex/FieldHT.build/Debug-iphonesimulator/WidgetExtension.build/DerivedSources -Xcc -DDEBUG\=1 -emit-objc-header -emit-objc-header-path /Users/benjaminfaershtein/Library/Developer/Xcode/DerivedData/FieldHT-bkhkrfdficylzyexnvmumnbbolba/Build/Intermediates.noindex/FieldHT.build/Debug-iphonesimulator/WidgetExtension.build/Objects-normal/arm64/WidgetExtension-Swift.h -working-directory /Users/benjaminfaershtein/Documents/FieldHT -experimental-emit-module-separately -disable-cmo

Ld /Users/benjaminfaershtein/Library/Developer/Xcode/DerivedData/FieldHT-bkhkrfdficylzyexnvmumnbbolba/Build/Products/Debug-iphonesimulator/WidgetExtension.appex/WidgetExtension.debug.dylib normal (in target 'WidgetExtension' from project 'FieldHT')
    cd /Users/benjaminfaershtein/Documents/FieldHT
    /Applications/Xcode.app/Contents/Developer/Toolchains/XcodeDefault.xctoolchain/usr/bin/clang -Xlinker -reproducible -target arm64-apple-ios26.0-simulator -dynamiclib -isysroot /Applications/Xcode.app/Contents/Developer/Platforms/iPhoneSimulator.platform/Developer/SDKs/iPhoneSimulator26.0.sdk -O0 -L/Users/benjaminfaershtein/Library/Developer/Xcode/DerivedData/FieldHT-bkhkrfdficylzyexnvmumnbbolba/Build/Intermediates.noindex/EagerLinkingTBDs/Debug-iphonesimulator -L/Users/benjaminfaershtein/Library/Developer/Xcode/DerivedData/FieldHT-bkhkrfdficylzyexnvmumnbbolba/Build/Products/Debug-iphonesimulator -F/Users/benjaminfaershtein/Library/Developer/Xcode/DerivedData/FieldHT-bkhkrfdficylzyexnvmumnbbolba/Build/Intermediates.noindex/EagerLinkingTBDs/Debug-iphonesimulator -F/Users/benjaminfaershtein/Library/Developer/Xcode/DerivedData/FieldHT-bkhkrfdficylzyexnvmumnbbolba/Build/Products/Debug-iphonesimulator -filelist /Users/benjaminfaershtein/Library/Developer/Xcode/DerivedData/FieldHT-bkhkrfdficylzyexnvmumnbbolba/Build/Intermediates.noindex/FieldHT.build/Debug-iphonesimulator/WidgetExtension.build/Objects-normal/arm64/WidgetExtension.LinkFileList -install_name @rpath/WidgetExtension.debug.dylib -Xlinker -rpath -Xlinker @executable_path/Frameworks -Xlinker -rpath -Xlinker @executable_path/../../Frameworks -dead_strip -Xlinker -object_path_lto -Xlinker /Users/benjaminfaershtein/Library/Developer/Xcode/DerivedData/FieldHT-bkhkrfdficylzyexnvmumnbbolba/Build/Intermediates.noindex/FieldHT.build/Debug-iphonesimulator/WidgetExtension.build/Objects-normal/arm64/WidgetExtension_lto.o -rdynamic -Xlinker -no_deduplicate -Xlinker -objc_abi_version -Xlinker 2 -Xlinker -dependency_info -Xlinker /Users/benjaminfaershtein/Library/Developer/Xcode/DerivedData/FieldHT-bkhkrfdficylzyexnvmumnbbolba/Build/Intermediates.noindex/FieldHT.build/Debug-iphonesimulator/WidgetExtension.build/Objects-normal/arm64/WidgetExtension_dependency_info.dat -fapplication-extension -fobjc-link-runtime -L/Applications/Xcode.app/Contents/Developer/Toolchains/XcodeDefault.xctoolchain/usr/lib/swift/iphonesimulator -L/usr/lib/swift -Xlinker -add_ast_path -Xlinker /Users/benjaminfaershtein/Library/Developer/Xcode/DerivedData/FieldHT-bkhkrfdficylzyexnvmumnbbolba/Build/Intermediates.noindex/FieldHT.build/Debug-iphonesimulator/WidgetExtension.build/Objects-normal/arm64/WidgetExtension.swiftmodule @/Users/benjaminfaershtein/Library/Developer/Xcode/DerivedData/FieldHT-bkhkrfdficylzyexnvmumnbbolba/Build/Intermediates.noindex/FieldHT.build/Debug-iphonesimulator/WidgetExtension.build/Objects-normal/arm64/WidgetExtension-linker-args.resp -Xlinker -alias -Xlinker _NSExtensionMain -Xlinker ___debug_main_executable_dylib_entry_point -framework SwiftUI -framework WidgetKit -Xlinker -no_adhoc_codesign -o /Users/benjaminfaershtein/Library/Developer/Xcode/DerivedData/FieldHT-bkhkrfdficylzyexnvmumnbbolba/Build/Products/Debug-iphonesimulator/WidgetExtension.appex/WidgetExtension.debug.dylib

SwiftCompile normal arm64 Compiling\ BasicExample.swift,\ SatelliteActivityState.swift,\ SatelliteLiveActivityManager.swift,\ SatelliteTrackingAttributes.swift,\ APRSSymbol.swift,\ BeaconSettings.swift /Users/benjaminfaershtein/Documents/FieldHT/FieldHT/Examples/BasicExample.swift /Users/benjaminfaershtein/Documents/FieldHT/FieldHT/LiveActivity/SatelliteActivityState.swift /Users/benjaminfaershtein/Documents/FieldHT/FieldHT/LiveActivity/SatelliteLiveActivityManager.swift /Users/benjaminfaershtein/Documents/FieldHT/FieldHT/LiveActivity/SatelliteTrackingAttributes.swift /Users/benjaminfaershtein/Documents/FieldHT/FieldHT/Models/APRSSymbol.swift /Users/benjaminfaershtein/Documents/FieldHT/FieldHT/Models/BeaconSettings.swift (in target 'FieldHT' from project 'FieldHT')

SwiftCompile normal arm64 /Users/benjaminfaershtein/Documents/FieldHT/FieldHT/Examples/BasicExample.swift (in target 'FieldHT' from project 'FieldHT')
    cd /Users/benjaminfaershtein/Documents/FieldHT
    

SwiftCompile normal arm64 /Users/benjaminfaershtein/Documents/FieldHT/FieldHT/LiveActivity/SatelliteActivityState.swift (in target 'FieldHT' from project 'FieldHT')
    cd /Users/benjaminfaershtein/Documents/FieldHT
    

SwiftCompile normal arm64 /Users/benjaminfaershtein/Documents/FieldHT/FieldHT/LiveActivity/SatelliteLiveActivityManager.swift (in target 'FieldHT' from project 'FieldHT')
    cd /Users/benjaminfaershtein/Documents/FieldHT
    

SwiftCompile normal arm64 /Users/benjaminfaershtein/Documents/FieldHT/FieldHT/LiveActivity/SatelliteTrackingAttributes.swift (in target 'FieldHT' from project 'FieldHT')
    cd /Users/benjaminfaershtein/Documents/FieldHT
    

SwiftCompile normal arm64 /Users/benjaminfaershtein/Documents/FieldHT/FieldHT/Models/APRSSymbol.swift (in target 'FieldHT' from project 'FieldHT')
    cd /Users/benjaminfaershtein/Documents/FieldHT
    

SwiftCompile normal arm64 /Users/benjaminfaershtein/Documents/FieldHT/FieldHT/Models/BeaconSettings.swift (in target 'FieldHT' from project 'FieldHT')
    cd /Users/benjaminfaershtein/Documents/FieldHT
    

SwiftEmitModule normal arm64 Emitting\ module\ for\ FieldHT (in target 'FieldHT' from project 'FieldHT')

EmitSwiftModule normal arm64 (in target 'FieldHT' from project 'FieldHT')
    cd /Users/benjaminfaershtein/Documents/FieldHT
    

SwiftCompile normal arm64 Compiling\ ChannelDetailView.swift,\ ChannelListView.swift,\ ChannelSelectionView.swift,\ ConnectView.swift,\ GlobalStatusToolbar.swift,\ MainTabView.swift /Users/benjaminfaershtein/Documents/FieldHT/FieldHT/Views/ChannelDetailView.swift /Users/benjaminfaershtein/Documents/FieldHT/FieldHT/Views/ChannelListView.swift /Users/benjaminfaershtein/Documents/FieldHT/FieldHT/Views/ChannelSelectionView.swift /Users/benjaminfaershtein/Documents/FieldHT/FieldHT/Views/ConnectView.swift /Users/benjaminfaershtein/Documents/FieldHT/FieldHT/Views/GlobalStatusToolbar.swift /Users/benjaminfaershtein/Documents/FieldHT/FieldHT/Views/MainTabView.swift (in target 'FieldHT' from project 'FieldHT')
SwiftCompile normal arm64 /Users/benjaminfaershtein/Documents/FieldHT/FieldHT/Views/ChannelDetailView.swift (in target 'FieldHT' from project 'FieldHT')
    cd /Users/benjaminfaershtein/Documents/FieldHT
    

SwiftCompile normal arm64 /Users/benjaminfaershtein/Documents/FieldHT/FieldHT/Views/ChannelListView.swift (in target 'FieldHT' from project 'FieldHT')
    cd /Users/benjaminfaershtein/Documents/FieldHT
    

SwiftCompile normal arm64 /Users/benjaminfaershtein/Documents/FieldHT/FieldHT/Views/ChannelSelectionView.swift (in target 'FieldHT' from project 'FieldHT')
    cd /Users/benjaminfaershtein/Documents/FieldHT
    

SwiftCompile normal arm64 /Users/benjaminfaershtein/Documents/FieldHT/FieldHT/Views/ConnectView.swift (in target 'FieldHT' from project 'FieldHT')
    cd /Users/benjaminfaershtein/Documents/FieldHT
    

SwiftCompile normal arm64 /Users/benjaminfaershtein/Documents/FieldHT/FieldHT/Views/GlobalStatusToolbar.swift (in target 'FieldHT' from project 'FieldHT')
    cd /Users/benjaminfaershtein/Documents/FieldHT
    

SwiftCompile normal arm64 /Users/benjaminfaershtein/Documents/FieldHT/FieldHT/Views/MainTabView.swift (in target 'FieldHT' from project 'FieldHT')
    cd /Users/benjaminfaershtein/Documents/FieldHT
    

SwiftCompile normal arm64 Compiling\ BLEConnection.swift,\ BLEScanner.swift,\ CommandConnection.swift,\ EventMessage.swift,\ RadioMessage.swift,\ RadioData.swift /Users/benjaminfaershtein/Documents/FieldHT/FieldHT/BLE/BLEConnection.swift /Users/benjaminfaershtein/Documents/FieldHT/FieldHT/BLE/BLEScanner.swift /Users/benjaminfaershtein/Documents/FieldHT/FieldHT/Command/CommandConnection.swift /Users/benjaminfaershtein/Documents/FieldHT/FieldHT/Command/EventMessage.swift /Users/benjaminfaershtein/Documents/FieldHT/FieldHT/Command/RadioMessage.swift /Users/benjaminfaershtein/Documents/FieldHT/FieldHT/Data/RadioData.swift (in target 'FieldHT' from project 'FieldHT')

SwiftCompile normal arm64 /Users/benjaminfaershtein/Documents/FieldHT/FieldHT/BLE/BLEConnection.swift (in target 'FieldHT' from project 'FieldHT')
    cd /Users/benjaminfaershtein/Documents/FieldHT
    

SwiftCompile normal arm64 /Users/benjaminfaershtein/Documents/FieldHT/FieldHT/BLE/BLEScanner.swift (in target 'FieldHT' from project 'FieldHT')
    cd /Users/benjaminfaershtein/Documents/FieldHT
    

SwiftCompile normal arm64 /Users/benjaminfaershtein/Documents/FieldHT/FieldHT/Command/CommandConnection.swift (in target 'FieldHT' from project 'FieldHT')
    cd /Users/benjaminfaershtein/Documents/FieldHT
    

SwiftCompile normal arm64 /Users/benjaminfaershtein/Documents/FieldHT/FieldHT/Command/EventMessage.swift (in target 'FieldHT' from project 'FieldHT')
    cd /Users/benjaminfaershtein/Documents/FieldHT
    

SwiftCompile normal arm64 /Users/benjaminfaershtein/Documents/FieldHT/FieldHT/Command/RadioMessage.swift (in target 'FieldHT' from project 'FieldHT')
    cd /Users/benjaminfaershtein/Documents/FieldHT
    

SwiftCompile normal arm64 /Users/benjaminfaershtein/Documents/FieldHT/FieldHT/Data/RadioData.swift (in target 'FieldHT' from project 'FieldHT')
    cd /Users/benjaminfaershtein/Documents/FieldHT
    

SwiftCompile normal arm64 Compiling\ RadioManager.swift,\ SatelliteTrackingViewModel.swift,\ SettingsViewModel.swift,\ RssiLinearGauge.swift,\ APRSSymbolPicker.swift,\ BeaconSettingsView.swift /Users/benjaminfaershtein/Documents/FieldHT/FieldHT/ViewModels/RadioManager.swift /Users/benjaminfaershtein/Documents/FieldHT/FieldHT/ViewModels/SatelliteTrackingViewModel.swift /Users/benjaminfaershtein/Documents/FieldHT/FieldHT/ViewModels/SettingsViewModel.swift /Users/benjaminfaershtein/Documents/FieldHT/FieldHT/Views/Helpers/RssiLinearGauge.swift /Users/benjaminfaershtein/Documents/FieldHT/FieldHT/Views/APRSSymbolPicker.swift /Users/benjaminfaershtein/Documents/FieldHT/FieldHT/Views/BeaconSettingsView.swift (in target 'FieldHT' from project 'FieldHT')

SwiftCompile normal arm64 /Users/benjaminfaershtein/Documents/FieldHT/FieldHT/ViewModels/RadioManager.swift (in target 'FieldHT' from project 'FieldHT')
    cd /Users/benjaminfaershtein/Documents/FieldHT
    

SwiftCompile normal arm64 /Users/benjaminfaershtein/Documents/FieldHT/FieldHT/ViewModels/SatelliteTrackingViewModel.swift (in target 'FieldHT' from project 'FieldHT')
    cd /Users/benjaminfaershtein/Documents/FieldHT
    

SwiftCompile normal arm64 /Users/benjaminfaershtein/Documents/FieldHT/FieldHT/ViewModels/SettingsViewModel.swift (in target 'FieldHT' from project 'FieldHT')
    cd /Users/benjaminfaershtein/Documents/FieldHT
    

SwiftCompile normal arm64 /Users/benjaminfaershtein/Documents/FieldHT/FieldHT/Views/Helpers/RssiLinearGauge.swift (in target 'FieldHT' from project 'FieldHT')
    cd /Users/benjaminfaershtein/Documents/FieldHT
    

SwiftCompile normal arm64 /Users/benjaminfaershtein/Documents/FieldHT/FieldHT/Views/APRSSymbolPicker.swift (in target 'FieldHT' from project 'FieldHT')
    cd /Users/benjaminfaershtein/Documents/FieldHT
    

SwiftCompile normal arm64 /Users/benjaminfaershtein/Documents/FieldHT/FieldHT/Views/BeaconSettingsView.swift (in target 'FieldHT' from project 'FieldHT')
    cd /Users/benjaminfaershtein/Documents/FieldHT
    

SwiftCompile normal arm64 Compiling\ Status.swift,\ TncDataFragment.swift,\ Bitfield.swift,\ MessageEncoder.swift,\ ProtocolConstants.swift,\ ProtocolDecoder.swift /Users/benjaminfaershtein/Documents/FieldHT/FieldHT/Models/Status.swift /Users/benjaminfaershtein/Documents/FieldHT/FieldHT/Models/TncDataFragment.swift /Users/benjaminfaershtein/Documents/FieldHT/FieldHT/Protocol/Bitfield.swift /Users/benjaminfaershtein/Documents/FieldHT/FieldHT/Protocol/MessageEncoder.swift /Users/benjaminfaershtein/Documents/FieldHT/FieldHT/Protocol/ProtocolConstants.swift /Users/benjaminfaershtein/Documents/FieldHT/FieldHT/Protocol/ProtocolDecoder.swift (in target 'FieldHT' from project 'FieldHT')

SwiftCompile normal arm64 /Users/benjaminfaershtein/Documents/FieldHT/FieldHT/Models/Status.swift (in target 'FieldHT' from project 'FieldHT')
    cd /Users/benjaminfaershtein/Documents/FieldHT
    

SwiftCompile normal arm64 /Users/benjaminfaershtein/Documents/FieldHT/FieldHT/Models/TncDataFragment.swift (in target 'FieldHT' from project 'FieldHT')
    cd /Users/benjaminfaershtein/Documents/FieldHT
    

SwiftCompile normal arm64 /Users/benjaminfaershtein/Documents/FieldHT/FieldHT/Protocol/Bitfield.swift (in target 'FieldHT' from project 'FieldHT')
    cd /Users/benjaminfaershtein/Documents/FieldHT
    

SwiftCompile normal arm64 /Users/benjaminfaershtein/Documents/FieldHT/FieldHT/Protocol/MessageEncoder.swift (in target 'FieldHT' from project 'FieldHT')
    cd /Users/benjaminfaershtein/Documents/FieldHT
    

SwiftCompile normal arm64 /Users/benjaminfaershtein/Documents/FieldHT/FieldHT/Protocol/ProtocolConstants.swift (in target 'FieldHT' from project 'FieldHT')
    cd /Users/benjaminfaershtein/Documents/FieldHT
    

SwiftCompile normal arm64 /Users/benjaminfaershtein/Documents/FieldHT/FieldHT/Protocol/ProtocolDecoder.swift (in target 'FieldHT' from project 'FieldHT')
    cd /Users/benjaminfaershtein/Documents/FieldHT
    

SwiftCompile normal arm64 Compiling\ SettingsView.swift,\ VFOEditSheet.swift,\ FieldHTApp.swift,\ RadioController.swift,\ GeneratedAssetSymbols.swift /Users/benjaminfaershtein/Documents/FieldHT/FieldHT/Views/SettingsView.swift /Users/benjaminfaershtein/Documents/FieldHT/FieldHT/Views/VFOEditSheet.swift /Users/benjaminfaershtein/Documents/FieldHT/FieldHT/FieldHTApp.swift /Users/benjaminfaershtein/Documents/FieldHT/FieldHT/RadioController.swift /Users/benjaminfaershtein/Library/Developer/Xcode/DerivedData/FieldHT-bkhkrfdficylzyexnvmumnbbolba/Build/Intermediates.noindex/FieldHT.build/Debug-iphonesimulator/FieldHT.build/DerivedSources/GeneratedAssetSymbols.swift (in target 'FieldHT' from project 'FieldHT')

SwiftCompile normal arm64 /Users/benjaminfaershtein/Documents/FieldHT/FieldHT/Views/SettingsView.swift (in target 'FieldHT' from project 'FieldHT')
    cd /Users/benjaminfaershtein/Documents/FieldHT
    

SwiftCompile normal arm64 /Users/benjaminfaershtein/Documents/FieldHT/FieldHT/Views/VFOEditSheet.swift (in target 'FieldHT' from project 'FieldHT')
    cd /Users/benjaminfaershtein/Documents/FieldHT
    

SwiftCompile normal arm64 /Users/benjaminfaershtein/Documents/FieldHT/FieldHT/FieldHTApp.swift (in target 'FieldHT' from project 'FieldHT')
    cd /Users/benjaminfaershtein/Documents/FieldHT
    

SwiftCompile normal arm64 /Users/benjaminfaershtein/Documents/FieldHT/FieldHT/RadioController.swift (in target 'FieldHT' from project 'FieldHT')
    cd /Users/benjaminfaershtein/Documents/FieldHT
    

SwiftCompile normal arm64 /Users/benjaminfaershtein/Library/Developer/Xcode/DerivedData/FieldHT-bkhkrfdficylzyexnvmumnbbolba/Build/Intermediates.noindex/FieldHT.build/Debug-iphonesimulator/FieldHT.build/DerivedSources/GeneratedAssetSymbols.swift (in target 'FieldHT' from project 'FieldHT')
    cd /Users/benjaminfaershtein/Documents/FieldHT
    

SwiftCompile normal arm64 Compiling\ SatPassPredictor.swift,\ ToneParser.swift,\ NetworkMonitor.swift,\ NotificationManager.swift,\ RepeaterBookService.swift,\ ChannelViewModel.swift /Users/benjaminfaershtein/Documents/FieldHT/FieldHT/Satellite/SatPassPredictor.swift /Users/benjaminfaershtein/Documents/FieldHT/FieldHT/Satellite/ToneParser.swift /Users/benjaminfaershtein/Documents/FieldHT/FieldHT/Services/NetworkMonitor.swift /Users/benjaminfaershtein/Documents/FieldHT/FieldHT/Services/NotificationManager.swift /Users/benjaminfaershtein/Documents/FieldHT/FieldHT/Services/RepeaterBookService.swift /Users/benjaminfaershtein/Documents/FieldHT/FieldHT/ViewModels/ChannelViewModel.swift (in target 'FieldHT' from project 'FieldHT')

SwiftCompile normal arm64 /Users/benjaminfaershtein/Documents/FieldHT/FieldHT/Satellite/SatPassPredictor.swift (in target 'FieldHT' from project 'FieldHT')
    cd /Users/benjaminfaershtein/Documents/FieldHT
    

SwiftCompile normal arm64 /Users/benjaminfaershtein/Documents/FieldHT/FieldHT/Satellite/ToneParser.swift (in target 'FieldHT' from project 'FieldHT')
    cd /Users/benjaminfaershtein/Documents/FieldHT
    

SwiftCompile normal arm64 /Users/benjaminfaershtein/Documents/FieldHT/FieldHT/Services/NetworkMonitor.swift (in target 'FieldHT' from project 'FieldHT')
    cd /Users/benjaminfaershtein/Documents/FieldHT
    

SwiftCompile normal arm64 /Users/benjaminfaershtein/Documents/FieldHT/FieldHT/Services/NotificationManager.swift (in target 'FieldHT' from project 'FieldHT')
    cd /Users/benjaminfaershtein/Documents/FieldHT
    

SwiftCompile normal arm64 /Users/benjaminfaershtein/Documents/FieldHT/FieldHT/Services/RepeaterBookService.swift (in target 'FieldHT' from project 'FieldHT')
    cd /Users/benjaminfaershtein/Documents/FieldHT
    

SwiftCompile normal arm64 /Users/benjaminfaershtein/Documents/FieldHT/FieldHT/ViewModels/ChannelViewModel.swift (in target 'FieldHT' from project 'FieldHT')
    cd /Users/benjaminfaershtein/Documents/FieldHT
    

SwiftDriverJobDiscovery normal arm64 Compiling Elements.swift (in target 'SatelliteKit' from project 'SatelliteKit')

SwiftDriver\ Compilation SatelliteKit normal arm64 com.apple.xcode.tools.swift.compiler (in target 'SatelliteKit' from project 'SatelliteKit')
    cd /Users/benjaminfaershtein/Documents/FieldHT/FieldHT.xcodeproj
    builtin-Swift-Compilation -- /Applications/Xcode.app/Contents/Developer/Toolchains/XcodeDefault.xctoolchain/usr/bin/swiftc -module-name SatelliteKit -Onone -enforce-exclusivity\=checked @/Users/benjaminfaershtein/Library/Developer/Xcode/DerivedData/FieldHT-bkhkrfdficylzyexnvmumnbbolba/Build/Intermediates.noindex/SatelliteKit.build/Debug-iphonesimulator/SatelliteKit.build/Objects-normal/arm64/SatelliteKit.SwiftFileList -DSWIFT_PACKAGE -DDEBUG -DSWIFT_MODULE_RESOURCE_BUNDLE_UNAVAILABLE -DXcode -plugin-path /Applications/Xcode.app/Contents/Developer/Toolchains/XcodeDefault.xctoolchain/usr/lib/swift/host/plugins/testing -enable-experimental-feature DebugDescriptionMacro -sdk /Applications/Xcode.app/Contents/Developer/Platforms/iPhoneSimulator.platform/Developer/SDKs/iPhoneSimulator26.0.sdk -target arm64-apple-ios12.0-simulator -g -module-cache-path /Users/benjaminfaershtein/Library/Developer/Xcode/DerivedData/ModuleCache.noindex -Xfrontend -serialize-debugging-options -enable-testing -suppress-warnings -index-store-path /Users/benjaminfaershtein/Library/Developer/Xcode/DerivedData/FieldHT-bkhkrfdficylzyexnvmumnbbolba/Index.noindex/DataStore -Xcc -D_LIBCPP_HARDENING_MODE\=_LIBCPP_HARDENING_MODE_DEBUG -swift-version 6 -I /Users/benjaminfaershtein/Library/Developer/Xcode/DerivedData/FieldHT-bkhkrfdficylzyexnvmumnbbolba/Build/Products/Debug-iphonesimulator -Isystem /Applications/Xcode.app/Contents/Developer/Platforms/iPhoneSimulator.platform/Developer/usr/lib -F /Users/benjaminfaershtein/Library/Developer/Xcode/DerivedData/FieldHT-bkhkrfdficylzyexnvmumnbbolba/Build/Products/Debug-iphonesimulator -F /Applications/Xcode.app/Contents/Developer/Platforms/iPhoneSimulator.platform/Developer/Library/Frameworks -F /Applications/Xcode.app/Contents/Developer/Platforms/iPhoneSimulator.platform/Developer/SDKs/iPhoneSimulator26.0.sdk/Developer/Library/Frameworks -c -j10 -enable-batch-mode -incremental -Xcc -ivfsstatcache -Xcc /Users/benjaminfaershtein/Library/Developer/Xcode/DerivedData/SDKStatCaches.noindex/iphonesimulator26.0-23A339-26257891a6c027eb51374368541b8346.sdkstatcache -output-file-map /Users/benjaminfaershtein/Library/Developer/Xcode/DerivedData/FieldHT-bkhkrfdficylzyexnvmumnbbolba/Build/Intermediates.noindex/SatelliteKit.build/Debug-iphonesimulator/SatelliteKit.build/Objects-normal/arm64/SatelliteKit-OutputFileMap.json -use-frontend-parseable-output -save-temps -no-color-diagnostics -explicit-module-build -module-cache-path /Users/benjaminfaershtein/Library/Developer/Xcode/DerivedData/FieldHT-bkhkrfdficylzyexnvmumnbbolba/Build/Intermediates.noindex/SwiftExplicitPrecompiledModules -clang-scanner-module-cache-path /Users/benjaminfaershtein/Library/Developer/Xcode/DerivedData/ModuleCache.noindex -sdk-module-cache-path /Users/benjaminfaershtein/Library/Developer/Xcode/DerivedData/ModuleCache.noindex -serialize-diagnostics -emit-dependencies -emit-module -emit-module-path /Users/benjaminfaershtein/Library/Developer/Xcode/DerivedData/FieldHT-bkhkrfdficylzyexnvmumnbbolba/Build/Intermediates.noindex/SatelliteKit.build/Debug-iphonesimulator/SatelliteKit.build/Objects-normal/arm64/SatelliteKit.swiftmodule -user-module-version 2.1.1 -validate-clang-modules-once -clang-build-session-file /Users/benjaminfaershtein/Library/Developer/Xcode/DerivedData/ModuleCache.noindex/Session.modulevalidation -package-name satellitekit -Xcc -I/Users/benjaminfaershtein/Library/Developer/Xcode/DerivedData/FieldHT-bkhkrfdficylzyexnvmumnbbolba/Build/Intermediates.noindex/SatelliteKit.build/Debug-iphonesimulator/SatelliteKit.build/swift-overrides.hmap -emit-const-values -Xfrontend -const-gather-protocols-file -Xfrontend /Users/benjaminfaershtein/Library/Developer/Xcode/DerivedData/FieldHT-bkhkrfdficylzyexnvmumnbbolba/Build/Intermediates.noindex/SatelliteKit.build/Debug-iphonesimulator/SatelliteKit.build/Objects-normal/arm64/SatelliteKit_const_extract_protocols.json -Xcc -I/Users/benjaminfaershtein/Library/Developer/Xcode/DerivedData/FieldHT-bkhkrfdficylzyexnvmumnbbolba/Build/Products/Debug-iphonesimulator/include -Xcc -I/Users/benjaminfaershtein/Library/Developer/Xcode/DerivedData/FieldHT-bkhkrfdficylzyexnvmumnbbolba/Build/Intermediates.noindex/SatelliteKit.build/Debug-iphonesimulator/SatelliteKit.build/DerivedSources-normal/arm64 -Xcc -I/Users/benjaminfaershtein/Library/Developer/Xcode/DerivedData/FieldHT-bkhkrfdficylzyexnvmumnbbolba/Build/Intermediates.noindex/SatelliteKit.build/Debug-iphonesimulator/SatelliteKit.build/DerivedSources/arm64 -Xcc -I/Users/benjaminfaershtein/Library/Developer/Xcode/DerivedData/FieldHT-bkhkrfdficylzyexnvmumnbbolba/Build/Intermediates.noindex/SatelliteKit.build/Debug-iphonesimulator/SatelliteKit.build/DerivedSources -Xcc -DSWIFT_PACKAGE -Xcc -DDEBUG\=1 -emit-objc-header -emit-objc-header-path /Users/benjaminfaershtein/Library/Developer/Xcode/DerivedData/FieldHT-bkhkrfdficylzyexnvmumnbbolba/Build/Intermediates.noindex/SatelliteKit.build/Debug-iphonesimulator/SatelliteKit.build/Objects-normal/arm64/SatelliteKit-Swift.h -working-directory /Users/benjaminfaershtein/Documents/FieldHT/FieldHT.xcodeproj -experimental-emit-module-separately -disable-cmo

ConstructStubExecutorLinkFileList /Users/benjaminfaershtein/Library/Developer/Xcode/DerivedData/FieldHT-bkhkrfdficylzyexnvmumnbbolba/Build/Intermediates.noindex/FieldHT.build/Debug-iphonesimulator/WidgetExtension.build/WidgetExtension-ExecutorLinkFileList-normal-arm64.txt (in target 'WidgetExtension' from project 'FieldHT')
    cd /Users/benjaminfaershtein/Documents/FieldHT
    construct-stub-executor-link-file-list /Users/benjaminfaershtein/Library/Developer/Xcode/DerivedData/FieldHT-bkhkrfdficylzyexnvmumnbbolba/Build/Products/Debug-iphonesimulator/WidgetExtension.appex/WidgetExtension.debug.dylib /Applications/Xcode.app/Contents/Developer/Platforms/iPhoneSimulator.platform/Developer/usr/lib/libPreviewsJITStubExecutor_no_swift_entry_point.a /Applications/Xcode.app/Contents/Developer/Platforms/iPhoneSimulator.platform/Developer/usr/lib/libPreviewsJITStubExecutor.a --output /Users/benjaminfaershtein/Library/Developer/Xcode/DerivedData/FieldHT-bkhkrfdficylzyexnvmumnbbolba/Build/Intermediates.noindex/FieldHT.build/Debug-iphonesimulator/WidgetExtension.build/WidgetExtension-ExecutorLinkFileList-normal-arm64.txt
note: Using stub executor library with Swift entry point. (in target 'WidgetExtension' from project 'FieldHT')

Ld /Users/benjaminfaershtein/Library/Developer/Xcode/DerivedData/FieldHT-bkhkrfdficylzyexnvmumnbbolba/Build/Products/Debug-iphonesimulator/SatelliteKit.o normal (in target 'SatelliteKit' from project 'SatelliteKit')
    cd /Users/benjaminfaershtein/Library/Developer/Xcode/DerivedData/FieldHT-bkhkrfdficylzyexnvmumnbbolba/SourcePackages/checkouts/SatelliteKit
    /Applications/Xcode.app/Contents/Developer/Toolchains/XcodeDefault.xctoolchain/usr/bin/clang -Xlinker -reproducible -target arm64-apple-ios12.0-simulator -r -isysroot /Applications/Xcode.app/Contents/Developer/Platforms/iPhoneSimulator.platform/Developer/SDKs/iPhoneSimulator26.0.sdk -O0 -w -L/Users/benjaminfaershtein/Library/Developer/Xcode/DerivedData/FieldHT-bkhkrfdficylzyexnvmumnbbolba/Build/Intermediates.noindex/EagerLinkingTBDs/Debug-iphonesimulator -L/Users/benjaminfaershtein/Library/Developer/Xcode/DerivedData/FieldHT-bkhkrfdficylzyexnvmumnbbolba/Build/Products/Debug-iphonesimulator -L/Applications/Xcode.app/Contents/Developer/Platforms/iPhoneSimulator.platform/Developer/usr/lib -F/Users/benjaminfaershtein/Library/Developer/Xcode/DerivedData/FieldHT-bkhkrfdficylzyexnvmumnbbolba/Build/Intermediates.noindex/EagerLinkingTBDs/Debug-iphonesimulator -F/Users/benjaminfaershtein/Library/Developer/Xcode/DerivedData/FieldHT-bkhkrfdficylzyexnvmumnbbolba/Build/Products/Debug-iphonesimulator -iframework /Applications/Xcode.app/Contents/Developer/Platforms/iPhoneSimulator.platform/Developer/Library/Frameworks -iframework /Applications/Xcode.app/Contents/Developer/Platforms/iPhoneSimulator.platform/Developer/SDKs/iPhoneSimulator26.0.sdk/Developer/Library/Frameworks -filelist /Users/benjaminfaershtein/Library/Developer/Xcode/DerivedData/FieldHT-bkhkrfdficylzyexnvmumnbbolba/Build/Intermediates.noindex/SatelliteKit.build/Debug-iphonesimulator/SatelliteKit.build/Objects-normal/arm64/SatelliteKit.LinkFileList -nostdlib -Xlinker -object_path_lto -Xlinker /Users/benjaminfaershtein/Library/Developer/Xcode/DerivedData/FieldHT-bkhkrfdficylzyexnvmumnbbolba/Build/Intermediates.noindex/SatelliteKit.build/Debug-iphonesimulator/SatelliteKit.build/Objects-normal/arm64/SatelliteKit_lto.o -rdynamic -Xlinker -no_deduplicate -Xlinker -objc_abi_version -Xlinker 2 -Xlinker -dependency_info -Xlinker /Users/benjaminfaershtein/Library/Developer/Xcode/DerivedData/FieldHT-bkhkrfdficylzyexnvmumnbbolba/Build/Intermediates.noindex/SatelliteKit.build/Debug-iphonesimulator/SatelliteKit.build/Objects-normal/arm64/SatelliteKit_dependency_info.dat -fobjc-link-runtime -L/Applications/Xcode.app/Contents/Developer/Toolchains/XcodeDefault.xctoolchain/usr/lib/swift/iphonesimulator -L/usr/lib/swift -Xlinker -add_ast_path -Xlinker /Users/benjaminfaershtein/Library/Developer/Xcode/DerivedData/FieldHT-bkhkrfdficylzyexnvmumnbbolba/Build/Intermediates.noindex/SatelliteKit.build/Debug-iphonesimulator/SatelliteKit.build/Objects-normal/arm64/SatelliteKit.swiftmodule @/Users/benjaminfaershtein/Library/Developer/Xcode/DerivedData/FieldHT-bkhkrfdficylzyexnvmumnbbolba/Build/Intermediates.noindex/SatelliteKit.build/Debug-iphonesimulator/SatelliteKit.build/Objects-normal/arm64/SatelliteKit-linker-args.resp -o /Users/benjaminfaershtein/Library/Developer/Xcode/DerivedData/FieldHT-bkhkrfdficylzyexnvmumnbbolba/Build/Products/Debug-iphonesimulator/SatelliteKit.o

Ld /Users/benjaminfaershtein/Library/Developer/Xcode/DerivedData/FieldHT-bkhkrfdficylzyexnvmumnbbolba/Build/Products/Debug-iphonesimulator/WidgetExtension.appex/WidgetExtension normal (in target 'WidgetExtension' from project 'FieldHT')
    cd /Users/benjaminfaershtein/Documents/FieldHT
    /Applications/Xcode.app/Contents/Developer/Toolchains/XcodeDefault.xctoolchain/usr/bin/clang -Xlinker -reproducible -target arm64-apple-ios26.0-simulator -isysroot /Applications/Xcode.app/Contents/Developer/Platforms/iPhoneSimulator.platform/Developer/SDKs/iPhoneSimulator26.0.sdk -O0 -L/Users/benjaminfaershtein/Library/Developer/Xcode/DerivedData/FieldHT-bkhkrfdficylzyexnvmumnbbolba/Build/Products/Debug-iphonesimulator -F/Users/benjaminfaershtein/Library/Developer/Xcode/DerivedData/FieldHT-bkhkrfdficylzyexnvmumnbbolba/Build/Products/Debug-iphonesimulator -Xlinker -rpath -Xlinker @executable_path -Xlinker -rpath -Xlinker @executable_path/Frameworks -Xlinker -rpath -Xlinker @executable_path/../../Frameworks -rdynamic -Xlinker -no_deduplicate -Xlinker -objc_abi_version -Xlinker 2 -e ___debug_blank_executor_main -Xlinker -sectcreate -Xlinker __TEXT -Xlinker __debug_dylib -Xlinker /Users/benjaminfaershtein/Library/Developer/Xcode/DerivedData/FieldHT-bkhkrfdficylzyexnvmumnbbolba/Build/Intermediates.noindex/FieldHT.build/Debug-iphonesimulator/WidgetExtension.build/WidgetExtension-DebugDylibPath-normal-arm64.txt -Xlinker -sectcreate -Xlinker __TEXT -Xlinker __debug_entry -Xlinker /Users/benjaminfaershtein/Library/Developer/Xcode/DerivedData/FieldHT-bkhkrfdficylzyexnvmumnbbolba/Build/Intermediates.noindex/FieldHT.build/Debug-iphonesimulator/WidgetExtension.build/WidgetExtension-DebugEntryPoint-normal-arm64.txt -Xlinker -sectcreate -Xlinker __TEXT -Xlinker __debug_instlnm -Xlinker /Users/benjaminfaershtein/Library/Developer/Xcode/DerivedData/FieldHT-bkhkrfdficylzyexnvmumnbbolba/Build/Intermediates.noindex/FieldHT.build/Debug-iphonesimulator/WidgetExtension.build/WidgetExtension-DebugDylibInstallName-normal-arm64.txt -Xlinker -filelist -Xlinker /Users/benjaminfaershtein/Library/Developer/Xcode/DerivedData/FieldHT-bkhkrfdficylzyexnvmumnbbolba/Build/Intermediates.noindex/FieldHT.build/Debug-iphonesimulator/WidgetExtension.build/WidgetExtension-ExecutorLinkFileList-normal-arm64.txt -Xlinker -sectcreate -Xlinker __TEXT -Xlinker __entitlements -Xlinker /Users/benjaminfaershtein/Library/Developer/Xcode/DerivedData/FieldHT-bkhkrfdficylzyexnvmumnbbolba/Build/Intermediates.noindex/FieldHT.build/Debug-iphonesimulator/WidgetExtension.build/WidgetExtension.appex-Simulated.xcent -Xlinker -sectcreate -Xlinker __TEXT -Xlinker __ents_der -Xlinker /Users/benjaminfaershtein/Library/Developer/Xcode/DerivedData/FieldHT-bkhkrfdficylzyexnvmumnbbolba/Build/Intermediates.noindex/FieldHT.build/Debug-iphonesimulator/WidgetExtension.build/WidgetExtension.appex-Simulated.xcent.der /Users/benjaminfaershtein/Library/Developer/Xcode/DerivedData/FieldHT-bkhkrfdficylzyexnvmumnbbolba/Build/Products/Debug-iphonesimulator/WidgetExtension.appex/WidgetExtension.debug.dylib -Xlinker -no_adhoc_codesign -o /Users/benjaminfaershtein/Library/Developer/Xcode/DerivedData/FieldHT-bkhkrfdficylzyexnvmumnbbolba/Build/Products/Debug-iphonesimulator/WidgetExtension.appex/WidgetExtension

SwiftCompile normal arm64 Compiling\ ProtocolEncoder.swift,\ Doppler.swift,\ OfflineTLE.swift,\ SatFrequencyOption.swift,\ SatNogDBClient.swift,\ SatNogDBModels.swift /Users/benjaminfaershtein/Documents/FieldHT/FieldHT/Protocol/ProtocolEncoder.swift /Users/benjaminfaershtein/Documents/FieldHT/FieldHT/Satellite/Doppler.swift /Users/benjaminfaershtein/Documents/FieldHT/FieldHT/Satellite/OfflineTLE.swift /Users/benjaminfaershtein/Documents/FieldHT/FieldHT/Satellite/SatFrequencyOption.swift /Users/benjaminfaershtein/Documents/FieldHT/FieldHT/Satellite/SatNogDBClient.swift /Users/benjaminfaershtein/Documents/FieldHT/FieldHT/Satellite/SatNogDBModels.swift (in target 'FieldHT' from project 'FieldHT')

SwiftCompile normal arm64 /Users/benjaminfaershtein/Documents/FieldHT/FieldHT/Protocol/ProtocolEncoder.swift (in target 'FieldHT' from project 'FieldHT')
    cd /Users/benjaminfaershtein/Documents/FieldHT
    

SwiftCompile normal arm64 /Users/benjaminfaershtein/Documents/FieldHT/FieldHT/Satellite/Doppler.swift (in target 'FieldHT' from project 'FieldHT')
    cd /Users/benjaminfaershtein/Documents/FieldHT
    

SwiftCompile normal arm64 /Users/benjaminfaershtein/Documents/FieldHT/FieldHT/Satellite/OfflineTLE.swift (in target 'FieldHT' from project 'FieldHT')
    cd /Users/benjaminfaershtein/Documents/FieldHT
    

SwiftCompile normal arm64 /Users/benjaminfaershtein/Documents/FieldHT/FieldHT/Satellite/SatFrequencyOption.swift (in target 'FieldHT' from project 'FieldHT')
    cd /Users/benjaminfaershtein/Documents/FieldHT
    

SwiftCompile normal arm64 /Users/benjaminfaershtein/Documents/FieldHT/FieldHT/Satellite/SatNogDBClient.swift (in target 'FieldHT' from project 'FieldHT')
    cd /Users/benjaminfaershtein/Documents/FieldHT
    

SwiftCompile normal arm64 /Users/benjaminfaershtein/Documents/FieldHT/FieldHT/Satellite/SatNogDBModels.swift (in target 'FieldHT' from project 'FieldHT')
    cd /Users/benjaminfaershtein/Documents/FieldHT
    

SwiftDriverJobDiscovery normal arm64 Compiling BasicExample.swift, SatelliteActivityState.swift, SatelliteLiveActivityManager.swift, SatelliteTrackingAttributes.swift, APRSSymbol.swift, BeaconSettings.swift (in target 'FieldHT' from project 'FieldHT')

SwiftCompile normal arm64 Compiling\ PFSettingsView.swift,\ RadioControlView.swift,\ RegionManagementView.swift,\ SatelliteSearchView.swift,\ SatelliteTrackingView.swift /Users/benjaminfaershtein/Documents/FieldHT/FieldHT/Views/PFSettingsView.swift /Users/benjaminfaershtein/Documents/FieldHT/FieldHT/Views/RadioControlView.swift /Users/benjaminfaershtein/Documents/FieldHT/FieldHT/Views/RegionManagementView.swift /Users/benjaminfaershtein/Documents/FieldHT/FieldHT/Views/SatelliteSearchView.swift /Users/benjaminfaershtein/Documents/FieldHT/FieldHT/Views/SatelliteTrackingView.swift (in target 'FieldHT' from project 'FieldHT')

SwiftCompile normal arm64 /Users/benjaminfaershtein/Documents/FieldHT/FieldHT/Views/PFSettingsView.swift (in target 'FieldHT' from project 'FieldHT')
    cd /Users/benjaminfaershtein/Documents/FieldHT
    

SwiftCompile normal arm64 /Users/benjaminfaershtein/Documents/FieldHT/FieldHT/Views/RadioControlView.swift (in target 'FieldHT' from project 'FieldHT')
    cd /Users/benjaminfaershtein/Documents/FieldHT
    

SwiftCompile normal arm64 /Users/benjaminfaershtein/Documents/FieldHT/FieldHT/Views/RegionManagementView.swift (in target 'FieldHT' from project 'FieldHT')
    cd /Users/benjaminfaershtein/Documents/FieldHT
    

SwiftCompile normal arm64 /Users/benjaminfaershtein/Documents/FieldHT/FieldHT/Views/SatelliteSearchView.swift (in target 'FieldHT' from project 'FieldHT')
    cd /Users/benjaminfaershtein/Documents/FieldHT
    

SwiftCompile normal arm64 /Users/benjaminfaershtein/Documents/FieldHT/FieldHT/Views/SatelliteTrackingView.swift (in target 'FieldHT' from project 'FieldHT')
    cd /Users/benjaminfaershtein/Documents/FieldHT
    

Ld /Users/benjaminfaershtein/Library/Developer/Xcode/DerivedData/FieldHT-bkhkrfdficylzyexnvmumnbbolba/Build/Products/Debug-iphonesimulator/FieldHT.app/__preview.dylib normal (in target 'FieldHT' from project 'FieldHT')
    cd /Users/benjaminfaershtein/Documents/FieldHT
    /Applications/Xcode.app/Contents/Developer/Toolchains/XcodeDefault.xctoolchain/usr/bin/clang -Xlinker -reproducible -target arm64-apple-ios26.0-simulator -dynamiclib -isysroot /Applications/Xcode.app/Contents/Developer/Platforms/iPhoneSimulator.platform/Developer/SDKs/iPhoneSimulator26.0.sdk -O0 -L/Users/benjaminfaershtein/Library/Developer/Xcode/DerivedData/FieldHT-bkhkrfdficylzyexnvmumnbbolba/Build/Products/Debug-iphonesimulator -F/Users/benjaminfaershtein/Library/Developer/Xcode/DerivedData/FieldHT-bkhkrfdficylzyexnvmumnbbolba/Build/Products/Debug-iphonesimulator/PackageFrameworks -F/Users/benjaminfaershtein/Library/Developer/Xcode/DerivedData/FieldHT-bkhkrfdficylzyexnvmumnbbolba/Build/Products/Debug-iphonesimulator -install_name @rpath/FieldHT.debug.dylib -dead_strip -rdynamic -Xlinker -no_deduplicate -Xlinker -objc_abi_version -Xlinker 2 -Xlinker -dependency_info -Xlinker /Users/benjaminfaershtein/Library/Developer/Xcode/DerivedData/FieldHT-bkhkrfdficylzyexnvmumnbbolba/Build/Intermediates.noindex/FieldHT.build/Debug-iphonesimulator/FieldHT.build/Objects-normal/arm64/FieldHT_dependency_info.dat -Xlinker -sectcreate -Xlinker __TEXT -Xlinker __entitlements -Xlinker /Users/benjaminfaershtein/Library/Developer/Xcode/DerivedData/FieldHT-bkhkrfdficylzyexnvmumnbbolba/Build/Intermediates.noindex/FieldHT.build/Debug-iphonesimulator/FieldHT.build/FieldHT.app-Simulated.xcent -Xlinker -sectcreate -Xlinker __TEXT -Xlinker __ents_der -Xlinker /Users/benjaminfaershtein/Library/Developer/Xcode/DerivedData/FieldHT-bkhkrfdficylzyexnvmumnbbolba/Build/Intermediates.noindex/FieldHT.build/Debug-iphonesimulator/FieldHT.build/FieldHT.app-Simulated.xcent.der -Xlinker -no_adhoc_codesign -o /Users/benjaminfaershtein/Library/Developer/Xcode/DerivedData/FieldHT-bkhkrfdficylzyexnvmumnbbolba/Build/Products/Debug-iphonesimulator/FieldHT.app/__preview.dylib

SwiftDriverJobDiscovery normal arm64 Compiling Status.swift, TncDataFragment.swift, Bitfield.swift, MessageEncoder.swift, ProtocolConstants.swift, ProtocolDecoder.swift (in target 'FieldHT' from project 'FieldHT')

SwiftCompile normal arm64 Compiling\ Channel.swift,\ DeviceInfo.swift,\ PF.swift,\ Position.swift,\ RadioState.swift,\ Settings.swift /Users/benjaminfaershtein/Documents/FieldHT/FieldHT/Models/Channel.swift /Users/benjaminfaershtein/Documents/FieldHT/FieldHT/Models/DeviceInfo.swift /Users/benjaminfaershtein/Documents/FieldHT/FieldHT/Models/PF.swift /Users/benjaminfaershtein/Documents/FieldHT/FieldHT/Models/Position.swift /Users/benjaminfaershtein/Documents/FieldHT/FieldHT/Models/RadioState.swift /Users/benjaminfaershtein/Documents/FieldHT/FieldHT/Models/Settings.swift (in target 'FieldHT' from project 'FieldHT')

SwiftCompile normal arm64 /Users/benjaminfaershtein/Documents/FieldHT/FieldHT/Models/Channel.swift (in target 'FieldHT' from project 'FieldHT')
    cd /Users/benjaminfaershtein/Documents/FieldHT
    

SwiftCompile normal arm64 /Users/benjaminfaershtein/Documents/FieldHT/FieldHT/Models/DeviceInfo.swift (in target 'FieldHT' from project 'FieldHT')
    cd /Users/benjaminfaershtein/Documents/FieldHT
    

SwiftCompile normal arm64 /Users/benjaminfaershtein/Documents/FieldHT/FieldHT/Models/PF.swift (in target 'FieldHT' from project 'FieldHT')
    cd /Users/benjaminfaershtein/Documents/FieldHT
    

SwiftCompile normal arm64 /Users/benjaminfaershtein/Documents/FieldHT/FieldHT/Models/Position.swift (in target 'FieldHT' from project 'FieldHT')
    cd /Users/benjaminfaershtein/Documents/FieldHT
    

SwiftCompile normal arm64 /Users/benjaminfaershtein/Documents/FieldHT/FieldHT/Models/RadioState.swift (in target 'FieldHT' from project 'FieldHT')
    cd /Users/benjaminfaershtein/Documents/FieldHT
    

SwiftCompile normal arm64 /Users/benjaminfaershtein/Documents/FieldHT/FieldHT/Models/Settings.swift (in target 'FieldHT' from project 'FieldHT')
    cd /Users/benjaminfaershtein/Documents/FieldHT
    

SwiftDriverJobDiscovery normal arm64 Emitting module for FieldHT (in target 'FieldHT' from project 'FieldHT')

SwiftDriver\ Compilation\ Requirements FieldHT normal arm64 com.apple.xcode.tools.swift.compiler (in target 'FieldHT' from project 'FieldHT')
    cd /Users/benjaminfaershtein/Documents/FieldHT
    builtin-Swift-Compilation-Requirements -- /Applications/Xcode.app/Contents/Developer/Toolchains/XcodeDefault.xctoolchain/usr/bin/swiftc -module-name FieldHT -Onone -enforce-exclusivity\=checked @/Users/benjaminfaershtein/Library/Developer/Xcode/DerivedData/FieldHT-bkhkrfdficylzyexnvmumnbbolba/Build/Intermediates.noindex/FieldHT.build/Debug-iphonesimulator/FieldHT.build/Objects-normal/arm64/FieldHT.SwiftFileList -DDEBUG -default-isolation\=MainActor -enable-bare-slash-regex -enable-upcoming-feature DisableOutwardActorInference -enable-upcoming-feature InferSendableFromCaptures -enable-upcoming-feature GlobalActorIsolatedTypesUsability -enable-upcoming-feature MemberImportVisibility -enable-upcoming-feature InferIsolatedConformances -enable-upcoming-feature NonisolatedNonsendingByDefault -enable-experimental-feature DebugDescriptionMacro -sdk /Applications/Xcode.app/Contents/Developer/Platforms/iPhoneSimulator.platform/Developer/SDKs/iPhoneSimulator26.0.sdk -target arm64-apple-ios26.0-simulator -g -module-cache-path /Users/benjaminfaershtein/Library/Developer/Xcode/DerivedData/ModuleCache.noindex -Xfrontend -serialize-debugging-options -enable-testing -index-store-path /Users/benjaminfaershtein/Library/Developer/Xcode/DerivedData/FieldHT-bkhkrfdficylzyexnvmumnbbolba/Index.noindex/DataStore -Xcc -D_LIBCPP_HARDENING_MODE\=_LIBCPP_HARDENING_MODE_DEBUG -swift-version 5 -I /Users/benjaminfaershtein/Library/Developer/Xcode/DerivedData/FieldHT-bkhkrfdficylzyexnvmumnbbolba/Build/Products/Debug-iphonesimulator -F /Users/benjaminfaershtein/Library/Developer/Xcode/DerivedData/FieldHT-bkhkrfdficylzyexnvmumnbbolba/Build/Products/Debug-iphonesimulator/PackageFrameworks -F /Users/benjaminfaershtein/Library/Developer/Xcode/DerivedData/FieldHT-bkhkrfdficylzyexnvmumnbbolba/Build/Products/Debug-iphonesimulator -emit-localized-strings -emit-localized-strings-path /Users/benjaminfaershtein/Library/Developer/Xcode/DerivedData/FieldHT-bkhkrfdficylzyexnvmumnbbolba/Build/Intermediates.noindex/FieldHT.build/Debug-iphonesimulator/FieldHT.build/Objects-normal/arm64 -c -j10 -enable-batch-mode -incremental -Xcc -ivfsstatcache -Xcc /Users/benjaminfaershtein/Library/Developer/Xcode/DerivedData/SDKStatCaches.noindex/iphonesimulator26.0-23A339-26257891a6c027eb51374368541b8346.sdkstatcache -output-file-map /Users/benjaminfaershtein/Library/Developer/Xcode/DerivedData/FieldHT-bkhkrfdficylzyexnvmumnbbolba/Build/Intermediates.noindex/FieldHT.build/Debug-iphonesimulator/FieldHT.build/Objects-normal/arm64/FieldHT-OutputFileMap.json -use-frontend-parseable-output -save-temps -no-color-diagnostics -explicit-module-build -module-cache-path /Users/benjaminfaershtein/Library/Developer/Xcode/DerivedData/FieldHT-bkhkrfdficylzyexnvmumnbbolba/Build/Intermediates.noindex/SwiftExplicitPrecompiledModules -clang-scanner-module-cache-path /Users/benjaminfaershtein/Library/Developer/Xcode/DerivedData/ModuleCache.noindex -sdk-module-cache-path /Users/benjaminfaershtein/Library/Developer/Xcode/DerivedData/ModuleCache.noindex -serialize-diagnostics -emit-dependencies -emit-module -emit-module-path /Users/benjaminfaershtein/Library/Developer/Xcode/DerivedData/FieldHT-bkhkrfdficylzyexnvmumnbbolba/Build/Intermediates.noindex/FieldHT.build/Debug-iphonesimulator/FieldHT.build/Objects-normal/arm64/FieldHT.swiftmodule -validate-clang-modules-once -clang-build-session-file /Users/benjaminfaershtein/Library/Developer/Xcode/DerivedData/ModuleCache.noindex/Session.modulevalidation -Xcc -I/Users/benjaminfaershtein/Library/Developer/Xcode/DerivedData/FieldHT-bkhkrfdficylzyexnvmumnbbolba/Build/Intermediates.noindex/FieldHT.build/Debug-iphonesimulator/FieldHT.build/swift-overrides.hmap -emit-const-values -Xfrontend -const-gather-protocols-file -Xfrontend /Users/benjaminfaershtein/Library/Developer/Xcode/DerivedData/FieldHT-bkhkrfdficylzyexnvmumnbbolba/Build/Intermediates.noindex/FieldHT.build/Debug-iphonesimulator/FieldHT.build/Objects-normal/arm64/FieldHT_const_extract_protocols.json -Xcc -iquote -Xcc /Users/benjaminfaershtein/Library/Developer/Xcode/DerivedData/FieldHT-bkhkrfdficylzyexnvmumnbbolba/Build/Intermediates.noindex/FieldHT.build/Debug-iphonesimulator/FieldHT.build/FieldHT-generated-files.hmap -Xcc -I/Users/benjaminfaershtein/Library/Developer/Xcode/DerivedData/FieldHT-bkhkrfdficylzyexnvmumnbbolba/Build/Intermediates.noindex/FieldHT.build/Debug-iphonesimulator/FieldHT.build/FieldHT-own-target-headers.hmap -Xcc -I/Users/benjaminfaershtein/Library/Developer/Xcode/DerivedData/FieldHT-bkhkrfdficylzyexnvmumnbbolba/Build/Intermediates.noindex/FieldHT.build/Debug-iphonesimulator/FieldHT.build/FieldHT-all-non-framework-target-headers.hmap -Xcc -ivfsoverlay -Xcc /Users/benjaminfaershtein/Library/Developer/Xcode/DerivedData/FieldHT-bkhkrfdficylzyexnvmumnbbolba/Build/Intermediates.noindex/FieldHT.build/Debug-iphonesimulator/FieldHT-8db3a85ec02ee428a21b172cdb8cc156-VFS-iphonesimulator/all-product-headers.yaml -Xcc -iquote -Xcc /Users/benjaminfaershtein/Library/Developer/Xcode/DerivedData/FieldHT-bkhkrfdficylzyexnvmumnbbolba/Build/Intermediates.noindex/FieldHT.build/Debug-iphonesimulator/FieldHT.build/FieldHT-project-headers.hmap -Xcc -I/Users/benjaminfaershtein/Library/Developer/Xcode/DerivedData/FieldHT-bkhkrfdficylzyexnvmumnbbolba/Build/Products/Debug-iphonesimulator/include -Xcc -I/Users/benjaminfaershtein/Library/Developer/Xcode/DerivedData/FieldHT-bkhkrfdficylzyexnvmumnbbolba/Build/Intermediates.noindex/FieldHT.build/Debug-iphonesimulator/FieldHT.build/DerivedSources-normal/arm64 -Xcc -I/Users/benjaminfaershtein/Library/Developer/Xcode/DerivedData/FieldHT-bkhkrfdficylzyexnvmumnbbolba/Build/Intermediates.noindex/FieldHT.build/Debug-iphonesimulator/FieldHT.build/DerivedSources/arm64 -Xcc -I/Users/benjaminfaershtein/Library/Developer/Xcode/DerivedData/FieldHT-bkhkrfdficylzyexnvmumnbbolba/Build/Intermediates.noindex/FieldHT.build/Debug-iphonesimulator/FieldHT.build/DerivedSources -Xcc -DDEBUG\=1 -emit-objc-header -emit-objc-header-path /Users/benjaminfaershtein/Library/Developer/Xcode/DerivedData/FieldHT-bkhkrfdficylzyexnvmumnbbolba/Build/Intermediates.noindex/FieldHT.build/Debug-iphonesimulator/FieldHT.build/Objects-normal/arm64/FieldHT-Swift.h -working-directory /Users/benjaminfaershtein/Documents/FieldHT -experimental-emit-module-separately -disable-cmo

ExtractAppIntentsMetadata (in target 'WidgetExtension' from project 'FieldHT')
    cd /Users/benjaminfaershtein/Documents/FieldHT
    /Applications/Xcode.app/Contents/Developer/Toolchains/XcodeDefault.xctoolchain/usr/bin/appintentsmetadataprocessor --toolchain-dir /Applications/Xcode.app/Contents/Developer/Toolchains/XcodeDefault.xctoolchain --module-name WidgetExtension --sdk-root /Applications/Xcode.app/Contents/Developer/Platforms/iPhoneSimulator.platform/Developer/SDKs/iPhoneSimulator26.0.sdk --xcode-version 17A400 --platform-family iOS --deployment-target 26.0 --bundle-identifier BenFaer.FieldHT.Widget --output /Users/benjaminfaershtein/Library/Developer/Xcode/DerivedData/FieldHT-bkhkrfdficylzyexnvmumnbbolba/Build/Products/Debug-iphonesimulator/WidgetExtension.appex --target-triple arm64-apple-ios26.0-simulator --binary-file /Users/benjaminfaershtein/Library/Developer/Xcode/DerivedData/FieldHT-bkhkrfdficylzyexnvmumnbbolba/Build/Products/Debug-iphonesimulator/WidgetExtension.appex/WidgetExtension --dependency-file /Users/benjaminfaershtein/Library/Developer/Xcode/DerivedData/FieldHT-bkhkrfdficylzyexnvmumnbbolba/Build/Intermediates.noindex/FieldHT.build/Debug-iphonesimulator/WidgetExtension.build/Objects-normal/arm64/WidgetExtension_dependency_info.dat --stringsdata-file /Users/benjaminfaershtein/Library/Developer/Xcode/DerivedData/FieldHT-bkhkrfdficylzyexnvmumnbbolba/Build/Intermediates.noindex/FieldHT.build/Debug-iphonesimulator/WidgetExtension.build/Objects-normal/arm64/ExtractedAppShortcutsMetadata.stringsdata --source-file-list /Users/benjaminfaershtein/Library/Developer/Xcode/DerivedData/FieldHT-bkhkrfdficylzyexnvmumnbbolba/Build/Intermediates.noindex/FieldHT.build/Debug-iphonesimulator/WidgetExtension.build/Objects-normal/arm64/WidgetExtension.SwiftFileList --metadata-file-list /Users/benjaminfaershtein/Library/Developer/Xcode/DerivedData/FieldHT-bkhkrfdficylzyexnvmumnbbolba/Build/Intermediates.noindex/FieldHT.build/Debug-iphonesimulator/WidgetExtension.build/WidgetExtension.DependencyMetadataFileList --static-metadata-file-list /Users/benjaminfaershtein/Library/Developer/Xcode/DerivedData/FieldHT-bkhkrfdficylzyexnvmumnbbolba/Build/Intermediates.noindex/FieldHT.build/Debug-iphonesimulator/WidgetExtension.build/WidgetExtension.DependencyStaticMetadataFileList --swift-const-vals-list /Users/benjaminfaershtein/Library/Developer/Xcode/DerivedData/FieldHT-bkhkrfdficylzyexnvmumnbbolba/Build/Intermediates.noindex/FieldHT.build/Debug-iphonesimulator/WidgetExtension.build/Objects-normal/arm64/WidgetExtension.SwiftConstValuesFileList --compile-time-extraction --deployment-aware-processing --validate-assistant-intents --no-app-shortcuts-localization
2026-03-31 17:47:36.333 appintentsmetadataprocessor[78963:6309554] Starting appintentsmetadataprocessor export
2026-03-31 17:47:36.478 appintentsmetadataprocessor[78963:6309554] Writing Metadata.appintents
2026-03-31 17:47:36.478 appintentsmetadataprocessor[78963:6309554] Metadata root: /Users/benjaminfaershtein/Library/Developer/Xcode/DerivedData/FieldHT-bkhkrfdficylzyexnvmumnbbolba/Build/Products/Debug-iphonesimulator/WidgetExtension.appex/Metadata.appintents

SwiftMergeGeneratedHeaders /Users/benjaminfaershtein/Library/Developer/Xcode/DerivedData/FieldHT-bkhkrfdficylzyexnvmumnbbolba/Build/Intermediates.noindex/FieldHT.build/Debug-iphonesimulator/FieldHT.build/DerivedSources/FieldHT-Swift.h /Users/benjaminfaershtein/Library/Developer/Xcode/DerivedData/FieldHT-bkhkrfdficylzyexnvmumnbbolba/Build/Intermediates.noindex/FieldHT.build/Debug-iphonesimulator/FieldHT.build/Objects-normal/arm64/FieldHT-Swift.h (in target 'FieldHT' from project 'FieldHT')
    cd /Users/benjaminfaershtein/Documents/FieldHT
    builtin-swiftHeaderTool -arch arm64 /Users/benjaminfaershtein/Library/Developer/Xcode/DerivedData/FieldHT-bkhkrfdficylzyexnvmumnbbolba/Build/Intermediates.noindex/FieldHT.build/Debug-iphonesimulator/FieldHT.build/Objects-normal/arm64/FieldHT-Swift.h -o /Users/benjaminfaershtein/Library/Developer/Xcode/DerivedData/FieldHT-bkhkrfdficylzyexnvmumnbbolba/Build/Intermediates.noindex/FieldHT.build/Debug-iphonesimulator/FieldHT.build/DerivedSources/FieldHT-Swift.h

SwiftDriverJobDiscovery normal arm64 Compiling SatPassPredictor.swift, ToneParser.swift, NetworkMonitor.swift, NotificationManager.swift, RepeaterBookService.swift, ChannelViewModel.swift (in target 'FieldHT' from project 'FieldHT')

Copy /Users/benjaminfaershtein/Library/Developer/Xcode/DerivedData/FieldHT-bkhkrfdficylzyexnvmumnbbolba/Build/Products/Debug-iphonesimulator/FieldHT.swiftmodule/arm64-apple-ios-simulator.swiftmodule /Users/benjaminfaershtein/Library/Developer/Xcode/DerivedData/FieldHT-bkhkrfdficylzyexnvmumnbbolba/Build/Intermediates.noindex/FieldHT.build/Debug-iphonesimulator/FieldHT.build/Objects-normal/arm64/FieldHT.swiftmodule (in target 'FieldHT' from project 'FieldHT')
    cd /Users/benjaminfaershtein/Documents/FieldHT
    builtin-copy -exclude .DS_Store -exclude CVS -exclude .svn -exclude .git -exclude .hg -resolve-src-symlinks -rename /Users/benjaminfaershtein/Library/Developer/Xcode/DerivedData/FieldHT-bkhkrfdficylzyexnvmumnbbolba/Build/Intermediates.noindex/FieldHT.build/Debug-iphonesimulator/FieldHT.build/Objects-normal/arm64/FieldHT.swiftmodule /Users/benjaminfaershtein/Library/Developer/Xcode/DerivedData/FieldHT-bkhkrfdficylzyexnvmumnbbolba/Build/Products/Debug-iphonesimulator/FieldHT.swiftmodule/arm64-apple-ios-simulator.swiftmodule

Copy /Users/benjaminfaershtein/Library/Developer/Xcode/DerivedData/FieldHT-bkhkrfdficylzyexnvmumnbbolba/Build/Products/Debug-iphonesimulator/FieldHT.swiftmodule/arm64-apple-ios-simulator.swiftdoc /Users/benjaminfaershtein/Library/Developer/Xcode/DerivedData/FieldHT-bkhkrfdficylzyexnvmumnbbolba/Build/Intermediates.noindex/FieldHT.build/Debug-iphonesimulator/FieldHT.build/Objects-normal/arm64/FieldHT.swiftdoc (in target 'FieldHT' from project 'FieldHT')
    cd /Users/benjaminfaershtein/Documents/FieldHT
    builtin-copy -exclude .DS_Store -exclude CVS -exclude .svn -exclude .git -exclude .hg -resolve-src-symlinks -rename /Users/benjaminfaershtein/Library/Developer/Xcode/DerivedData/FieldHT-bkhkrfdficylzyexnvmumnbbolba/Build/Intermediates.noindex/FieldHT.build/Debug-iphonesimulator/FieldHT.build/Objects-normal/arm64/FieldHT.swiftdoc /Users/benjaminfaershtein/Library/Developer/Xcode/DerivedData/FieldHT-bkhkrfdficylzyexnvmumnbbolba/Build/Products/Debug-iphonesimulator/FieldHT.swiftmodule/arm64-apple-ios-simulator.swiftdoc

Copy /Users/benjaminfaershtein/Library/Developer/Xcode/DerivedData/FieldHT-bkhkrfdficylzyexnvmumnbbolba/Build/Products/Debug-iphonesimulator/FieldHT.swiftmodule/arm64-apple-ios-simulator.abi.json /Users/benjaminfaershtein/Library/Developer/Xcode/DerivedData/FieldHT-bkhkrfdficylzyexnvmumnbbolba/Build/Intermediates.noindex/FieldHT.build/Debug-iphonesimulator/FieldHT.build/Objects-normal/arm64/FieldHT.abi.json (in target 'FieldHT' from project 'FieldHT')
    cd /Users/benjaminfaershtein/Documents/FieldHT
    builtin-copy -exclude .DS_Store -exclude CVS -exclude .svn -exclude .git -exclude .hg -resolve-src-symlinks -rename /Users/benjaminfaershtein/Library/Developer/Xcode/DerivedData/FieldHT-bkhkrfdficylzyexnvmumnbbolba/Build/Intermediates.noindex/FieldHT.build/Debug-iphonesimulator/FieldHT.build/Objects-normal/arm64/FieldHT.abi.json /Users/benjaminfaershtein/Library/Developer/Xcode/DerivedData/FieldHT-bkhkrfdficylzyexnvmumnbbolba/Build/Products/Debug-iphonesimulator/FieldHT.swiftmodule/arm64-apple-ios-simulator.abi.json

Copy /Users/benjaminfaershtein/Library/Developer/Xcode/DerivedData/FieldHT-bkhkrfdficylzyexnvmumnbbolba/Build/Products/Debug-iphonesimulator/FieldHT.swiftmodule/Project/arm64-apple-ios-simulator.swiftsourceinfo /Users/benjaminfaershtein/Library/Developer/Xcode/DerivedData/FieldHT-bkhkrfdficylzyexnvmumnbbolba/Build/Intermediates.noindex/FieldHT.build/Debug-iphonesimulator/FieldHT.build/Objects-normal/arm64/FieldHT.swiftsourceinfo (in target 'FieldHT' from project 'FieldHT')
    cd /Users/benjaminfaershtein/Documents/FieldHT
    builtin-copy -exclude .DS_Store -exclude CVS -exclude .svn -exclude .git -exclude .hg -resolve-src-symlinks -rename /Users/benjaminfaershtein/Library/Developer/Xcode/DerivedData/FieldHT-bkhkrfdficylzyexnvmumnbbolba/Build/Intermediates.noindex/FieldHT.build/Debug-iphonesimulator/FieldHT.build/Objects-normal/arm64/FieldHT.swiftsourceinfo /Users/benjaminfaershtein/Library/Developer/Xcode/DerivedData/FieldHT-bkhkrfdficylzyexnvmumnbbolba/Build/Products/Debug-iphonesimulator/FieldHT.swiftmodule/Project/arm64-apple-ios-simulator.swiftsourceinfo

AppIntentsSSUTraining (in target 'WidgetExtension' from project 'FieldHT')
    cd /Users/benjaminfaershtein/Documents/FieldHT
    /Applications/Xcode.app/Contents/Developer/Toolchains/XcodeDefault.xctoolchain/usr/bin/appintentsnltrainingprocessor --infoplist-path /Users/benjaminfaershtein/Library/Developer/Xcode/DerivedData/FieldHT-bkhkrfdficylzyexnvmumnbbolba/Build/Products/Debug-iphonesimulator/WidgetExtension.appex/Info.plist --temp-dir-path /Users/benjaminfaershtein/Library/Developer/Xcode/DerivedData/FieldHT-bkhkrfdficylzyexnvmumnbbolba/Build/Intermediates.noindex/FieldHT.build/Debug-iphonesimulator/WidgetExtension.build/ssu --bundle-id BenFaer.FieldHT.Widget --product-path /Users/benjaminfaershtein/Library/Developer/Xcode/DerivedData/FieldHT-bkhkrfdficylzyexnvmumnbbolba/Build/Products/Debug-iphonesimulator/WidgetExtension.appex --extracted-metadata-path /Users/benjaminfaershtein/Library/Developer/Xcode/DerivedData/FieldHT-bkhkrfdficylzyexnvmumnbbolba/Build/Products/Debug-iphonesimulator/WidgetExtension.appex/Metadata.appintents --metadata-file-list /Users/benjaminfaershtein/Library/Developer/Xcode/DerivedData/FieldHT-bkhkrfdficylzyexnvmumnbbolba/Build/Intermediates.noindex/FieldHT.build/Debug-iphonesimulator/WidgetExtension.build/WidgetExtension.DependencyMetadataFileList --archive-ssu-assets
2026-03-31 17:47:36.521 appintentsnltrainingprocessor[78964:6309569] Parsing options for appintentsnltrainingprocessor
2026-03-31 17:47:36.523 appintentsnltrainingprocessor[78964:6309569] Starting AppIntents SSU YAML Generation
2026-03-31 17:47:36.534 appintentsnltrainingprocessor[78964:6309569] No AppShortcuts found - Skipping.

ExtractAppIntentsMetadata (in target 'SatelliteKit' from project 'SatelliteKit')
    cd /Users/benjaminfaershtein/Library/Developer/Xcode/DerivedData/FieldHT-bkhkrfdficylzyexnvmumnbbolba/SourcePackages/checkouts/SatelliteKit
    /Applications/Xcode.app/Contents/Developer/Toolchains/XcodeDefault.xctoolchain/usr/bin/appintentsmetadataprocessor --toolchain-dir /Applications/Xcode.app/Contents/Developer/Toolchains/XcodeDefault.xctoolchain --module-name SatelliteKit --sdk-root /Applications/Xcode.app/Contents/Developer/Platforms/iPhoneSimulator.platform/Developer/SDKs/iPhoneSimulator26.0.sdk --xcode-version 17A400 --platform-family iOS --deployment-target 12.0 --bundle-identifier satellitekit.SatelliteKit --output /Users/benjaminfaershtein/Library/Developer/Xcode/DerivedData/FieldHT-bkhkrfdficylzyexnvmumnbbolba/Build/Products/Debug-iphonesimulator/SatelliteKit.appintents --target-triple arm64-apple-ios12.0-simulator --binary-file /Users/benjaminfaershtein/Library/Developer/Xcode/DerivedData/FieldHT-bkhkrfdficylzyexnvmumnbbolba/Build/Products/Debug-iphonesimulator/SatelliteKit.o --dependency-file /Users/benjaminfaershtein/Library/Developer/Xcode/DerivedData/FieldHT-bkhkrfdficylzyexnvmumnbbolba/Build/Intermediates.noindex/SatelliteKit.build/Debug-iphonesimulator/SatelliteKit.build/Objects-normal/arm64/SatelliteKit_dependency_info.dat --stringsdata-file /Users/benjaminfaershtein/Library/Developer/Xcode/DerivedData/FieldHT-bkhkrfdficylzyexnvmumnbbolba/Build/Intermediates.noindex/SatelliteKit.build/Debug-iphonesimulator/SatelliteKit.build/Objects-normal/arm64/ExtractedAppShortcutsMetadata.stringsdata --source-file-list /Users/benjaminfaershtein/Library/Developer/Xcode/DerivedData/FieldHT-bkhkrfdficylzyexnvmumnbbolba/Build/Intermediates.noindex/SatelliteKit.build/Debug-iphonesimulator/SatelliteKit.build/Objects-normal/arm64/SatelliteKit.SwiftFileList --metadata-file-list /Users/benjaminfaershtein/Library/Developer/Xcode/DerivedData/FieldHT-bkhkrfdficylzyexnvmumnbbolba/Build/Intermediates.noindex/SatelliteKit.build/Debug-iphonesimulator/SatelliteKit.build/SatelliteKit.DependencyMetadataFileList --static-metadata-file-list /Users/benjaminfaershtein/Library/Developer/Xcode/DerivedData/FieldHT-bkhkrfdficylzyexnvmumnbbolba/Build/Intermediates.noindex/SatelliteKit.build/Debug-iphonesimulator/SatelliteKit.build/SatelliteKit.DependencyStaticMetadataFileList --swift-const-vals-list /Users/benjaminfaershtein/Library/Developer/Xcode/DerivedData/FieldHT-bkhkrfdficylzyexnvmumnbbolba/Build/Intermediates.noindex/SatelliteKit.build/Debug-iphonesimulator/SatelliteKit.build/Objects-normal/arm64/SatelliteKit.SwiftConstValuesFileList --force --compile-time-extraction --deployment-aware-processing --validate-assistant-intents --no-app-shortcuts-localization
2026-03-31 17:47:36.527 appintentsmetadataprocessor[78965:6309572] Starting appintentsmetadataprocessor export
2026-03-31 17:47:36.645 appintentsmetadataprocessor[78965:6309572] Extracted no relevant App Intents symbols, skipping writing output

LinkAssetCatalog /Users/benjaminfaershtein/Documents/FieldHT/FieldHT/Assets.xcassets (in target 'FieldHT' from project 'FieldHT')
    cd /Users/benjaminfaershtein/Documents/FieldHT
    builtin-linkAssetCatalog --thinned /Users/benjaminfaershtein/Library/Developer/Xcode/DerivedData/FieldHT-bkhkrfdficylzyexnvmumnbbolba/Build/Intermediates.noindex/FieldHT.build/Debug-iphonesimulator/FieldHT.build/assetcatalog_output/thinned --thinned-dependencies /Users/benjaminfaershtein/Library/Developer/Xcode/DerivedData/FieldHT-bkhkrfdficylzyexnvmumnbbolba/Build/Intermediates.noindex/FieldHT.build/Debug-iphonesimulator/FieldHT.build/assetcatalog_dependencies_thinned --thinned-info-plist-content /Users/benjaminfaershtein/Library/Developer/Xcode/DerivedData/FieldHT-bkhkrfdficylzyexnvmumnbbolba/Build/Intermediates.noindex/FieldHT.build/Debug-iphonesimulator/FieldHT.build/assetcatalog_generated_info.plist_thinned --unthinned /Users/benjaminfaershtein/Library/Developer/Xcode/DerivedData/FieldHT-bkhkrfdficylzyexnvmumnbbolba/Build/Intermediates.noindex/FieldHT.build/Debug-iphonesimulator/FieldHT.build/assetcatalog_output/unthinned --unthinned-dependencies /Users/benjaminfaershtein/Library/Developer/Xcode/DerivedData/FieldHT-bkhkrfdficylzyexnvmumnbbolba/Build/Intermediates.noindex/FieldHT.build/Debug-iphonesimulator/FieldHT.build/assetcatalog_dependencies_unthinned --unthinned-info-plist-content /Users/benjaminfaershtein/Library/Developer/Xcode/DerivedData/FieldHT-bkhkrfdficylzyexnvmumnbbolba/Build/Intermediates.noindex/FieldHT.build/Debug-iphonesimulator/FieldHT.build/assetcatalog_generated_info.plist_unthinned --output /Users/benjaminfaershtein/Library/Developer/Xcode/DerivedData/FieldHT-bkhkrfdficylzyexnvmumnbbolba/Build/Products/Debug-iphonesimulator/FieldHT.app --plist-output /Users/benjaminfaershtein/Library/Developer/Xcode/DerivedData/FieldHT-bkhkrfdficylzyexnvmumnbbolba/Build/Intermediates.noindex/FieldHT.build/Debug-iphonesimulator/FieldHT.build/assetcatalog_generated_info.plist
note: Emplaced /Users/benjaminfaershtein/Library/Developer/Xcode/DerivedData/FieldHT-bkhkrfdficylzyexnvmumnbbolba/Build/Products/Debug-iphonesimulator/FieldHT.app/AppIcon60x60@2x.png (in target 'FieldHT' from project 'FieldHT')
note: Emplaced /Users/benjaminfaershtein/Library/Developer/Xcode/DerivedData/FieldHT-bkhkrfdficylzyexnvmumnbbolba/Build/Products/Debug-iphonesimulator/FieldHT.app/Assets.car (in target 'FieldHT' from project 'FieldHT')
note: Emplaced /Users/benjaminfaershtein/Library/Developer/Xcode/DerivedData/FieldHT-bkhkrfdficylzyexnvmumnbbolba/Build/Products/Debug-iphonesimulator/FieldHT.app/AppIcon76x76@2x~ipad.png (in target 'FieldHT' from project 'FieldHT')

CodeSign /Users/benjaminfaershtein/Library/Developer/Xcode/DerivedData/FieldHT-bkhkrfdficylzyexnvmumnbbolba/Build/Products/Debug-iphonesimulator/WidgetExtension.appex/WidgetExtension.debug.dylib (in target 'WidgetExtension' from project 'FieldHT')
    cd /Users/benjaminfaershtein/Documents/FieldHT
    
    Signing Identity:     "Sign to Run Locally"
    
    /usr/bin/codesign --force --sign - --timestamp\=none --generate-entitlement-der /Users/benjaminfaershtein/Library/Developer/Xcode/DerivedData/FieldHT-bkhkrfdficylzyexnvmumnbbolba/Build/Products/Debug-iphonesimulator/WidgetExtension.appex/WidgetExtension.debug.dylib

CodeSign /Users/benjaminfaershtein/Library/Developer/Xcode/DerivedData/FieldHT-bkhkrfdficylzyexnvmumnbbolba/Build/Products/Debug-iphonesimulator/WidgetExtension.appex/__preview.dylib (in target 'WidgetExtension' from project 'FieldHT')
    cd /Users/benjaminfaershtein/Documents/FieldHT
    
    Signing Identity:     "Sign to Run Locally"
    
    /usr/bin/codesign --force --sign - --timestamp\=none --generate-entitlement-der /Users/benjaminfaershtein/Library/Developer/Xcode/DerivedData/FieldHT-bkhkrfdficylzyexnvmumnbbolba/Build/Products/Debug-iphonesimulator/WidgetExtension.appex/__preview.dylib

CodeSign /Users/benjaminfaershtein/Library/Developer/Xcode/DerivedData/FieldHT-bkhkrfdficylzyexnvmumnbbolba/Build/Products/Debug-iphonesimulator/WidgetExtension.appex (in target 'WidgetExtension' from project 'FieldHT')
    cd /Users/benjaminfaershtein/Documents/FieldHT
    
    Signing Identity:     "Sign to Run Locally"
    
    /usr/bin/codesign --force --sign - --timestamp\=none --generate-entitlement-der /Users/benjaminfaershtein/Library/Developer/Xcode/DerivedData/FieldHT-bkhkrfdficylzyexnvmumnbbolba/Build/Products/Debug-iphonesimulator/WidgetExtension.appex

RegisterExecutionPolicyException /Users/benjaminfaershtein/Library/Developer/Xcode/DerivedData/FieldHT-bkhkrfdficylzyexnvmumnbbolba/Build/Products/Debug-iphonesimulator/WidgetExtension.appex (in target 'WidgetExtension' from project 'FieldHT')
    cd /Users/benjaminfaershtein/Documents/FieldHT
    builtin-RegisterExecutionPolicyException /Users/benjaminfaershtein/Library/Developer/Xcode/DerivedData/FieldHT-bkhkrfdficylzyexnvmumnbbolba/Build/Products/Debug-iphonesimulator/WidgetExtension.appex

RegisterExecutionPolicyException /Users/benjaminfaershtein/Library/Developer/Xcode/DerivedData/FieldHT-bkhkrfdficylzyexnvmumnbbolba/Build/Products/Debug-iphonesimulator/SatelliteKit.o (in target 'SatelliteKit' from project 'SatelliteKit')
    cd /Users/benjaminfaershtein/Library/Developer/Xcode/DerivedData/FieldHT-bkhkrfdficylzyexnvmumnbbolba/SourcePackages/checkouts/SatelliteKit
    builtin-RegisterExecutionPolicyException /Users/benjaminfaershtein/Library/Developer/Xcode/DerivedData/FieldHT-bkhkrfdficylzyexnvmumnbbolba/Build/Products/Debug-iphonesimulator/SatelliteKit.o

Touch /Users/benjaminfaershtein/Library/Developer/Xcode/DerivedData/FieldHT-bkhkrfdficylzyexnvmumnbbolba/Build/Products/Debug-iphonesimulator/WidgetExtension.appex (in target 'WidgetExtension' from project 'FieldHT')
    cd /Users/benjaminfaershtein/Documents/FieldHT
    /usr/bin/touch -c /Users/benjaminfaershtein/Library/Developer/Xcode/DerivedData/FieldHT-bkhkrfdficylzyexnvmumnbbolba/Build/Products/Debug-iphonesimulator/WidgetExtension.appex

CpResource /Users/benjaminfaershtein/Library/Developer/Xcode/DerivedData/FieldHT-bkhkrfdficylzyexnvmumnbbolba/Build/Products/Debug-iphonesimulator/FieldHT.app/README.md /Users/benjaminfaershtein/Documents/FieldHT/FieldHT/Protocol/README.md (in target 'FieldHT' from project 'FieldHT')
    cd /Users/benjaminfaershtein/Documents/FieldHT
    builtin-copy -exclude .DS_Store -exclude CVS -exclude .svn -exclude .git -exclude .hg -resolve-src-symlinks /Users/benjaminfaershtein/Documents/FieldHT/FieldHT/Protocol/README.md /Users/benjaminfaershtein/Library/Developer/Xcode/DerivedData/FieldHT-bkhkrfdficylzyexnvmumnbbolba/Build/Products/Debug-iphonesimulator/FieldHT.app

CopyPNGFile /Users/benjaminfaershtein/Library/Developer/Xcode/DerivedData/FieldHT-bkhkrfdficylzyexnvmumnbbolba/Build/Products/Debug-iphonesimulator/FieldHT.app/wildcards.png /Users/benjaminfaershtein/Documents/FieldHT/FieldHT/Resources/APRSSymbols/wildcards.png (in target 'FieldHT' from project 'FieldHT')
    cd /Users/benjaminfaershtein/Documents/FieldHT
    /Applications/Xcode.app/Contents/Developer/usr/bin/copypng -compress -strip-PNG-text /Users/benjaminfaershtein/Documents/FieldHT/FieldHT/Resources/APRSSymbols/wildcards.png /Users/benjaminfaershtein/Library/Developer/Xcode/DerivedData/FieldHT-bkhkrfdficylzyexnvmumnbbolba/Build/Products/Debug-iphonesimulator/FieldHT.app/wildcards.png

CopyPNGFile /Users/benjaminfaershtein/Library/Developer/Xcode/DerivedData/FieldHT-bkhkrfdficylzyexnvmumnbbolba/Build/Products/Debug-iphonesimulator/FieldHT.app/SZ.png /Users/benjaminfaershtein/Documents/FieldHT/FieldHT/Resources/APRSSymbols/SZ.png (in target 'FieldHT' from project 'FieldHT')
    cd /Users/benjaminfaershtein/Documents/FieldHT
    /Applications/Xcode.app/Contents/Developer/usr/bin/copypng -compress -strip-PNG-text /Users/benjaminfaershtein/Documents/FieldHT/FieldHT/Resources/APRSSymbols/SZ.png /Users/benjaminfaershtein/Library/Developer/Xcode/DerivedData/FieldHT-bkhkrfdficylzyexnvmumnbbolba/Build/Products/Debug-iphonesimulator/FieldHT.app/SZ.png

CopyPNGFile /Users/benjaminfaershtein/Library/Developer/Xcode/DerivedData/FieldHT-bkhkrfdficylzyexnvmumnbbolba/Build/Products/Debug-iphonesimulator/FieldHT.app/SY.png /Users/benjaminfaershtein/Documents/FieldHT/FieldHT/Resources/APRSSymbols/SY.png (in target 'FieldHT' from project 'FieldHT')
    cd /Users/benjaminfaershtein/Documents/FieldHT
    /Applications/Xcode.app/Contents/Developer/usr/bin/copypng -compress -strip-PNG-text /Users/benjaminfaershtein/Documents/FieldHT/FieldHT/Resources/APRSSymbols/SY.png /Users/benjaminfaershtein/Library/Developer/Xcode/DerivedData/FieldHT-bkhkrfdficylzyexnvmumnbbolba/Build/Products/Debug-iphonesimulator/FieldHT.app/SY.png

CopyPNGFile /Users/benjaminfaershtein/Library/Developer/Xcode/DerivedData/FieldHT-bkhkrfdficylzyexnvmumnbbolba/Build/Products/Debug-iphonesimulator/FieldHT.app/SW.png /Users/benjaminfaershtein/Documents/FieldHT/FieldHT/Resources/APRSSymbols/SW.png (in target 'FieldHT' from project 'FieldHT')
    cd /Users/benjaminfaershtein/Documents/FieldHT
    /Applications/Xcode.app/Contents/Developer/usr/bin/copypng -compress -strip-PNG-text /Users/benjaminfaershtein/Documents/FieldHT/FieldHT/Resources/APRSSymbols/SW.png /Users/benjaminfaershtein/Library/Developer/Xcode/DerivedData/FieldHT-bkhkrfdficylzyexnvmumnbbolba/Build/Products/Debug-iphonesimulator/FieldHT.app/SW.png

CopyPNGFile /Users/benjaminfaershtein/Library/Developer/Xcode/DerivedData/FieldHT-bkhkrfdficylzyexnvmumnbbolba/Build/Products/Debug-iphonesimulator/FieldHT.app/SV.png /Users/benjaminfaershtein/Documents/FieldHT/FieldHT/Resources/APRSSymbols/SV.png (in target 'FieldHT' from project 'FieldHT')
    cd /Users/benjaminfaershtein/Documents/FieldHT
    /Applications/Xcode.app/Contents/Developer/usr/bin/copypng -compress -strip-PNG-text /Users/benjaminfaershtein/Documents/FieldHT/FieldHT/Resources/APRSSymbols/SV.png /Users/benjaminfaershtein/Library/Developer/Xcode/DerivedData/FieldHT-bkhkrfdficylzyexnvmumnbbolba/Build/Products/Debug-iphonesimulator/FieldHT.app/SV.png

CopyPNGFile /Users/benjaminfaershtein/Library/Developer/Xcode/DerivedData/FieldHT-bkhkrfdficylzyexnvmumnbbolba/Build/Products/Debug-iphonesimulator/FieldHT.app/SU.png /Users/benjaminfaershtein/Documents/FieldHT/FieldHT/Resources/APRSSymbols/SU.png (in target 'FieldHT' from project 'FieldHT')
    cd /Users/benjaminfaershtein/Documents/FieldHT
    /Applications/Xcode.app/Contents/Developer/usr/bin/copypng -compress -strip-PNG-text /Users/benjaminfaershtein/Documents/FieldHT/FieldHT/Resources/APRSSymbols/SU.png /Users/benjaminfaershtein/Library/Developer/Xcode/DerivedData/FieldHT-bkhkrfdficylzyexnvmumnbbolba/Build/Products/Debug-iphonesimulator/FieldHT.app/SU.png

CopyPNGFile /Users/benjaminfaershtein/Library/Developer/Xcode/DerivedData/FieldHT-bkhkrfdficylzyexnvmumnbbolba/Build/Products/Debug-iphonesimulator/FieldHT.app/ST.png /Users/benjaminfaershtein/Documents/FieldHT/FieldHT/Resources/APRSSymbols/ST.png (in target 'FieldHT' from project 'FieldHT')
    cd /Users/benjaminfaershtein/Documents/FieldHT
    /Applications/Xcode.app/Contents/Developer/usr/bin/copypng -compress -strip-PNG-text /Users/benjaminfaershtein/Documents/FieldHT/FieldHT/Resources/APRSSymbols/ST.png /Users/benjaminfaershtein/Library/Developer/Xcode/DerivedData/FieldHT-bkhkrfdficylzyexnvmumnbbolba/Build/Products/Debug-iphonesimulator/FieldHT.app/ST.png

CopyPNGFile /Users/benjaminfaershtein/Library/Developer/Xcode/DerivedData/FieldHT-bkhkrfdficylzyexnvmumnbbolba/Build/Products/Debug-iphonesimulator/FieldHT.app/SS.png /Users/benjaminfaershtein/Documents/FieldHT/FieldHT/Resources/APRSSymbols/SS.png (in target 'FieldHT' from project 'FieldHT')
    cd /Users/benjaminfaershtein/Documents/FieldHT
    /Applications/Xcode.app/Contents/Developer/usr/bin/copypng -compress -strip-PNG-text /Users/benjaminfaershtein/Documents/FieldHT/FieldHT/Resources/APRSSymbols/SS.png /Users/benjaminfaershtein/Library/Developer/Xcode/DerivedData/FieldHT-bkhkrfdficylzyexnvmumnbbolba/Build/Products/Debug-iphonesimulator/FieldHT.app/SS.png

CopyPNGFile /Users/benjaminfaershtein/Library/Developer/Xcode/DerivedData/FieldHT-bkhkrfdficylzyexnvmumnbbolba/Build/Products/Debug-iphonesimulator/FieldHT.app/SR.png /Users/benjaminfaershtein/Documents/FieldHT/FieldHT/Resources/APRSSymbols/SR.png (in target 'FieldHT' from project 'FieldHT')
    cd /Users/benjaminfaershtein/Documents/FieldHT
    /Applications/Xcode.app/Contents/Developer/usr/bin/copypng -compress -strip-PNG-text /Users/benjaminfaershtein/Documents/FieldHT/FieldHT/Resources/APRSSymbols/SR.png /Users/benjaminfaershtein/Library/Developer/Xcode/DerivedData/FieldHT-bkhkrfdficylzyexnvmumnbbolba/Build/Products/Debug-iphonesimulator/FieldHT.app/SR.png

CopyPNGFile /Users/benjaminfaershtein/Library/Developer/Xcode/DerivedData/FieldHT-bkhkrfdficylzyexnvmumnbbolba/Build/Products/Debug-iphonesimulator/FieldHT.app/SP.png /Users/benjaminfaershtein/Documents/FieldHT/FieldHT/Resources/APRSSymbols/SP.png (in target 'FieldHT' from project 'FieldHT')
    cd /Users/benjaminfaershtein/Documents/FieldHT
    /Applications/Xcode.app/Contents/Developer/usr/bin/copypng -compress -strip-PNG-text /Users/benjaminfaershtein/Documents/FieldHT/FieldHT/Resources/APRSSymbols/SP.png /Users/benjaminfaershtein/Library/Developer/Xcode/DerivedData/FieldHT-bkhkrfdficylzyexnvmumnbbolba/Build/Products/Debug-iphonesimulator/FieldHT.app/SP.png

CopyPNGFile /Users/benjaminfaershtein/Library/Developer/Xcode/DerivedData/FieldHT-bkhkrfdficylzyexnvmumnbbolba/Build/Products/Debug-iphonesimulator/FieldHT.app/SO.png /Users/benjaminfaershtein/Documents/FieldHT/FieldHT/Resources/APRSSymbols/SO.png (in target 'FieldHT' from project 'FieldHT')
    cd /Users/benjaminfaershtein/Documents/FieldHT
    /Applications/Xcode.app/Contents/Developer/usr/bin/copypng -compress -strip-PNG-text /Users/benjaminfaershtein/Documents/FieldHT/FieldHT/Resources/APRSSymbols/SO.png /Users/benjaminfaershtein/Library/Developer/Xcode/DerivedData/FieldHT-bkhkrfdficylzyexnvmumnbbolba/Build/Products/Debug-iphonesimulator/FieldHT.app/SO.png

CopyPNGFile /Users/benjaminfaershtein/Library/Developer/Xcode/DerivedData/FieldHT-bkhkrfdficylzyexnvmumnbbolba/Build/Products/Debug-iphonesimulator/FieldHT.app/SN.png /Users/benjaminfaershtein/Documents/FieldHT/FieldHT/Resources/APRSSymbols/SN.png (in target 'FieldHT' from project 'FieldHT')
    cd /Users/benjaminfaershtein/Documents/FieldHT
    /Applications/Xcode.app/Contents/Developer/usr/bin/copypng -compress -strip-PNG-text /Users/benjaminfaershtein/Documents/FieldHT/FieldHT/Resources/APRSSymbols/SN.png /Users/benjaminfaershtein/Library/Developer/Xcode/DerivedData/FieldHT-bkhkrfdficylzyexnvmumnbbolba/Build/Products/Debug-iphonesimulator/FieldHT.app/SN.png

CopyPNGFile /Users/benjaminfaershtein/Library/Developer/Xcode/DerivedData/FieldHT-bkhkrfdficylzyexnvmumnbbolba/Build/Products/Debug-iphonesimulator/FieldHT.app/SM.png /Users/benjaminfaershtein/Documents/FieldHT/FieldHT/Resources/APRSSymbols/SM.png (in target 'FieldHT' from project 'FieldHT')
    cd /Users/benjaminfaershtein/Documents/FieldHT
    /Applications/Xcode.app/Contents/Developer/usr/bin/copypng -compress -strip-PNG-text /Users/benjaminfaershtein/Documents/FieldHT/FieldHT/Resources/APRSSymbols/SM.png /Users/benjaminfaershtein/Library/Developer/Xcode/DerivedData/FieldHT-bkhkrfdficylzyexnvmumnbbolba/Build/Products/Debug-iphonesimulator/FieldHT.app/SM.png

CopyPNGFile /Users/benjaminfaershtein/Library/Developer/Xcode/DerivedData/FieldHT-bkhkrfdficylzyexnvmumnbbolba/Build/Products/Debug-iphonesimulator/FieldHT.app/SK.png /Users/benjaminfaershtein/Documents/FieldHT/FieldHT/Resources/APRSSymbols/SK.png (in target 'FieldHT' from project 'FieldHT')
    cd /Users/benjaminfaershtein/Documents/FieldHT
    /Applications/Xcode.app/Contents/Developer/usr/bin/copypng -compress -strip-PNG-text /Users/benjaminfaershtein/Documents/FieldHT/FieldHT/Resources/APRSSymbols/SK.png /Users/benjaminfaershtein/Library/Developer/Xcode/DerivedData/FieldHT-bkhkrfdficylzyexnvmumnbbolba/Build/Products/Debug-iphonesimulator/FieldHT.app/SK.png

CopyPNGFile /Users/benjaminfaershtein/Library/Developer/Xcode/DerivedData/FieldHT-bkhkrfdficylzyexnvmumnbbolba/Build/Products/Debug-iphonesimulator/FieldHT.app/SJ.png /Users/benjaminfaershtein/Documents/FieldHT/FieldHT/Resources/APRSSymbols/SJ.png (in target 'FieldHT' from project 'FieldHT')
    cd /Users/benjaminfaershtein/Documents/FieldHT
    /Applications/Xcode.app/Contents/Developer/usr/bin/copypng -compress -strip-PNG-text /Users/benjaminfaershtein/Documents/FieldHT/FieldHT/Resources/APRSSymbols/SJ.png /Users/benjaminfaershtein/Library/Developer/Xcode/DerivedData/FieldHT-bkhkrfdficylzyexnvmumnbbolba/Build/Products/Debug-iphonesimulator/FieldHT.app/SJ.png

CopyPNGFile /Users/benjaminfaershtein/Library/Developer/Xcode/DerivedData/FieldHT-bkhkrfdficylzyexnvmumnbbolba/Build/Products/Debug-iphonesimulator/FieldHT.app/SI.png /Users/benjaminfaershtein/Documents/FieldHT/FieldHT/Resources/APRSSymbols/SI.png (in target 'FieldHT' from project 'FieldHT')
    cd /Users/benjaminfaershtein/Documents/FieldHT
    /Applications/Xcode.app/Contents/Developer/usr/bin/copypng -compress -strip-PNG-text /Users/benjaminfaershtein/Documents/FieldHT/FieldHT/Resources/APRSSymbols/SI.png /Users/benjaminfaershtein/Library/Developer/Xcode/DerivedData/FieldHT-bkhkrfdficylzyexnvmumnbbolba/Build/Products/Debug-iphonesimulator/FieldHT.app/SI.png

SwiftDriverJobDiscovery normal arm64 Compiling BLEConnection.swift, BLEScanner.swift, CommandConnection.swift, EventMessage.swift, RadioMessage.swift, RadioData.swift (in target 'FieldHT' from project 'FieldHT')

CopyPNGFile /Users/benjaminfaershtein/Library/Developer/Xcode/DerivedData/FieldHT-bkhkrfdficylzyexnvmumnbbolba/Build/Products/Debug-iphonesimulator/FieldHT.app/SH.png /Users/benjaminfaershtein/Documents/FieldHT/FieldHT/Resources/APRSSymbols/SH.png (in target 'FieldHT' from project 'FieldHT')
    cd /Users/benjaminfaershtein/Documents/FieldHT
    /Applications/Xcode.app/Contents/Developer/usr/bin/copypng -compress -strip-PNG-text /Users/benjaminfaershtein/Documents/FieldHT/FieldHT/Resources/APRSSymbols/SH.png /Users/benjaminfaershtein/Library/Developer/Xcode/DerivedData/FieldHT-bkhkrfdficylzyexnvmumnbbolba/Build/Products/Debug-iphonesimulator/FieldHT.app/SH.png

CopyPNGFile /Users/benjaminfaershtein/Library/Developer/Xcode/DerivedData/FieldHT-bkhkrfdficylzyexnvmumnbbolba/Build/Products/Debug-iphonesimulator/FieldHT.app/SG.png /Users/benjaminfaershtein/Documents/FieldHT/FieldHT/Resources/APRSSymbols/SG.png (in target 'FieldHT' from project 'FieldHT')
    cd /Users/benjaminfaershtein/Documents/FieldHT
    /Applications/Xcode.app/Contents/Developer/usr/bin/copypng -compress -strip-PNG-text /Users/benjaminfaershtein/Documents/FieldHT/FieldHT/Resources/APRSSymbols/SG.png /Users/benjaminfaershtein/Library/Developer/Xcode/DerivedData/FieldHT-bkhkrfdficylzyexnvmumnbbolba/Build/Products/Debug-iphonesimulator/FieldHT.app/SG.png

CopyPNGFile /Users/benjaminfaershtein/Library/Developer/Xcode/DerivedData/FieldHT-bkhkrfdficylzyexnvmumnbbolba/Build/Products/Debug-iphonesimulator/FieldHT.app/SF.png /Users/benjaminfaershtein/Documents/FieldHT/FieldHT/Resources/APRSSymbols/SF.png (in target 'FieldHT' from project 'FieldHT')
    cd /Users/benjaminfaershtein/Documents/FieldHT
    /Applications/Xcode.app/Contents/Developer/usr/bin/copypng -compress -strip-PNG-text /Users/benjaminfaershtein/Documents/FieldHT/FieldHT/Resources/APRSSymbols/SF.png /Users/benjaminfaershtein/Library/Developer/Xcode/DerivedData/FieldHT-bkhkrfdficylzyexnvmumnbbolba/Build/Products/Debug-iphonesimulator/FieldHT.app/SF.png

CopyPNGFile /Users/benjaminfaershtein/Library/Developer/Xcode/DerivedData/FieldHT-bkhkrfdficylzyexnvmumnbbolba/Build/Products/Debug-iphonesimulator/FieldHT.app/SE.png /Users/benjaminfaershtein/Documents/FieldHT/FieldHT/Resources/APRSSymbols/SE.png (in target 'FieldHT' from project 'FieldHT')
    cd /Users/benjaminfaershtein/Documents/FieldHT
    /Applications/Xcode.app/Contents/Developer/usr/bin/copypng -compress -strip-PNG-text /Users/benjaminfaershtein/Documents/FieldHT/FieldHT/Resources/APRSSymbols/SE.png /Users/benjaminfaershtein/Library/Developer/Xcode/DerivedData/FieldHT-bkhkrfdficylzyexnvmumnbbolba/Build/Products/Debug-iphonesimulator/FieldHT.app/SE.png

CopyPNGFile /Users/benjaminfaershtein/Library/Developer/Xcode/DerivedData/FieldHT-bkhkrfdficylzyexnvmumnbbolba/Build/Products/Debug-iphonesimulator/FieldHT.app/SD.png /Users/benjaminfaershtein/Documents/FieldHT/FieldHT/Resources/APRSSymbols/SD.png (in target 'FieldHT' from project 'FieldHT')
    cd /Users/benjaminfaershtein/Documents/FieldHT
    /Applications/Xcode.app/Contents/Developer/usr/bin/copypng -compress -strip-PNG-text /Users/benjaminfaershtein/Documents/FieldHT/FieldHT/Resources/APRSSymbols/SD.png /Users/benjaminfaershtein/Library/Developer/Xcode/DerivedData/FieldHT-bkhkrfdficylzyexnvmumnbbolba/Build/Products/Debug-iphonesimulator/FieldHT.app/SD.png

CopyPNGFile /Users/benjaminfaershtein/Library/Developer/Xcode/DerivedData/FieldHT-bkhkrfdficylzyexnvmumnbbolba/Build/Products/Debug-iphonesimulator/FieldHT.app/SC.png /Users/benjaminfaershtein/Documents/FieldHT/FieldHT/Resources/APRSSymbols/SC.png (in target 'FieldHT' from project 'FieldHT')
    cd /Users/benjaminfaershtein/Documents/FieldHT
    /Applications/Xcode.app/Contents/Developer/usr/bin/copypng -compress -strip-PNG-text /Users/benjaminfaershtein/Documents/FieldHT/FieldHT/Resources/APRSSymbols/SC.png /Users/benjaminfaershtein/Library/Developer/Xcode/DerivedData/FieldHT-bkhkrfdficylzyexnvmumnbbolba/Build/Products/Debug-iphonesimulator/FieldHT.app/SC.png

CopyPNGFile /Users/benjaminfaershtein/Library/Developer/Xcode/DerivedData/FieldHT-bkhkrfdficylzyexnvmumnbbolba/Build/Products/Debug-iphonesimulator/FieldHT.app/SB.png /Users/benjaminfaershtein/Documents/FieldHT/FieldHT/Resources/APRSSymbols/SB.png (in target 'FieldHT' from project 'FieldHT')
    cd /Users/benjaminfaershtein/Documents/FieldHT
    /Applications/Xcode.app/Contents/Developer/usr/bin/copypng -compress -strip-PNG-text /Users/benjaminfaershtein/Documents/FieldHT/FieldHT/Resources/APRSSymbols/SB.png /Users/benjaminfaershtein/Library/Developer/Xcode/DerivedData/FieldHT-bkhkrfdficylzyexnvmumnbbolba/Build/Products/Debug-iphonesimulator/FieldHT.app/SB.png

SwiftDriverJobDiscovery normal arm64 Compiling Channel.swift, DeviceInfo.swift, PF.swift, Position.swift, RadioState.swift, Settings.swift (in target 'FieldHT' from project 'FieldHT')

CopyPNGFile /Users/benjaminfaershtein/Library/Developer/Xcode/DerivedData/FieldHT-bkhkrfdficylzyexnvmumnbbolba/Build/Products/Debug-iphonesimulator/FieldHT.app/SA.png /Users/benjaminfaershtein/Documents/FieldHT/FieldHT/Resources/APRSSymbols/SA.png (in target 'FieldHT' from project 'FieldHT')
    cd /Users/benjaminfaershtein/Documents/FieldHT
    /Applications/Xcode.app/Contents/Developer/usr/bin/copypng -compress -strip-PNG-text /Users/benjaminfaershtein/Documents/FieldHT/FieldHT/Resources/APRSSymbols/SA.png /Users/benjaminfaershtein/Library/Developer/Xcode/DerivedData/FieldHT-bkhkrfdficylzyexnvmumnbbolba/Build/Products/Debug-iphonesimulator/FieldHT.app/SA.png

SwiftDriverJobDiscovery normal arm64 Compiling ProtocolEncoder.swift, Doppler.swift, OfflineTLE.swift, SatFrequencyOption.swift, SatNogDBClient.swift, SatNogDBModels.swift (in target 'FieldHT' from project 'FieldHT')

CopyPNGFile /Users/benjaminfaershtein/Library/Developer/Xcode/DerivedData/FieldHT-bkhkrfdficylzyexnvmumnbbolba/Build/Products/Debug-iphonesimulator/FieldHT.app/Q1.png /Users/benjaminfaershtein/Documents/FieldHT/FieldHT/Resources/APRSSymbols/Q1.png (in target 'FieldHT' from project 'FieldHT')
    cd /Users/benjaminfaershtein/Documents/FieldHT
    /Applications/Xcode.app/Contents/Developer/usr/bin/copypng -compress -strip-PNG-text /Users/benjaminfaershtein/Documents/FieldHT/FieldHT/Resources/APRSSymbols/Q1.png /Users/benjaminfaershtein/Library/Developer/Xcode/DerivedData/FieldHT-bkhkrfdficylzyexnvmumnbbolba/Build/Products/Debug-iphonesimulator/FieldHT.app/Q1.png

CopyPNGFile /Users/benjaminfaershtein/Library/Developer/Xcode/DerivedData/FieldHT-bkhkrfdficylzyexnvmumnbbolba/Build/Products/Debug-iphonesimulator/FieldHT.app/PZ.png /Users/benjaminfaershtein/Documents/FieldHT/FieldHT/Resources/APRSSymbols/PZ.png (in target 'FieldHT' from project 'FieldHT')
    cd /Users/benjaminfaershtein/Documents/FieldHT
    /Applications/Xcode.app/Contents/Developer/usr/bin/copypng -compress -strip-PNG-text /Users/benjaminfaershtein/Documents/FieldHT/FieldHT/Resources/APRSSymbols/PZ.png /Users/benjaminfaershtein/Library/Developer/Xcode/DerivedData/FieldHT-bkhkrfdficylzyexnvmumnbbolba/Build/Products/Debug-iphonesimulator/FieldHT.app/PZ.png

CopyPNGFile /Users/benjaminfaershtein/Library/Developer/Xcode/DerivedData/FieldHT-bkhkrfdficylzyexnvmumnbbolba/Build/Products/Debug-iphonesimulator/FieldHT.app/PY.png /Users/benjaminfaershtein/Documents/FieldHT/FieldHT/Resources/APRSSymbols/PY.png (in target 'FieldHT' from project 'FieldHT')
    cd /Users/benjaminfaershtein/Documents/FieldHT
    /Applications/Xcode.app/Contents/Developer/usr/bin/copypng -compress -strip-PNG-text /Users/benjaminfaershtein/Documents/FieldHT/FieldHT/Resources/APRSSymbols/PY.png /Users/benjaminfaershtein/Library/Developer/Xcode/DerivedData/FieldHT-bkhkrfdficylzyexnvmumnbbolba/Build/Products/Debug-iphonesimulator/FieldHT.app/PY.png

CopyPNGFile /Users/benjaminfaershtein/Library/Developer/Xcode/DerivedData/FieldHT-bkhkrfdficylzyexnvmumnbbolba/Build/Products/Debug-iphonesimulator/FieldHT.app/PX.png /Users/benjaminfaershtein/Documents/FieldHT/FieldHT/Resources/APRSSymbols/PX.png (in target 'FieldHT' from project 'FieldHT')
    cd /Users/benjaminfaershtein/Documents/FieldHT
    /Applications/Xcode.app/Contents/Developer/usr/bin/copypng -compress -strip-PNG-text /Users/benjaminfaershtein/Documents/FieldHT/FieldHT/Resources/APRSSymbols/PX.png /Users/benjaminfaershtein/Library/Developer/Xcode/DerivedData/FieldHT-bkhkrfdficylzyexnvmumnbbolba/Build/Products/Debug-iphonesimulator/FieldHT.app/PX.png

CopyPNGFile /Users/benjaminfaershtein/Library/Developer/Xcode/DerivedData/FieldHT-bkhkrfdficylzyexnvmumnbbolba/Build/Products/Debug-iphonesimulator/FieldHT.app/PW.png /Users/benjaminfaershtein/Documents/FieldHT/FieldHT/Resources/APRSSymbols/PW.png (in target 'FieldHT' from project 'FieldHT')
    cd /Users/benjaminfaershtein/Documents/FieldHT
    /Applications/Xcode.app/Contents/Developer/usr/bin/copypng -compress -strip-PNG-text /Users/benjaminfaershtein/Documents/FieldHT/FieldHT/Resources/APRSSymbols/PW.png /Users/benjaminfaershtein/Library/Developer/Xcode/DerivedData/FieldHT-bkhkrfdficylzyexnvmumnbbolba/Build/Products/Debug-iphonesimulator/FieldHT.app/PW.png

CopyPNGFile /Users/benjaminfaershtein/Library/Developer/Xcode/DerivedData/FieldHT-bkhkrfdficylzyexnvmumnbbolba/Build/Products/Debug-iphonesimulator/FieldHT.app/PV.png /Users/benjaminfaershtein/Documents/FieldHT/FieldHT/Resources/APRSSymbols/PV.png (in target 'FieldHT' from project 'FieldHT')
    cd /Users/benjaminfaershtein/Documents/FieldHT
    /Applications/Xcode.app/Contents/Developer/usr/bin/copypng -compress -strip-PNG-text /Users/benjaminfaershtein/Documents/FieldHT/FieldHT/Resources/APRSSymbols/PV.png /Users/benjaminfaershtein/Library/Developer/Xcode/DerivedData/FieldHT-bkhkrfdficylzyexnvmumnbbolba/Build/Products/Debug-iphonesimulator/FieldHT.app/PV.png

CopyPNGFile /Users/benjaminfaershtein/Library/Developer/Xcode/DerivedData/FieldHT-bkhkrfdficylzyexnvmumnbbolba/Build/Products/Debug-iphonesimulator/FieldHT.app/PU.png /Users/benjaminfaershtein/Documents/FieldHT/FieldHT/Resources/APRSSymbols/PU.png (in target 'FieldHT' from project 'FieldHT')
    cd /Users/benjaminfaershtein/Documents/FieldHT
    /Applications/Xcode.app/Contents/Developer/usr/bin/copypng -compress -strip-PNG-text /Users/benjaminfaershtein/Documents/FieldHT/FieldHT/Resources/APRSSymbols/PU.png /Users/benjaminfaershtein/Library/Developer/Xcode/DerivedData/FieldHT-bkhkrfdficylzyexnvmumnbbolba/Build/Products/Debug-iphonesimulator/FieldHT.app/PU.png

CopyPNGFile /Users/benjaminfaershtein/Library/Developer/Xcode/DerivedData/FieldHT-bkhkrfdficylzyexnvmumnbbolba/Build/Products/Debug-iphonesimulator/FieldHT.app/PT.png /Users/benjaminfaershtein/Documents/FieldHT/FieldHT/Resources/APRSSymbols/PT.png (in target 'FieldHT' from project 'FieldHT')
    cd /Users/benjaminfaershtein/Documents/FieldHT
    /Applications/Xcode.app/Contents/Developer/usr/bin/copypng -compress -strip-PNG-text /Users/benjaminfaershtein/Documents/FieldHT/FieldHT/Resources/APRSSymbols/PT.png /Users/benjaminfaershtein/Library/Developer/Xcode/DerivedData/FieldHT-bkhkrfdficylzyexnvmumnbbolba/Build/Products/Debug-iphonesimulator/FieldHT.app/PT.png

CopyPNGFile /Users/benjaminfaershtein/Library/Developer/Xcode/DerivedData/FieldHT-bkhkrfdficylzyexnvmumnbbolba/Build/Products/Debug-iphonesimulator/FieldHT.app/PS.png /Users/benjaminfaershtein/Documents/FieldHT/FieldHT/Resources/APRSSymbols/PS.png (in target 'FieldHT' from project 'FieldHT')
    cd /Users/benjaminfaershtein/Documents/FieldHT
    /Applications/Xcode.app/Contents/Developer/usr/bin/copypng -compress -strip-PNG-text /Users/benjaminfaershtein/Documents/FieldHT/FieldHT/Resources/APRSSymbols/PS.png /Users/benjaminfaershtein/Library/Developer/Xcode/DerivedData/FieldHT-bkhkrfdficylzyexnvmumnbbolba/Build/Products/Debug-iphonesimulator/FieldHT.app/PS.png

CopyPNGFile /Users/benjaminfaershtein/Library/Developer/Xcode/DerivedData/FieldHT-bkhkrfdficylzyexnvmumnbbolba/Build/Products/Debug-iphonesimulator/FieldHT.app/PR.png /Users/benjaminfaershtein/Documents/FieldHT/FieldHT/Resources/APRSSymbols/PR.png (in target 'FieldHT' from project 'FieldHT')
    cd /Users/benjaminfaershtein/Documents/FieldHT
    /Applications/Xcode.app/Contents/Developer/usr/bin/copypng -compress -strip-PNG-text /Users/benjaminfaershtein/Documents/FieldHT/FieldHT/Resources/APRSSymbols/PR.png /Users/benjaminfaershtein/Library/Developer/Xcode/DerivedData/FieldHT-bkhkrfdficylzyexnvmumnbbolba/Build/Products/Debug-iphonesimulator/FieldHT.app/PR.png

CopyPNGFile /Users/benjaminfaershtein/Library/Developer/Xcode/DerivedData/FieldHT-bkhkrfdficylzyexnvmumnbbolba/Build/Products/Debug-iphonesimulator/FieldHT.app/PP.png /Users/benjaminfaershtein/Documents/FieldHT/FieldHT/Resources/APRSSymbols/PP.png (in target 'FieldHT' from project 'FieldHT')
    cd /Users/benjaminfaershtein/Documents/FieldHT
    /Applications/Xcode.app/Contents/Developer/usr/bin/copypng -compress -strip-PNG-text /Users/benjaminfaershtein/Documents/FieldHT/FieldHT/Resources/APRSSymbols/PP.png /Users/benjaminfaershtein/Library/Developer/Xcode/DerivedData/FieldHT-bkhkrfdficylzyexnvmumnbbolba/Build/Products/Debug-iphonesimulator/FieldHT.app/PP.png

CopyPNGFile /Users/benjaminfaershtein/Library/Developer/Xcode/DerivedData/FieldHT-bkhkrfdficylzyexnvmumnbbolba/Build/Products/Debug-iphonesimulator/FieldHT.app/PQ.png /Users/benjaminfaershtein/Documents/FieldHT/FieldHT/Resources/APRSSymbols/PQ.png (in target 'FieldHT' from project 'FieldHT')
    cd /Users/benjaminfaershtein/Documents/FieldHT
    /Applications/Xcode.app/Contents/Developer/usr/bin/copypng -compress -strip-PNG-text /Users/benjaminfaershtein/Documents/FieldHT/FieldHT/Resources/APRSSymbols/PQ.png /Users/benjaminfaershtein/Library/Developer/Xcode/DerivedData/FieldHT-bkhkrfdficylzyexnvmumnbbolba/Build/Products/Debug-iphonesimulator/FieldHT.app/PQ.png

CopyPNGFile /Users/benjaminfaershtein/Library/Developer/Xcode/DerivedData/FieldHT-bkhkrfdficylzyexnvmumnbbolba/Build/Products/Debug-iphonesimulator/FieldHT.app/PO.png /Users/benjaminfaershtein/Documents/FieldHT/FieldHT/Resources/APRSSymbols/PO.png (in target 'FieldHT' from project 'FieldHT')
    cd /Users/benjaminfaershtein/Documents/FieldHT
    /Applications/Xcode.app/Contents/Developer/usr/bin/copypng -compress -strip-PNG-text /Users/benjaminfaershtein/Documents/FieldHT/FieldHT/Resources/APRSSymbols/PO.png /Users/benjaminfaershtein/Library/Developer/Xcode/DerivedData/FieldHT-bkhkrfdficylzyexnvmumnbbolba/Build/Products/Debug-iphonesimulator/FieldHT.app/PO.png

CopyPNGFile /Users/benjaminfaershtein/Library/Developer/Xcode/DerivedData/FieldHT-bkhkrfdficylzyexnvmumnbbolba/Build/Products/Debug-iphonesimulator/FieldHT.app/PN.png /Users/benjaminfaershtein/Documents/FieldHT/FieldHT/Resources/APRSSymbols/PN.png (in target 'FieldHT' from project 'FieldHT')
    cd /Users/benjaminfaershtein/Documents/FieldHT
    /Applications/Xcode.app/Contents/Developer/usr/bin/copypng -compress -strip-PNG-text /Users/benjaminfaershtein/Documents/FieldHT/FieldHT/Resources/APRSSymbols/PN.png /Users/benjaminfaershtein/Library/Developer/Xcode/DerivedData/FieldHT-bkhkrfdficylzyexnvmumnbbolba/Build/Products/Debug-iphonesimulator/FieldHT.app/PN.png

CopyPNGFile /Users/benjaminfaershtein/Library/Developer/Xcode/DerivedData/FieldHT-bkhkrfdficylzyexnvmumnbbolba/Build/Products/Debug-iphonesimulator/FieldHT.app/PM.png /Users/benjaminfaershtein/Documents/FieldHT/FieldHT/Resources/APRSSymbols/PM.png (in target 'FieldHT' from project 'FieldHT')
    cd /Users/benjaminfaershtein/Documents/FieldHT
    /Applications/Xcode.app/Contents/Developer/usr/bin/copypng -compress -strip-PNG-text /Users/benjaminfaershtein/Documents/FieldHT/FieldHT/Resources/APRSSymbols/PM.png /Users/benjaminfaershtein/Library/Developer/Xcode/DerivedData/FieldHT-bkhkrfdficylzyexnvmumnbbolba/Build/Products/Debug-iphonesimulator/FieldHT.app/PM.png

CopyPNGFile /Users/benjaminfaershtein/Library/Developer/Xcode/DerivedData/FieldHT-bkhkrfdficylzyexnvmumnbbolba/Build/Products/Debug-iphonesimulator/FieldHT.app/PL.png /Users/benjaminfaershtein/Documents/FieldHT/FieldHT/Resources/APRSSymbols/PL.png (in target 'FieldHT' from project 'FieldHT')
    cd /Users/benjaminfaershtein/Documents/FieldHT
    /Applications/Xcode.app/Contents/Developer/usr/bin/copypng -compress -strip-PNG-text /Users/benjaminfaershtein/Documents/FieldHT/FieldHT/Resources/APRSSymbols/PL.png /Users/benjaminfaershtein/Library/Developer/Xcode/DerivedData/FieldHT-bkhkrfdficylzyexnvmumnbbolba/Build/Products/Debug-iphonesimulator/FieldHT.app/PL.png

CopyPNGFile /Users/benjaminfaershtein/Library/Developer/Xcode/DerivedData/FieldHT-bkhkrfdficylzyexnvmumnbbolba/Build/Products/Debug-iphonesimulator/FieldHT.app/PK.png /Users/benjaminfaershtein/Documents/FieldHT/FieldHT/Resources/APRSSymbols/PK.png (in target 'FieldHT' from project 'FieldHT')
    cd /Users/benjaminfaershtein/Documents/FieldHT
    /Applications/Xcode.app/Contents/Developer/usr/bin/copypng -compress -strip-PNG-text /Users/benjaminfaershtein/Documents/FieldHT/FieldHT/Resources/APRSSymbols/PK.png /Users/benjaminfaershtein/Library/Developer/Xcode/DerivedData/FieldHT-bkhkrfdficylzyexnvmumnbbolba/Build/Products/Debug-iphonesimulator/FieldHT.app/PK.png

CopyPNGFile /Users/benjaminfaershtein/Library/Developer/Xcode/DerivedData/FieldHT-bkhkrfdficylzyexnvmumnbbolba/Build/Products/Debug-iphonesimulator/FieldHT.app/PI.png /Users/benjaminfaershtein/Documents/FieldHT/FieldHT/Resources/APRSSymbols/PI.png (in target 'FieldHT' from project 'FieldHT')
    cd /Users/benjaminfaershtein/Documents/FieldHT
    /Applications/Xcode.app/Contents/Developer/usr/bin/copypng -compress -strip-PNG-text /Users/benjaminfaershtein/Documents/FieldHT/FieldHT/Resources/APRSSymbols/PI.png /Users/benjaminfaershtein/Library/Developer/Xcode/DerivedData/FieldHT-bkhkrfdficylzyexnvmumnbbolba/Build/Products/Debug-iphonesimulator/FieldHT.app/PI.png

CopyPNGFile /Users/benjaminfaershtein/Library/Developer/Xcode/DerivedData/FieldHT-bkhkrfdficylzyexnvmumnbbolba/Build/Products/Debug-iphonesimulator/FieldHT.app/PH.png /Users/benjaminfaershtein/Documents/FieldHT/FieldHT/Resources/APRSSymbols/PH.png (in target 'FieldHT' from project 'FieldHT')
    cd /Users/benjaminfaershtein/Documents/FieldHT
    /Applications/Xcode.app/Contents/Developer/usr/bin/copypng -compress -strip-PNG-text /Users/benjaminfaershtein/Documents/FieldHT/FieldHT/Resources/APRSSymbols/PH.png /Users/benjaminfaershtein/Library/Developer/Xcode/DerivedData/FieldHT-bkhkrfdficylzyexnvmumnbbolba/Build/Products/Debug-iphonesimulator/FieldHT.app/PH.png

CopyPNGFile /Users/benjaminfaershtein/Library/Developer/Xcode/DerivedData/FieldHT-bkhkrfdficylzyexnvmumnbbolba/Build/Products/Debug-iphonesimulator/FieldHT.app/PG.png /Users/benjaminfaershtein/Documents/FieldHT/FieldHT/Resources/APRSSymbols/PG.png (in target 'FieldHT' from project 'FieldHT')
    cd /Users/benjaminfaershtein/Documents/FieldHT
    /Applications/Xcode.app/Contents/Developer/usr/bin/copypng -compress -strip-PNG-text /Users/benjaminfaershtein/Documents/FieldHT/FieldHT/Resources/APRSSymbols/PG.png /Users/benjaminfaershtein/Library/Developer/Xcode/DerivedData/FieldHT-bkhkrfdficylzyexnvmumnbbolba/Build/Products/Debug-iphonesimulator/FieldHT.app/PG.png

CopyPNGFile /Users/benjaminfaershtein/Library/Developer/Xcode/DerivedData/FieldHT-bkhkrfdficylzyexnvmumnbbolba/Build/Products/Debug-iphonesimulator/FieldHT.app/PF.png /Users/benjaminfaershtein/Documents/FieldHT/FieldHT/Resources/APRSSymbols/PF.png (in target 'FieldHT' from project 'FieldHT')
    cd /Users/benjaminfaershtein/Documents/FieldHT
    /Applications/Xcode.app/Contents/Developer/usr/bin/copypng -compress -strip-PNG-text /Users/benjaminfaershtein/Documents/FieldHT/FieldHT/Resources/APRSSymbols/PF.png /Users/benjaminfaershtein/Library/Developer/Xcode/DerivedData/FieldHT-bkhkrfdficylzyexnvmumnbbolba/Build/Products/Debug-iphonesimulator/FieldHT.app/PF.png

CopyPNGFile /Users/benjaminfaershtein/Library/Developer/Xcode/DerivedData/FieldHT-bkhkrfdficylzyexnvmumnbbolba/Build/Products/Debug-iphonesimulator/FieldHT.app/PE.png /Users/benjaminfaershtein/Documents/FieldHT/FieldHT/Resources/APRSSymbols/PE.png (in target 'FieldHT' from project 'FieldHT')
    cd /Users/benjaminfaershtein/Documents/FieldHT
    /Applications/Xcode.app/Contents/Developer/usr/bin/copypng -compress -strip-PNG-text /Users/benjaminfaershtein/Documents/FieldHT/FieldHT/Resources/APRSSymbols/PE.png /Users/benjaminfaershtein/Library/Developer/Xcode/DerivedData/FieldHT-bkhkrfdficylzyexnvmumnbbolba/Build/Products/Debug-iphonesimulator/FieldHT.app/PE.png

CopyPNGFile /Users/benjaminfaershtein/Library/Developer/Xcode/DerivedData/FieldHT-bkhkrfdficylzyexnvmumnbbolba/Build/Products/Debug-iphonesimulator/FieldHT.app/PC.png /Users/benjaminfaershtein/Documents/FieldHT/FieldHT/Resources/APRSSymbols/PC.png (in target 'FieldHT' from project 'FieldHT')
    cd /Users/benjaminfaershtein/Documents/FieldHT
    /Applications/Xcode.app/Contents/Developer/usr/bin/copypng -compress -strip-PNG-text /Users/benjaminfaershtein/Documents/FieldHT/FieldHT/Resources/APRSSymbols/PC.png /Users/benjaminfaershtein/Library/Developer/Xcode/DerivedData/FieldHT-bkhkrfdficylzyexnvmumnbbolba/Build/Products/Debug-iphonesimulator/FieldHT.app/PC.png

CopyPNGFile /Users/benjaminfaershtein/Library/Developer/Xcode/DerivedData/FieldHT-bkhkrfdficylzyexnvmumnbbolba/Build/Products/Debug-iphonesimulator/FieldHT.app/PB.png /Users/benjaminfaershtein/Documents/FieldHT/FieldHT/Resources/APRSSymbols/PB.png (in target 'FieldHT' from project 'FieldHT')
    cd /Users/benjaminfaershtein/Documents/FieldHT
    /Applications/Xcode.app/Contents/Developer/usr/bin/copypng -compress -strip-PNG-text /Users/benjaminfaershtein/Documents/FieldHT/FieldHT/Resources/APRSSymbols/PB.png /Users/benjaminfaershtein/Library/Developer/Xcode/DerivedData/FieldHT-bkhkrfdficylzyexnvmumnbbolba/Build/Products/Debug-iphonesimulator/FieldHT.app/PB.png

CopyPNGFile /Users/benjaminfaershtein/Library/Developer/Xcode/DerivedData/FieldHT-bkhkrfdficylzyexnvmumnbbolba/Build/Products/Debug-iphonesimulator/FieldHT.app/PA.png /Users/benjaminfaershtein/Documents/FieldHT/FieldHT/Resources/APRSSymbols/PA.png (in target 'FieldHT' from project 'FieldHT')
    cd /Users/benjaminfaershtein/Documents/FieldHT
    /Applications/Xcode.app/Contents/Developer/usr/bin/copypng -compress -strip-PNG-text /Users/benjaminfaershtein/Documents/FieldHT/FieldHT/Resources/APRSSymbols/PA.png /Users/benjaminfaershtein/Library/Developer/Xcode/DerivedData/FieldHT-bkhkrfdficylzyexnvmumnbbolba/Build/Products/Debug-iphonesimulator/FieldHT.app/PA.png

CopyPNGFile /Users/benjaminfaershtein/Library/Developer/Xcode/DerivedData/FieldHT-bkhkrfdficylzyexnvmumnbbolba/Build/Products/Debug-iphonesimulator/FieldHT.app/P9.png /Users/benjaminfaershtein/Documents/FieldHT/FieldHT/Resources/APRSSymbols/P9.png (in target 'FieldHT' from project 'FieldHT')
    cd /Users/benjaminfaershtein/Documents/FieldHT
    /Applications/Xcode.app/Contents/Developer/usr/bin/copypng -compress -strip-PNG-text /Users/benjaminfaershtein/Documents/FieldHT/FieldHT/Resources/APRSSymbols/P9.png /Users/benjaminfaershtein/Library/Developer/Xcode/DerivedData/FieldHT-bkhkrfdficylzyexnvmumnbbolba/Build/Products/Debug-iphonesimulator/FieldHT.app/P9.png

CopyPNGFile /Users/benjaminfaershtein/Library/Developer/Xcode/DerivedData/FieldHT-bkhkrfdficylzyexnvmumnbbolba/Build/Products/Debug-iphonesimulator/FieldHT.app/P8.png /Users/benjaminfaershtein/Documents/FieldHT/FieldHT/Resources/APRSSymbols/P8.png (in target 'FieldHT' from project 'FieldHT')
    cd /Users/benjaminfaershtein/Documents/FieldHT
    /Applications/Xcode.app/Contents/Developer/usr/bin/copypng -compress -strip-PNG-text /Users/benjaminfaershtein/Documents/FieldHT/FieldHT/Resources/APRSSymbols/P8.png /Users/benjaminfaershtein/Library/Developer/Xcode/DerivedData/FieldHT-bkhkrfdficylzyexnvmumnbbolba/Build/Products/Debug-iphonesimulator/FieldHT.app/P8.png

CopyPNGFile /Users/benjaminfaershtein/Library/Developer/Xcode/DerivedData/FieldHT-bkhkrfdficylzyexnvmumnbbolba/Build/Products/Debug-iphonesimulator/FieldHT.app/P7.png /Users/benjaminfaershtein/Documents/FieldHT/FieldHT/Resources/APRSSymbols/P7.png (in target 'FieldHT' from project 'FieldHT')
    cd /Users/benjaminfaershtein/Documents/FieldHT
    /Applications/Xcode.app/Contents/Developer/usr/bin/copypng -compress -strip-PNG-text /Users/benjaminfaershtein/Documents/FieldHT/FieldHT/Resources/APRSSymbols/P7.png /Users/benjaminfaershtein/Library/Developer/Xcode/DerivedData/FieldHT-bkhkrfdficylzyexnvmumnbbolba/Build/Products/Debug-iphonesimulator/FieldHT.app/P7.png

CopyPNGFile /Users/benjaminfaershtein/Library/Developer/Xcode/DerivedData/FieldHT-bkhkrfdficylzyexnvmumnbbolba/Build/Products/Debug-iphonesimulator/FieldHT.app/P6.png /Users/benjaminfaershtein/Documents/FieldHT/FieldHT/Resources/APRSSymbols/P6.png (in target 'FieldHT' from project 'FieldHT')
    cd /Users/benjaminfaershtein/Documents/FieldHT
    /Applications/Xcode.app/Contents/Developer/usr/bin/copypng -compress -strip-PNG-text /Users/benjaminfaershtein/Documents/FieldHT/FieldHT/Resources/APRSSymbols/P6.png /Users/benjaminfaershtein/Library/Developer/Xcode/DerivedData/FieldHT-bkhkrfdficylzyexnvmumnbbolba/Build/Products/Debug-iphonesimulator/FieldHT.app/P6.png

CopyPNGFile /Users/benjaminfaershtein/Library/Developer/Xcode/DerivedData/FieldHT-bkhkrfdficylzyexnvmumnbbolba/Build/Products/Debug-iphonesimulator/FieldHT.app/P5.png /Users/benjaminfaershtein/Documents/FieldHT/FieldHT/Resources/APRSSymbols/P5.png (in target 'FieldHT' from project 'FieldHT')
    cd /Users/benjaminfaershtein/Documents/FieldHT
    /Applications/Xcode.app/Contents/Developer/usr/bin/copypng -compress -strip-PNG-text /Users/benjaminfaershtein/Documents/FieldHT/FieldHT/Resources/APRSSymbols/P5.png /Users/benjaminfaershtein/Library/Developer/Xcode/DerivedData/FieldHT-bkhkrfdficylzyexnvmumnbbolba/Build/Products/Debug-iphonesimulator/FieldHT.app/P5.png

CopyPNGFile /Users/benjaminfaershtein/Library/Developer/Xcode/DerivedData/FieldHT-bkhkrfdficylzyexnvmumnbbolba/Build/Products/Debug-iphonesimulator/FieldHT.app/P4.png /Users/benjaminfaershtein/Documents/FieldHT/FieldHT/Resources/APRSSymbols/P4.png (in target 'FieldHT' from project 'FieldHT')
    cd /Users/benjaminfaershtein/Documents/FieldHT
    /Applications/Xcode.app/Contents/Developer/usr/bin/copypng -compress -strip-PNG-text /Users/benjaminfaershtein/Documents/FieldHT/FieldHT/Resources/APRSSymbols/P4.png /Users/benjaminfaershtein/Library/Developer/Xcode/DerivedData/FieldHT-bkhkrfdficylzyexnvmumnbbolba/Build/Products/Debug-iphonesimulator/FieldHT.app/P4.png

CopyPNGFile /Users/benjaminfaershtein/Library/Developer/Xcode/DerivedData/FieldHT-bkhkrfdficylzyexnvmumnbbolba/Build/Products/Debug-iphonesimulator/FieldHT.app/P3.png /Users/benjaminfaershtein/Documents/FieldHT/FieldHT/Resources/APRSSymbols/P3.png (in target 'FieldHT' from project 'FieldHT')
    cd /Users/benjaminfaershtein/Documents/FieldHT
    /Applications/Xcode.app/Contents/Developer/usr/bin/copypng -compress -strip-PNG-text /Users/benjaminfaershtein/Documents/FieldHT/FieldHT/Resources/APRSSymbols/P3.png /Users/benjaminfaershtein/Library/Developer/Xcode/DerivedData/FieldHT-bkhkrfdficylzyexnvmumnbbolba/Build/Products/Debug-iphonesimulator/FieldHT.app/P3.png

CopyPNGFile /Users/benjaminfaershtein/Library/Developer/Xcode/DerivedData/FieldHT-bkhkrfdficylzyexnvmumnbbolba/Build/Products/Debug-iphonesimulator/FieldHT.app/P2.png /Users/benjaminfaershtein/Documents/FieldHT/FieldHT/Resources/APRSSymbols/P2.png (in target 'FieldHT' from project 'FieldHT')
    cd /Users/benjaminfaershtein/Documents/FieldHT
    /Applications/Xcode.app/Contents/Developer/usr/bin/copypng -compress -strip-PNG-text /Users/benjaminfaershtein/Documents/FieldHT/FieldHT/Resources/APRSSymbols/P2.png /Users/benjaminfaershtein/Library/Developer/Xcode/DerivedData/FieldHT-bkhkrfdficylzyexnvmumnbbolba/Build/Products/Debug-iphonesimulator/FieldHT.app/P2.png

CopyPNGFile /Users/benjaminfaershtein/Library/Developer/Xcode/DerivedData/FieldHT-bkhkrfdficylzyexnvmumnbbolba/Build/Products/Debug-iphonesimulator/FieldHT.app/P1.png /Users/benjaminfaershtein/Documents/FieldHT/FieldHT/Resources/APRSSymbols/P1.png (in target 'FieldHT' from project 'FieldHT')
    cd /Users/benjaminfaershtein/Documents/FieldHT
    /Applications/Xcode.app/Contents/Developer/usr/bin/copypng -compress -strip-PNG-text /Users/benjaminfaershtein/Documents/FieldHT/FieldHT/Resources/APRSSymbols/P1.png /Users/benjaminfaershtein/Library/Developer/Xcode/DerivedData/FieldHT-bkhkrfdficylzyexnvmumnbbolba/Build/Products/Debug-iphonesimulator/FieldHT.app/P1.png

CopyPNGFile /Users/benjaminfaershtein/Library/Developer/Xcode/DerivedData/FieldHT-bkhkrfdficylzyexnvmumnbbolba/Build/Products/Debug-iphonesimulator/FieldHT.app/P0.png /Users/benjaminfaershtein/Documents/FieldHT/FieldHT/Resources/APRSSymbols/P0.png (in target 'FieldHT' from project 'FieldHT')
    cd /Users/benjaminfaershtein/Documents/FieldHT
    /Applications/Xcode.app/Contents/Developer/usr/bin/copypng -compress -strip-PNG-text /Users/benjaminfaershtein/Documents/FieldHT/FieldHT/Resources/APRSSymbols/P0.png /Users/benjaminfaershtein/Library/Developer/Xcode/DerivedData/FieldHT-bkhkrfdficylzyexnvmumnbbolba/Build/Products/Debug-iphonesimulator/FieldHT.app/P0.png

CopyPNGFile /Users/benjaminfaershtein/Library/Developer/Xcode/DerivedData/FieldHT-bkhkrfdficylzyexnvmumnbbolba/Build/Products/Debug-iphonesimulator/FieldHT.app/OP.png /Users/benjaminfaershtein/Documents/FieldHT/FieldHT/Resources/APRSSymbols/OP.png (in target 'FieldHT' from project 'FieldHT')
    cd /Users/benjaminfaershtein/Documents/FieldHT
    /Applications/Xcode.app/Contents/Developer/usr/bin/copypng -compress -strip-PNG-text /Users/benjaminfaershtein/Documents/FieldHT/FieldHT/Resources/APRSSymbols/OP.png /Users/benjaminfaershtein/Library/Developer/Xcode/DerivedData/FieldHT-bkhkrfdficylzyexnvmumnbbolba/Build/Products/Debug-iphonesimulator/FieldHT.app/OP.png

CopyPNGFile /Users/benjaminfaershtein/Library/Developer/Xcode/DerivedData/FieldHT-bkhkrfdficylzyexnvmumnbbolba/Build/Products/Debug-iphonesimulator/FieldHT.app/OO.png /Users/benjaminfaershtein/Documents/FieldHT/FieldHT/Resources/APRSSymbols/OO.png (in target 'FieldHT' from project 'FieldHT')
    cd /Users/benjaminfaershtein/Documents/FieldHT
    /Applications/Xcode.app/Contents/Developer/usr/bin/copypng -compress -strip-PNG-text /Users/benjaminfaershtein/Documents/FieldHT/FieldHT/Resources/APRSSymbols/OO.png /Users/benjaminfaershtein/Library/Developer/Xcode/DerivedData/FieldHT-bkhkrfdficylzyexnvmumnbbolba/Build/Products/Debug-iphonesimulator/FieldHT.app/OO.png

CopyPNGFile /Users/benjaminfaershtein/Library/Developer/Xcode/DerivedData/FieldHT-bkhkrfdficylzyexnvmumnbbolba/Build/Products/Debug-iphonesimulator/FieldHT.app/ON.png /Users/benjaminfaershtein/Documents/FieldHT/FieldHT/Resources/APRSSymbols/ON.png (in target 'FieldHT' from project 'FieldHT')
    cd /Users/benjaminfaershtein/Documents/FieldHT
    /Applications/Xcode.app/Contents/Developer/usr/bin/copypng -compress -strip-PNG-text /Users/benjaminfaershtein/Documents/FieldHT/FieldHT/Resources/APRSSymbols/ON.png /Users/benjaminfaershtein/Library/Developer/Xcode/DerivedData/FieldHT-bkhkrfdficylzyexnvmumnbbolba/Build/Products/Debug-iphonesimulator/FieldHT.app/ON.png

CopyPNGFile /Users/benjaminfaershtein/Library/Developer/Xcode/DerivedData/FieldHT-bkhkrfdficylzyexnvmumnbbolba/Build/Products/Debug-iphonesimulator/FieldHT.app/OM.png /Users/benjaminfaershtein/Documents/FieldHT/FieldHT/Resources/APRSSymbols/OM.png (in target 'FieldHT' from project 'FieldHT')
    cd /Users/benjaminfaershtein/Documents/FieldHT
    /Applications/Xcode.app/Contents/Developer/usr/bin/copypng -compress -strip-PNG-text /Users/benjaminfaershtein/Documents/FieldHT/FieldHT/Resources/APRSSymbols/OM.png /Users/benjaminfaershtein/Library/Developer/Xcode/DerivedData/FieldHT-bkhkrfdficylzyexnvmumnbbolba/Build/Products/Debug-iphonesimulator/FieldHT.app/OM.png

CopyPNGFile /Users/benjaminfaershtein/Library/Developer/Xcode/DerivedData/FieldHT-bkhkrfdficylzyexnvmumnbbolba/Build/Products/Debug-iphonesimulator/FieldHT.app/OL.png /Users/benjaminfaershtein/Documents/FieldHT/FieldHT/Resources/APRSSymbols/OL.png (in target 'FieldHT' from project 'FieldHT')
    cd /Users/benjaminfaershtein/Documents/FieldHT
    /Applications/Xcode.app/Contents/Developer/usr/bin/copypng -compress -strip-PNG-text /Users/benjaminfaershtein/Documents/FieldHT/FieldHT/Resources/APRSSymbols/OL.png /Users/benjaminfaershtein/Library/Developer/Xcode/DerivedData/FieldHT-bkhkrfdficylzyexnvmumnbbolba/Build/Products/Debug-iphonesimulator/FieldHT.app/OL.png

CopyPNGFile /Users/benjaminfaershtein/Library/Developer/Xcode/DerivedData/FieldHT-bkhkrfdficylzyexnvmumnbbolba/Build/Products/Debug-iphonesimulator/FieldHT.app/OK.png /Users/benjaminfaershtein/Documents/FieldHT/FieldHT/Resources/APRSSymbols/OK.png (in target 'FieldHT' from project 'FieldHT')
    cd /Users/benjaminfaershtein/Documents/FieldHT
    /Applications/Xcode.app/Contents/Developer/usr/bin/copypng -compress -strip-PNG-text /Users/benjaminfaershtein/Documents/FieldHT/FieldHT/Resources/APRSSymbols/OK.png /Users/benjaminfaershtein/Library/Developer/Xcode/DerivedData/FieldHT-bkhkrfdficylzyexnvmumnbbolba/Build/Products/Debug-iphonesimulator/FieldHT.app/OK.png

CopyPNGFile /Users/benjaminfaershtein/Library/Developer/Xcode/DerivedData/FieldHT-bkhkrfdficylzyexnvmumnbbolba/Build/Products/Debug-iphonesimulator/FieldHT.app/OJ.png /Users/benjaminfaershtein/Documents/FieldHT/FieldHT/Resources/APRSSymbols/OJ.png (in target 'FieldHT' from project 'FieldHT')
    cd /Users/benjaminfaershtein/Documents/FieldHT
    /Applications/Xcode.app/Contents/Developer/usr/bin/copypng -compress -strip-PNG-text /Users/benjaminfaershtein/Documents/FieldHT/FieldHT/Resources/APRSSymbols/OJ.png /Users/benjaminfaershtein/Library/Developer/Xcode/DerivedData/FieldHT-bkhkrfdficylzyexnvmumnbbolba/Build/Products/Debug-iphonesimulator/FieldHT.app/OJ.png

CopyPNGFile /Users/benjaminfaershtein/Library/Developer/Xcode/DerivedData/FieldHT-bkhkrfdficylzyexnvmumnbbolba/Build/Products/Debug-iphonesimulator/FieldHT.app/OI.png /Users/benjaminfaershtein/Documents/FieldHT/FieldHT/Resources/APRSSymbols/OI.png (in target 'FieldHT' from project 'FieldHT')
    cd /Users/benjaminfaershtein/Documents/FieldHT
    /Applications/Xcode.app/Contents/Developer/usr/bin/copypng -compress -strip-PNG-text /Users/benjaminfaershtein/Documents/FieldHT/FieldHT/Resources/APRSSymbols/OI.png /Users/benjaminfaershtein/Library/Developer/Xcode/DerivedData/FieldHT-bkhkrfdficylzyexnvmumnbbolba/Build/Products/Debug-iphonesimulator/FieldHT.app/OI.png

CopyPNGFile /Users/benjaminfaershtein/Library/Developer/Xcode/DerivedData/FieldHT-bkhkrfdficylzyexnvmumnbbolba/Build/Products/Debug-iphonesimulator/FieldHT.app/OH.png /Users/benjaminfaershtein/Documents/FieldHT/FieldHT/Resources/APRSSymbols/OH.png (in target 'FieldHT' from project 'FieldHT')
    cd /Users/benjaminfaershtein/Documents/FieldHT
    /Applications/Xcode.app/Contents/Developer/usr/bin/copypng -compress -strip-PNG-text /Users/benjaminfaershtein/Documents/FieldHT/FieldHT/Resources/APRSSymbols/OH.png /Users/benjaminfaershtein/Library/Developer/Xcode/DerivedData/FieldHT-bkhkrfdficylzyexnvmumnbbolba/Build/Products/Debug-iphonesimulator/FieldHT.app/OH.png

CopyPNGFile /Users/benjaminfaershtein/Library/Developer/Xcode/DerivedData/FieldHT-bkhkrfdficylzyexnvmumnbbolba/Build/Products/Debug-iphonesimulator/FieldHT.app/OG.png /Users/benjaminfaershtein/Documents/FieldHT/FieldHT/Resources/APRSSymbols/OG.png (in target 'FieldHT' from project 'FieldHT')
    cd /Users/benjaminfaershtein/Documents/FieldHT
    /Applications/Xcode.app/Contents/Developer/usr/bin/copypng -compress -strip-PNG-text /Users/benjaminfaershtein/Documents/FieldHT/FieldHT/Resources/APRSSymbols/OG.png /Users/benjaminfaershtein/Library/Developer/Xcode/DerivedData/FieldHT-bkhkrfdficylzyexnvmumnbbolba/Build/Products/Debug-iphonesimulator/FieldHT.app/OG.png

CopyPNGFile /Users/benjaminfaershtein/Library/Developer/Xcode/DerivedData/FieldHT-bkhkrfdficylzyexnvmumnbbolba/Build/Products/Debug-iphonesimulator/FieldHT.app/OE.png /Users/benjaminfaershtein/Documents/FieldHT/FieldHT/Resources/APRSSymbols/OE.png (in target 'FieldHT' from project 'FieldHT')
    cd /Users/benjaminfaershtein/Documents/FieldHT
    /Applications/Xcode.app/Contents/Developer/usr/bin/copypng -compress -strip-PNG-text /Users/benjaminfaershtein/Documents/FieldHT/FieldHT/Resources/APRSSymbols/OE.png /Users/benjaminfaershtein/Library/Developer/Xcode/DerivedData/FieldHT-bkhkrfdficylzyexnvmumnbbolba/Build/Products/Debug-iphonesimulator/FieldHT.app/OE.png

CopyPNGFile /Users/benjaminfaershtein/Library/Developer/Xcode/DerivedData/FieldHT-bkhkrfdficylzyexnvmumnbbolba/Build/Products/Debug-iphonesimulator/FieldHT.app/OD.png /Users/benjaminfaershtein/Documents/FieldHT/FieldHT/Resources/APRSSymbols/OD.png (in target 'FieldHT' from project 'FieldHT')
    cd /Users/benjaminfaershtein/Documents/FieldHT
    /Applications/Xcode.app/Contents/Developer/usr/bin/copypng -compress -strip-PNG-text /Users/benjaminfaershtein/Documents/FieldHT/FieldHT/Resources/APRSSymbols/OD.png /Users/benjaminfaershtein/Library/Developer/Xcode/DerivedData/FieldHT-bkhkrfdficylzyexnvmumnbbolba/Build/Products/Debug-iphonesimulator/FieldHT.app/OD.png

CopyPNGFile /Users/benjaminfaershtein/Library/Developer/Xcode/DerivedData/FieldHT-bkhkrfdficylzyexnvmumnbbolba/Build/Products/Debug-iphonesimulator/FieldHT.app/OB.png /Users/benjaminfaershtein/Documents/FieldHT/FieldHT/Resources/APRSSymbols/OB.png (in target 'FieldHT' from project 'FieldHT')
    cd /Users/benjaminfaershtein/Documents/FieldHT
    /Applications/Xcode.app/Contents/Developer/usr/bin/copypng -compress -strip-PNG-text /Users/benjaminfaershtein/Documents/FieldHT/FieldHT/Resources/APRSSymbols/OB.png /Users/benjaminfaershtein/Library/Developer/Xcode/DerivedData/FieldHT-bkhkrfdficylzyexnvmumnbbolba/Build/Products/Debug-iphonesimulator/FieldHT.app/OB.png

CopyPNGFile /Users/benjaminfaershtein/Library/Developer/Xcode/DerivedData/FieldHT-bkhkrfdficylzyexnvmumnbbolba/Build/Products/Debug-iphonesimulator/FieldHT.app/NX.png /Users/benjaminfaershtein/Documents/FieldHT/FieldHT/Resources/APRSSymbols/NX.png (in target 'FieldHT' from project 'FieldHT')
    cd /Users/benjaminfaershtein/Documents/FieldHT
    /Applications/Xcode.app/Contents/Developer/usr/bin/copypng -compress -strip-PNG-text /Users/benjaminfaershtein/Documents/FieldHT/FieldHT/Resources/APRSSymbols/NX.png /Users/benjaminfaershtein/Library/Developer/Xcode/DerivedData/FieldHT-bkhkrfdficylzyexnvmumnbbolba/Build/Products/Debug-iphonesimulator/FieldHT.app/NX.png

CopyPNGFile /Users/benjaminfaershtein/Library/Developer/Xcode/DerivedData/FieldHT-bkhkrfdficylzyexnvmumnbbolba/Build/Products/Debug-iphonesimulator/FieldHT.app/NW.png /Users/benjaminfaershtein/Documents/FieldHT/FieldHT/Resources/APRSSymbols/NW.png (in target 'FieldHT' from project 'FieldHT')
    cd /Users/benjaminfaershtein/Documents/FieldHT
    /Applications/Xcode.app/Contents/Developer/usr/bin/copypng -compress -strip-PNG-text /Users/benjaminfaershtein/Documents/FieldHT/FieldHT/Resources/APRSSymbols/NW.png /Users/benjaminfaershtein/Library/Developer/Xcode/DerivedData/FieldHT-bkhkrfdficylzyexnvmumnbbolba/Build/Products/Debug-iphonesimulator/FieldHT.app/NW.png

CopyPNGFile /Users/benjaminfaershtein/Library/Developer/Xcode/DerivedData/FieldHT-bkhkrfdficylzyexnvmumnbbolba/Build/Products/Debug-iphonesimulator/FieldHT.app/NV.png /Users/benjaminfaershtein/Documents/FieldHT/FieldHT/Resources/APRSSymbols/NV.png (in target 'FieldHT' from project 'FieldHT')
    cd /Users/benjaminfaershtein/Documents/FieldHT
    /Applications/Xcode.app/Contents/Developer/usr/bin/copypng -compress -strip-PNG-text /Users/benjaminfaershtein/Documents/FieldHT/FieldHT/Resources/APRSSymbols/NV.png /Users/benjaminfaershtein/Library/Developer/Xcode/DerivedData/FieldHT-bkhkrfdficylzyexnvmumnbbolba/Build/Products/Debug-iphonesimulator/FieldHT.app/NV.png

CopyPNGFile /Users/benjaminfaershtein/Library/Developer/Xcode/DerivedData/FieldHT-bkhkrfdficylzyexnvmumnbbolba/Build/Products/Debug-iphonesimulator/FieldHT.app/NT.png /Users/benjaminfaershtein/Documents/FieldHT/FieldHT/Resources/APRSSymbols/NT.png (in target 'FieldHT' from project 'FieldHT')
    cd /Users/benjaminfaershtein/Documents/FieldHT
    /Applications/Xcode.app/Contents/Developer/usr/bin/copypng -compress -strip-PNG-text /Users/benjaminfaershtein/Documents/FieldHT/FieldHT/Resources/APRSSymbols/NT.png /Users/benjaminfaershtein/Library/Developer/Xcode/DerivedData/FieldHT-bkhkrfdficylzyexnvmumnbbolba/Build/Products/Debug-iphonesimulator/FieldHT.app/NT.png

CopyPNGFile /Users/benjaminfaershtein/Library/Developer/Xcode/DerivedData/FieldHT-bkhkrfdficylzyexnvmumnbbolba/Build/Products/Debug-iphonesimulator/FieldHT.app/NS.png /Users/benjaminfaershtein/Documents/FieldHT/FieldHT/Resources/APRSSymbols/NS.png (in target 'FieldHT' from project 'FieldHT')
    cd /Users/benjaminfaershtein/Documents/FieldHT
    /Applications/Xcode.app/Contents/Developer/usr/bin/copypng -compress -strip-PNG-text /Users/benjaminfaershtein/Documents/FieldHT/FieldHT/Resources/APRSSymbols/NS.png /Users/benjaminfaershtein/Library/Developer/Xcode/DerivedData/FieldHT-bkhkrfdficylzyexnvmumnbbolba/Build/Products/Debug-iphonesimulator/FieldHT.app/NS.png

CopyPNGFile /Users/benjaminfaershtein/Library/Developer/Xcode/DerivedData/FieldHT-bkhkrfdficylzyexnvmumnbbolba/Build/Products/Debug-iphonesimulator/FieldHT.app/NR.png /Users/benjaminfaershtein/Documents/FieldHT/FieldHT/Resources/APRSSymbols/NR.png (in target 'FieldHT' from project 'FieldHT')
    cd /Users/benjaminfaershtein/Documents/FieldHT
    /Applications/Xcode.app/Contents/Developer/usr/bin/copypng -compress -strip-PNG-text /Users/benjaminfaershtein/Documents/FieldHT/FieldHT/Resources/APRSSymbols/NR.png /Users/benjaminfaershtein/Library/Developer/Xcode/DerivedData/FieldHT-bkhkrfdficylzyexnvmumnbbolba/Build/Products/Debug-iphonesimulator/FieldHT.app/NR.png

CopyPNGFile /Users/benjaminfaershtein/Library/Developer/Xcode/DerivedData/FieldHT-bkhkrfdficylzyexnvmumnbbolba/Build/Products/Debug-iphonesimulator/FieldHT.app/MX.png /Users/benjaminfaershtein/Documents/FieldHT/FieldHT/Resources/APRSSymbols/MX.png (in target 'FieldHT' from project 'FieldHT')
    cd /Users/benjaminfaershtein/Documents/FieldHT
    /Applications/Xcode.app/Contents/Developer/usr/bin/copypng -compress -strip-PNG-text /Users/benjaminfaershtein/Documents/FieldHT/FieldHT/Resources/APRSSymbols/MX.png /Users/benjaminfaershtein/Library/Developer/Xcode/DerivedData/FieldHT-bkhkrfdficylzyexnvmumnbbolba/Build/Products/Debug-iphonesimulator/FieldHT.app/MX.png

CopyPNGFile /Users/benjaminfaershtein/Library/Developer/Xcode/DerivedData/FieldHT-bkhkrfdficylzyexnvmumnbbolba/Build/Products/Debug-iphonesimulator/FieldHT.app/MW.png /Users/benjaminfaershtein/Documents/FieldHT/FieldHT/Resources/APRSSymbols/MW.png (in target 'FieldHT' from project 'FieldHT')
    cd /Users/benjaminfaershtein/Documents/FieldHT
    /Applications/Xcode.app/Contents/Developer/usr/bin/copypng -compress -strip-PNG-text /Users/benjaminfaershtein/Documents/FieldHT/FieldHT/Resources/APRSSymbols/MW.png /Users/benjaminfaershtein/Library/Developer/Xcode/DerivedData/FieldHT-bkhkrfdficylzyexnvmumnbbolba/Build/Products/Debug-iphonesimulator/FieldHT.app/MW.png

CopyPNGFile /Users/benjaminfaershtein/Library/Developer/Xcode/DerivedData/FieldHT-bkhkrfdficylzyexnvmumnbbolba/Build/Products/Debug-iphonesimulator/FieldHT.app/MV.png /Users/benjaminfaershtein/Documents/FieldHT/FieldHT/Resources/APRSSymbols/MV.png (in target 'FieldHT' from project 'FieldHT')
    cd /Users/benjaminfaershtein/Documents/FieldHT
    /Applications/Xcode.app/Contents/Developer/usr/bin/copypng -compress -strip-PNG-text /Users/benjaminfaershtein/Documents/FieldHT/FieldHT/Resources/APRSSymbols/MV.png /Users/benjaminfaershtein/Library/Developer/Xcode/DerivedData/FieldHT-bkhkrfdficylzyexnvmumnbbolba/Build/Products/Debug-iphonesimulator/FieldHT.app/MV.png

CopyPNGFile /Users/benjaminfaershtein/Library/Developer/Xcode/DerivedData/FieldHT-bkhkrfdficylzyexnvmumnbbolba/Build/Products/Debug-iphonesimulator/FieldHT.app/MU.png /Users/benjaminfaershtein/Documents/FieldHT/FieldHT/Resources/APRSSymbols/MU.png (in target 'FieldHT' from project 'FieldHT')
    cd /Users/benjaminfaershtein/Documents/FieldHT
    /Applications/Xcode.app/Contents/Developer/usr/bin/copypng -compress -strip-PNG-text /Users/benjaminfaershtein/Documents/FieldHT/FieldHT/Resources/APRSSymbols/MU.png /Users/benjaminfaershtein/Library/Developer/Xcode/DerivedData/FieldHT-bkhkrfdficylzyexnvmumnbbolba/Build/Products/Debug-iphonesimulator/FieldHT.app/MU.png

CopyPNGFile /Users/benjaminfaershtein/Library/Developer/Xcode/DerivedData/FieldHT-bkhkrfdficylzyexnvmumnbbolba/Build/Products/Debug-iphonesimulator/FieldHT.app/MT.png /Users/benjaminfaershtein/Documents/FieldHT/FieldHT/Resources/APRSSymbols/MT.png (in target 'FieldHT' from project 'FieldHT')
    cd /Users/benjaminfaershtein/Documents/FieldHT
    /Applications/Xcode.app/Contents/Developer/usr/bin/copypng -compress -strip-PNG-text /Users/benjaminfaershtein/Documents/FieldHT/FieldHT/Resources/APRSSymbols/MT.png /Users/benjaminfaershtein/Library/Developer/Xcode/DerivedData/FieldHT-bkhkrfdficylzyexnvmumnbbolba/Build/Products/Debug-iphonesimulator/FieldHT.app/MT.png

CopyPNGFile /Users/benjaminfaershtein/Library/Developer/Xcode/DerivedData/FieldHT-bkhkrfdficylzyexnvmumnbbolba/Build/Products/Debug-iphonesimulator/FieldHT.app/MS.png /Users/benjaminfaershtein/Documents/FieldHT/FieldHT/Resources/APRSSymbols/MS.png (in target 'FieldHT' from project 'FieldHT')
    cd /Users/benjaminfaershtein/Documents/FieldHT
    /Applications/Xcode.app/Contents/Developer/usr/bin/copypng -compress -strip-PNG-text /Users/benjaminfaershtein/Documents/FieldHT/FieldHT/Resources/APRSSymbols/MS.png /Users/benjaminfaershtein/Library/Developer/Xcode/DerivedData/FieldHT-bkhkrfdficylzyexnvmumnbbolba/Build/Products/Debug-iphonesimulator/FieldHT.app/MS.png

CopyPNGFile /Users/benjaminfaershtein/Library/Developer/Xcode/DerivedData/FieldHT-bkhkrfdficylzyexnvmumnbbolba/Build/Products/Debug-iphonesimulator/FieldHT.app/MR.png /Users/benjaminfaershtein/Documents/FieldHT/FieldHT/Resources/APRSSymbols/MR.png (in target 'FieldHT' from project 'FieldHT')
    cd /Users/benjaminfaershtein/Documents/FieldHT
    /Applications/Xcode.app/Contents/Developer/usr/bin/copypng -compress -strip-PNG-text /Users/benjaminfaershtein/Documents/FieldHT/FieldHT/Resources/APRSSymbols/MR.png /Users/benjaminfaershtein/Library/Developer/Xcode/DerivedData/FieldHT-bkhkrfdficylzyexnvmumnbbolba/Build/Products/Debug-iphonesimulator/FieldHT.app/MR.png

CopyPNGFile /Users/benjaminfaershtein/Library/Developer/Xcode/DerivedData/FieldHT-bkhkrfdficylzyexnvmumnbbolba/Build/Products/Debug-iphonesimulator/FieldHT.app/LZ.png /Users/benjaminfaershtein/Documents/FieldHT/FieldHT/Resources/APRSSymbols/LZ.png (in target 'FieldHT' from project 'FieldHT')
    cd /Users/benjaminfaershtein/Documents/FieldHT
    /Applications/Xcode.app/Contents/Developer/usr/bin/copypng -compress -strip-PNG-text /Users/benjaminfaershtein/Documents/FieldHT/FieldHT/Resources/APRSSymbols/LZ.png /Users/benjaminfaershtein/Library/Developer/Xcode/DerivedData/FieldHT-bkhkrfdficylzyexnvmumnbbolba/Build/Products/Debug-iphonesimulator/FieldHT.app/LZ.png

CopyPNGFile /Users/benjaminfaershtein/Library/Developer/Xcode/DerivedData/FieldHT-bkhkrfdficylzyexnvmumnbbolba/Build/Products/Debug-iphonesimulator/FieldHT.app/LY.png /Users/benjaminfaershtein/Documents/FieldHT/FieldHT/Resources/APRSSymbols/LY.png (in target 'FieldHT' from project 'FieldHT')
    cd /Users/benjaminfaershtein/Documents/FieldHT
    /Applications/Xcode.app/Contents/Developer/usr/bin/copypng -compress -strip-PNG-text /Users/benjaminfaershtein/Documents/FieldHT/FieldHT/Resources/APRSSymbols/LY.png /Users/benjaminfaershtein/Library/Developer/Xcode/DerivedData/FieldHT-bkhkrfdficylzyexnvmumnbbolba/Build/Products/Debug-iphonesimulator/FieldHT.app/LY.png

CopyPNGFile /Users/benjaminfaershtein/Library/Developer/Xcode/DerivedData/FieldHT-bkhkrfdficylzyexnvmumnbbolba/Build/Products/Debug-iphonesimulator/FieldHT.app/LX.png /Users/benjaminfaershtein/Documents/FieldHT/FieldHT/Resources/APRSSymbols/LX.png (in target 'FieldHT' from project 'FieldHT')
    cd /Users/benjaminfaershtein/Documents/FieldHT
    /Applications/Xcode.app/Contents/Developer/usr/bin/copypng -compress -strip-PNG-text /Users/benjaminfaershtein/Documents/FieldHT/FieldHT/Resources/APRSSymbols/LX.png /Users/benjaminfaershtein/Library/Developer/Xcode/DerivedData/FieldHT-bkhkrfdficylzyexnvmumnbbolba/Build/Products/Debug-iphonesimulator/FieldHT.app/LX.png

CopyPNGFile /Users/benjaminfaershtein/Library/Developer/Xcode/DerivedData/FieldHT-bkhkrfdficylzyexnvmumnbbolba/Build/Products/Debug-iphonesimulator/FieldHT.app/LW.png /Users/benjaminfaershtein/Documents/FieldHT/FieldHT/Resources/APRSSymbols/LW.png (in target 'FieldHT' from project 'FieldHT')
    cd /Users/benjaminfaershtein/Documents/FieldHT
    /Applications/Xcode.app/Contents/Developer/usr/bin/copypng -compress -strip-PNG-text /Users/benjaminfaershtein/Documents/FieldHT/FieldHT/Resources/APRSSymbols/LW.png /Users/benjaminfaershtein/Library/Developer/Xcode/DerivedData/FieldHT-bkhkrfdficylzyexnvmumnbbolba/Build/Products/Debug-iphonesimulator/FieldHT.app/LW.png

CopyPNGFile /Users/benjaminfaershtein/Library/Developer/Xcode/DerivedData/FieldHT-bkhkrfdficylzyexnvmumnbbolba/Build/Products/Debug-iphonesimulator/FieldHT.app/LV.png /Users/benjaminfaershtein/Documents/FieldHT/FieldHT/Resources/APRSSymbols/LV.png (in target 'FieldHT' from project 'FieldHT')
    cd /Users/benjaminfaershtein/Documents/FieldHT
    /Applications/Xcode.app/Contents/Developer/usr/bin/copypng -compress -strip-PNG-text /Users/benjaminfaershtein/Documents/FieldHT/FieldHT/Resources/APRSSymbols/LV.png /Users/benjaminfaershtein/Library/Developer/Xcode/DerivedData/FieldHT-bkhkrfdficylzyexnvmumnbbolba/Build/Products/Debug-iphonesimulator/FieldHT.app/LV.png

CopyPNGFile /Users/benjaminfaershtein/Library/Developer/Xcode/DerivedData/FieldHT-bkhkrfdficylzyexnvmumnbbolba/Build/Products/Debug-iphonesimulator/FieldHT.app/LU.png /Users/benjaminfaershtein/Documents/FieldHT/FieldHT/Resources/APRSSymbols/LU.png (in target 'FieldHT' from project 'FieldHT')
    cd /Users/benjaminfaershtein/Documents/FieldHT
    /Applications/Xcode.app/Contents/Developer/usr/bin/copypng -compress -strip-PNG-text /Users/benjaminfaershtein/Documents/FieldHT/FieldHT/Resources/APRSSymbols/LU.png /Users/benjaminfaershtein/Library/Developer/Xcode/DerivedData/FieldHT-bkhkrfdficylzyexnvmumnbbolba/Build/Products/Debug-iphonesimulator/FieldHT.app/LU.png

CopyPNGFile /Users/benjaminfaershtein/Library/Developer/Xcode/DerivedData/FieldHT-bkhkrfdficylzyexnvmumnbbolba/Build/Products/Debug-iphonesimulator/FieldHT.app/LT.png /Users/benjaminfaershtein/Documents/FieldHT/FieldHT/Resources/APRSSymbols/LT.png (in target 'FieldHT' from project 'FieldHT')
    cd /Users/benjaminfaershtein/Documents/FieldHT
    /Applications/Xcode.app/Contents/Developer/usr/bin/copypng -compress -strip-PNG-text /Users/benjaminfaershtein/Documents/FieldHT/FieldHT/Resources/APRSSymbols/LT.png /Users/benjaminfaershtein/Library/Developer/Xcode/DerivedData/FieldHT-bkhkrfdficylzyexnvmumnbbolba/Build/Products/Debug-iphonesimulator/FieldHT.app/LT.png

CopyPNGFile /Users/benjaminfaershtein/Library/Developer/Xcode/DerivedData/FieldHT-bkhkrfdficylzyexnvmumnbbolba/Build/Products/Debug-iphonesimulator/FieldHT.app/LS.png /Users/benjaminfaershtein/Documents/FieldHT/FieldHT/Resources/APRSSymbols/LS.png (in target 'FieldHT' from project 'FieldHT')
    cd /Users/benjaminfaershtein/Documents/FieldHT
    /Applications/Xcode.app/Contents/Developer/usr/bin/copypng -compress -strip-PNG-text /Users/benjaminfaershtein/Documents/FieldHT/FieldHT/Resources/APRSSymbols/LS.png /Users/benjaminfaershtein/Library/Developer/Xcode/DerivedData/FieldHT-bkhkrfdficylzyexnvmumnbbolba/Build/Products/Debug-iphonesimulator/FieldHT.app/LS.png

CopyPNGFile /Users/benjaminfaershtein/Library/Developer/Xcode/DerivedData/FieldHT-bkhkrfdficylzyexnvmumnbbolba/Build/Products/Debug-iphonesimulator/FieldHT.app/LR.png /Users/benjaminfaershtein/Documents/FieldHT/FieldHT/Resources/APRSSymbols/LR.png (in target 'FieldHT' from project 'FieldHT')
    cd /Users/benjaminfaershtein/Documents/FieldHT
    /Applications/Xcode.app/Contents/Developer/usr/bin/copypng -compress -strip-PNG-text /Users/benjaminfaershtein/Documents/FieldHT/FieldHT/Resources/APRSSymbols/LR.png /Users/benjaminfaershtein/Library/Developer/Xcode/DerivedData/FieldHT-bkhkrfdficylzyexnvmumnbbolba/Build/Products/Debug-iphonesimulator/FieldHT.app/LR.png

CopyPNGFile /Users/benjaminfaershtein/Library/Developer/Xcode/DerivedData/FieldHT-bkhkrfdficylzyexnvmumnbbolba/Build/Products/Debug-iphonesimulator/FieldHT.app/LQ.png /Users/benjaminfaershtein/Documents/FieldHT/FieldHT/Resources/APRSSymbols/LQ.png (in target 'FieldHT' from project 'FieldHT')
    cd /Users/benjaminfaershtein/Documents/FieldHT
    /Applications/Xcode.app/Contents/Developer/usr/bin/copypng -compress -strip-PNG-text /Users/benjaminfaershtein/Documents/FieldHT/FieldHT/Resources/APRSSymbols/LQ.png /Users/benjaminfaershtein/Library/Developer/Xcode/DerivedData/FieldHT-bkhkrfdficylzyexnvmumnbbolba/Build/Products/Debug-iphonesimulator/FieldHT.app/LQ.png

CopyPNGFile /Users/benjaminfaershtein/Library/Developer/Xcode/DerivedData/FieldHT-bkhkrfdficylzyexnvmumnbbolba/Build/Products/Debug-iphonesimulator/FieldHT.app/LP.png /Users/benjaminfaershtein/Documents/FieldHT/FieldHT/Resources/APRSSymbols/LP.png (in target 'FieldHT' from project 'FieldHT')
    cd /Users/benjaminfaershtein/Documents/FieldHT
    /Applications/Xcode.app/Contents/Developer/usr/bin/copypng -compress -strip-PNG-text /Users/benjaminfaershtein/Documents/FieldHT/FieldHT/Resources/APRSSymbols/LP.png /Users/benjaminfaershtein/Library/Developer/Xcode/DerivedData/FieldHT-bkhkrfdficylzyexnvmumnbbolba/Build/Products/Debug-iphonesimulator/FieldHT.app/LP.png

CopyPNGFile /Users/benjaminfaershtein/Library/Developer/Xcode/DerivedData/FieldHT-bkhkrfdficylzyexnvmumnbbolba/Build/Products/Debug-iphonesimulator/FieldHT.app/LO.png /Users/benjaminfaershtein/Documents/FieldHT/FieldHT/Resources/APRSSymbols/LO.png (in target 'FieldHT' from project 'FieldHT')
    cd /Users/benjaminfaershtein/Documents/FieldHT
    /Applications/Xcode.app/Contents/Developer/usr/bin/copypng -compress -strip-PNG-text /Users/benjaminfaershtein/Documents/FieldHT/FieldHT/Resources/APRSSymbols/LO.png /Users/benjaminfaershtein/Library/Developer/Xcode/DerivedData/FieldHT-bkhkrfdficylzyexnvmumnbbolba/Build/Products/Debug-iphonesimulator/FieldHT.app/LO.png

CopyPNGFile /Users/benjaminfaershtein/Library/Developer/Xcode/DerivedData/FieldHT-bkhkrfdficylzyexnvmumnbbolba/Build/Products/Debug-iphonesimulator/FieldHT.app/LN.png /Users/benjaminfaershtein/Documents/FieldHT/FieldHT/Resources/APRSSymbols/LN.png (in target 'FieldHT' from project 'FieldHT')
    cd /Users/benjaminfaershtein/Documents/FieldHT
    /Applications/Xcode.app/Contents/Developer/usr/bin/copypng -compress -strip-PNG-text /Users/benjaminfaershtein/Documents/FieldHT/FieldHT/Resources/APRSSymbols/LN.png /Users/benjaminfaershtein/Library/Developer/Xcode/DerivedData/FieldHT-bkhkrfdficylzyexnvmumnbbolba/Build/Products/Debug-iphonesimulator/FieldHT.app/LN.png

CopyPNGFile /Users/benjaminfaershtein/Library/Developer/Xcode/DerivedData/FieldHT-bkhkrfdficylzyexnvmumnbbolba/Build/Products/Debug-iphonesimulator/FieldHT.app/LM.png /Users/benjaminfaershtein/Documents/FieldHT/FieldHT/Resources/APRSSymbols/LM.png (in target 'FieldHT' from project 'FieldHT')
    cd /Users/benjaminfaershtein/Documents/FieldHT
    /Applications/Xcode.app/Contents/Developer/usr/bin/copypng -compress -strip-PNG-text /Users/benjaminfaershtein/Documents/FieldHT/FieldHT/Resources/APRSSymbols/LM.png /Users/benjaminfaershtein/Library/Developer/Xcode/DerivedData/FieldHT-bkhkrfdficylzyexnvmumnbbolba/Build/Products/Debug-iphonesimulator/FieldHT.app/LM.png

CopyPNGFile /Users/benjaminfaershtein/Library/Developer/Xcode/DerivedData/FieldHT-bkhkrfdficylzyexnvmumnbbolba/Build/Products/Debug-iphonesimulator/FieldHT.app/LL.png /Users/benjaminfaershtein/Documents/FieldHT/FieldHT/Resources/APRSSymbols/LL.png (in target 'FieldHT' from project 'FieldHT')
    cd /Users/benjaminfaershtein/Documents/FieldHT
    /Applications/Xcode.app/Contents/Developer/usr/bin/copypng -compress -strip-PNG-text /Users/benjaminfaershtein/Documents/FieldHT/FieldHT/Resources/APRSSymbols/LL.png /Users/benjaminfaershtein/Library/Developer/Xcode/DerivedData/FieldHT-bkhkrfdficylzyexnvmumnbbolba/Build/Products/Debug-iphonesimulator/FieldHT.app/LL.png

CopyPNGFile /Users/benjaminfaershtein/Library/Developer/Xcode/DerivedData/FieldHT-bkhkrfdficylzyexnvmumnbbolba/Build/Products/Debug-iphonesimulator/FieldHT.app/LK.png /Users/benjaminfaershtein/Documents/FieldHT/FieldHT/Resources/APRSSymbols/LK.png (in target 'FieldHT' from project 'FieldHT')
    cd /Users/benjaminfaershtein/Documents/FieldHT
    /Applications/Xcode.app/Contents/Developer/usr/bin/copypng -compress -strip-PNG-text /Users/benjaminfaershtein/Documents/FieldHT/FieldHT/Resources/APRSSymbols/LK.png /Users/benjaminfaershtein/Library/Developer/Xcode/DerivedData/FieldHT-bkhkrfdficylzyexnvmumnbbolba/Build/Products/Debug-iphonesimulator/FieldHT.app/LK.png

CopyPNGFile /Users/benjaminfaershtein/Library/Developer/Xcode/DerivedData/FieldHT-bkhkrfdficylzyexnvmumnbbolba/Build/Products/Debug-iphonesimulator/FieldHT.app/LJ.png /Users/benjaminfaershtein/Documents/FieldHT/FieldHT/Resources/APRSSymbols/LJ.png (in target 'FieldHT' from project 'FieldHT')
    cd /Users/benjaminfaershtein/Documents/FieldHT
    /Applications/Xcode.app/Contents/Developer/usr/bin/copypng -compress -strip-PNG-text /Users/benjaminfaershtein/Documents/FieldHT/FieldHT/Resources/APRSSymbols/LJ.png /Users/benjaminfaershtein/Library/Developer/Xcode/DerivedData/FieldHT-bkhkrfdficylzyexnvmumnbbolba/Build/Products/Debug-iphonesimulator/FieldHT.app/LJ.png

CopyPNGFile /Users/benjaminfaershtein/Library/Developer/Xcode/DerivedData/FieldHT-bkhkrfdficylzyexnvmumnbbolba/Build/Products/Debug-iphonesimulator/FieldHT.app/LI.png /Users/benjaminfaershtein/Documents/FieldHT/FieldHT/Resources/APRSSymbols/LI.png (in target 'FieldHT' from project 'FieldHT')
    cd /Users/benjaminfaershtein/Documents/FieldHT
    /Applications/Xcode.app/Contents/Developer/usr/bin/copypng -compress -strip-PNG-text /Users/benjaminfaershtein/Documents/FieldHT/FieldHT/Resources/APRSSymbols/LI.png /Users/benjaminfaershtein/Library/Developer/Xcode/DerivedData/FieldHT-bkhkrfdficylzyexnvmumnbbolba/Build/Products/Debug-iphonesimulator/FieldHT.app/LI.png

CopyPNGFile /Users/benjaminfaershtein/Library/Developer/Xcode/DerivedData/FieldHT-bkhkrfdficylzyexnvmumnbbolba/Build/Products/Debug-iphonesimulator/FieldHT.app/LH.png /Users/benjaminfaershtein/Documents/FieldHT/FieldHT/Resources/APRSSymbols/LH.png (in target 'FieldHT' from project 'FieldHT')
    cd /Users/benjaminfaershtein/Documents/FieldHT
    /Applications/Xcode.app/Contents/Developer/usr/bin/copypng -compress -strip-PNG-text /Users/benjaminfaershtein/Documents/FieldHT/FieldHT/Resources/APRSSymbols/LH.png /Users/benjaminfaershtein/Library/Developer/Xcode/DerivedData/FieldHT-bkhkrfdficylzyexnvmumnbbolba/Build/Products/Debug-iphonesimulator/FieldHT.app/LH.png

CopyPNGFile /Users/benjaminfaershtein/Library/Developer/Xcode/DerivedData/FieldHT-bkhkrfdficylzyexnvmumnbbolba/Build/Products/Debug-iphonesimulator/FieldHT.app/LG.png /Users/benjaminfaershtein/Documents/FieldHT/FieldHT/Resources/APRSSymbols/LG.png (in target 'FieldHT' from project 'FieldHT')
    cd /Users/benjaminfaershtein/Documents/FieldHT
    /Applications/Xcode.app/Contents/Developer/usr/bin/copypng -compress -strip-PNG-text /Users/benjaminfaershtein/Documents/FieldHT/FieldHT/Resources/APRSSymbols/LG.png /Users/benjaminfaershtein/Library/Developer/Xcode/DerivedData/FieldHT-bkhkrfdficylzyexnvmumnbbolba/Build/Products/Debug-iphonesimulator/FieldHT.app/LG.png

CopyPNGFile /Users/benjaminfaershtein/Library/Developer/Xcode/DerivedData/FieldHT-bkhkrfdficylzyexnvmumnbbolba/Build/Products/Debug-iphonesimulator/FieldHT.app/LF.png /Users/benjaminfaershtein/Documents/FieldHT/FieldHT/Resources/APRSSymbols/LF.png (in target 'FieldHT' from project 'FieldHT')
    cd /Users/benjaminfaershtein/Documents/FieldHT
    /Applications/Xcode.app/Contents/Developer/usr/bin/copypng -compress -strip-PNG-text /Users/benjaminfaershtein/Documents/FieldHT/FieldHT/Resources/APRSSymbols/LF.png /Users/benjaminfaershtein/Library/Developer/Xcode/DerivedData/FieldHT-bkhkrfdficylzyexnvmumnbbolba/Build/Products/Debug-iphonesimulator/FieldHT.app/LF.png

CopyPNGFile /Users/benjaminfaershtein/Library/Developer/Xcode/DerivedData/FieldHT-bkhkrfdficylzyexnvmumnbbolba/Build/Products/Debug-iphonesimulator/FieldHT.app/LE.png /Users/benjaminfaershtein/Documents/FieldHT/FieldHT/Resources/APRSSymbols/LE.png (in target 'FieldHT' from project 'FieldHT')
    cd /Users/benjaminfaershtein/Documents/FieldHT
    /Applications/Xcode.app/Contents/Developer/usr/bin/copypng -compress -strip-PNG-text /Users/benjaminfaershtein/Documents/FieldHT/FieldHT/Resources/APRSSymbols/LE.png /Users/benjaminfaershtein/Library/Developer/Xcode/DerivedData/FieldHT-bkhkrfdficylzyexnvmumnbbolba/Build/Products/Debug-iphonesimulator/FieldHT.app/LE.png

CopyPNGFile /Users/benjaminfaershtein/Library/Developer/Xcode/DerivedData/FieldHT-bkhkrfdficylzyexnvmumnbbolba/Build/Products/Debug-iphonesimulator/FieldHT.app/LD.png /Users/benjaminfaershtein/Documents/FieldHT/FieldHT/Resources/APRSSymbols/LD.png (in target 'FieldHT' from project 'FieldHT')
    cd /Users/benjaminfaershtein/Documents/FieldHT
    /Applications/Xcode.app/Contents/Developer/usr/bin/copypng -compress -strip-PNG-text /Users/benjaminfaershtein/Documents/FieldHT/FieldHT/Resources/APRSSymbols/LD.png /Users/benjaminfaershtein/Library/Developer/Xcode/DerivedData/FieldHT-bkhkrfdficylzyexnvmumnbbolba/Build/Products/Debug-iphonesimulator/FieldHT.app/LD.png

CopyPNGFile /Users/benjaminfaershtein/Library/Developer/Xcode/DerivedData/FieldHT-bkhkrfdficylzyexnvmumnbbolba/Build/Products/Debug-iphonesimulator/FieldHT.app/LC.png /Users/benjaminfaershtein/Documents/FieldHT/FieldHT/Resources/APRSSymbols/LC.png (in target 'FieldHT' from project 'FieldHT')
    cd /Users/benjaminfaershtein/Documents/FieldHT
    /Applications/Xcode.app/Contents/Developer/usr/bin/copypng -compress -strip-PNG-text /Users/benjaminfaershtein/Documents/FieldHT/FieldHT/Resources/APRSSymbols/LC.png /Users/benjaminfaershtein/Library/Developer/Xcode/DerivedData/FieldHT-bkhkrfdficylzyexnvmumnbbolba/Build/Products/Debug-iphonesimulator/FieldHT.app/LC.png

CopyPNGFile /Users/benjaminfaershtein/Library/Developer/Xcode/DerivedData/FieldHT-bkhkrfdficylzyexnvmumnbbolba/Build/Products/Debug-iphonesimulator/FieldHT.app/LB.png /Users/benjaminfaershtein/Documents/FieldHT/FieldHT/Resources/APRSSymbols/LB.png (in target 'FieldHT' from project 'FieldHT')
    cd /Users/benjaminfaershtein/Documents/FieldHT
    /Applications/Xcode.app/Contents/Developer/usr/bin/copypng -compress -strip-PNG-text /Users/benjaminfaershtein/Documents/FieldHT/FieldHT/Resources/APRSSymbols/LB.png /Users/benjaminfaershtein/Library/Developer/Xcode/DerivedData/FieldHT-bkhkrfdficylzyexnvmumnbbolba/Build/Products/Debug-iphonesimulator/FieldHT.app/LB.png

CopyPNGFile /Users/benjaminfaershtein/Library/Developer/Xcode/DerivedData/FieldHT-bkhkrfdficylzyexnvmumnbbolba/Build/Products/Debug-iphonesimulator/FieldHT.app/LA.png /Users/benjaminfaershtein/Documents/FieldHT/FieldHT/Resources/APRSSymbols/LA.png (in target 'FieldHT' from project 'FieldHT')
    cd /Users/benjaminfaershtein/Documents/FieldHT
    /Applications/Xcode.app/Contents/Developer/usr/bin/copypng -compress -strip-PNG-text /Users/benjaminfaershtein/Documents/FieldHT/FieldHT/Resources/APRSSymbols/LA.png /Users/benjaminfaershtein/Library/Developer/Xcode/DerivedData/FieldHT-bkhkrfdficylzyexnvmumnbbolba/Build/Products/Debug-iphonesimulator/FieldHT.app/LA.png

CopyPNGFile /Users/benjaminfaershtein/Library/Developer/Xcode/DerivedData/FieldHT-bkhkrfdficylzyexnvmumnbbolba/Build/Products/Debug-iphonesimulator/FieldHT.app/HX.png /Users/benjaminfaershtein/Documents/FieldHT/FieldHT/Resources/APRSSymbols/HX.png (in target 'FieldHT' from project 'FieldHT')
    cd /Users/benjaminfaershtein/Documents/FieldHT
    /Applications/Xcode.app/Contents/Developer/usr/bin/copypng -compress -strip-PNG-text /Users/benjaminfaershtein/Documents/FieldHT/FieldHT/Resources/APRSSymbols/HX.png /Users/benjaminfaershtein/Library/Developer/Xcode/DerivedData/FieldHT-bkhkrfdficylzyexnvmumnbbolba/Build/Products/Debug-iphonesimulator/FieldHT.app/HX.png

CopyPNGFile /Users/benjaminfaershtein/Library/Developer/Xcode/DerivedData/FieldHT-bkhkrfdficylzyexnvmumnbbolba/Build/Products/Debug-iphonesimulator/FieldHT.app/HW.png /Users/benjaminfaershtein/Documents/FieldHT/FieldHT/Resources/APRSSymbols/HW.png (in target 'FieldHT' from project 'FieldHT')
    cd /Users/benjaminfaershtein/Documents/FieldHT
    /Applications/Xcode.app/Contents/Developer/usr/bin/copypng -compress -strip-PNG-text /Users/benjaminfaershtein/Documents/FieldHT/FieldHT/Resources/APRSSymbols/HW.png /Users/benjaminfaershtein/Library/Developer/Xcode/DerivedData/FieldHT-bkhkrfdficylzyexnvmumnbbolba/Build/Products/Debug-iphonesimulator/FieldHT.app/HW.png

CopyPNGFile /Users/benjaminfaershtein/Library/Developer/Xcode/DerivedData/FieldHT-bkhkrfdficylzyexnvmumnbbolba/Build/Products/Debug-iphonesimulator/FieldHT.app/HV.png /Users/benjaminfaershtein/Documents/FieldHT/FieldHT/Resources/APRSSymbols/HV.png (in target 'FieldHT' from project 'FieldHT')
    cd /Users/benjaminfaershtein/Documents/FieldHT
    /Applications/Xcode.app/Contents/Developer/usr/bin/copypng -compress -strip-PNG-text /Users/benjaminfaershtein/Documents/FieldHT/FieldHT/Resources/APRSSymbols/HV.png /Users/benjaminfaershtein/Library/Developer/Xcode/DerivedData/FieldHT-bkhkrfdficylzyexnvmumnbbolba/Build/Products/Debug-iphonesimulator/FieldHT.app/HV.png

CopyPNGFile /Users/benjaminfaershtein/Library/Developer/Xcode/DerivedData/FieldHT-bkhkrfdficylzyexnvmumnbbolba/Build/Products/Debug-iphonesimulator/FieldHT.app/HU.png /Users/benjaminfaershtein/Documents/FieldHT/FieldHT/Resources/APRSSymbols/HU.png (in target 'FieldHT' from project 'FieldHT')
    cd /Users/benjaminfaershtein/Documents/FieldHT
    /Applications/Xcode.app/Contents/Developer/usr/bin/copypng -compress -strip-PNG-text /Users/benjaminfaershtein/Documents/FieldHT/FieldHT/Resources/APRSSymbols/HU.png /Users/benjaminfaershtein/Library/Developer/Xcode/DerivedData/FieldHT-bkhkrfdficylzyexnvmumnbbolba/Build/Products/Debug-iphonesimulator/FieldHT.app/HU.png

CopyPNGFile /Users/benjaminfaershtein/Library/Developer/Xcode/DerivedData/FieldHT-bkhkrfdficylzyexnvmumnbbolba/Build/Products/Debug-iphonesimulator/FieldHT.app/HT.png /Users/benjaminfaershtein/Documents/FieldHT/FieldHT/Resources/APRSSymbols/HT.png (in target 'FieldHT' from project 'FieldHT')
    cd /Users/benjaminfaershtein/Documents/FieldHT
    /Applications/Xcode.app/Contents/Developer/usr/bin/copypng -compress -strip-PNG-text /Users/benjaminfaershtein/Documents/FieldHT/FieldHT/Resources/APRSSymbols/HT.png /Users/benjaminfaershtein/Library/Developer/Xcode/DerivedData/FieldHT-bkhkrfdficylzyexnvmumnbbolba/Build/Products/Debug-iphonesimulator/FieldHT.app/HT.png

CopyPNGFile /Users/benjaminfaershtein/Library/Developer/Xcode/DerivedData/FieldHT-bkhkrfdficylzyexnvmumnbbolba/Build/Products/Debug-iphonesimulator/FieldHT.app/HS.png /Users/benjaminfaershtein/Documents/FieldHT/FieldHT/Resources/APRSSymbols/HS.png (in target 'FieldHT' from project 'FieldHT')
    cd /Users/benjaminfaershtein/Documents/FieldHT
    /Applications/Xcode.app/Contents/Developer/usr/bin/copypng -compress -strip-PNG-text /Users/benjaminfaershtein/Documents/FieldHT/FieldHT/Resources/APRSSymbols/HS.png /Users/benjaminfaershtein/Library/Developer/Xcode/DerivedData/FieldHT-bkhkrfdficylzyexnvmumnbbolba/Build/Products/Debug-iphonesimulator/FieldHT.app/HS.png

CopyPNGFile /Users/benjaminfaershtein/Library/Developer/Xcode/DerivedData/FieldHT-bkhkrfdficylzyexnvmumnbbolba/Build/Products/Debug-iphonesimulator/FieldHT.app/DX.png /Users/benjaminfaershtein/Documents/FieldHT/FieldHT/Resources/APRSSymbols/DX.png (in target 'FieldHT' from project 'FieldHT')
    cd /Users/benjaminfaershtein/Documents/FieldHT
    /Applications/Xcode.app/Contents/Developer/usr/bin/copypng -compress -strip-PNG-text /Users/benjaminfaershtein/Documents/FieldHT/FieldHT/Resources/APRSSymbols/DX.png /Users/benjaminfaershtein/Library/Developer/Xcode/DerivedData/FieldHT-bkhkrfdficylzyexnvmumnbbolba/Build/Products/Debug-iphonesimulator/FieldHT.app/DX.png

CopyPNGFile /Users/benjaminfaershtein/Library/Developer/Xcode/DerivedData/FieldHT-bkhkrfdficylzyexnvmumnbbolba/Build/Products/Debug-iphonesimulator/FieldHT.app/DW.png /Users/benjaminfaershtein/Documents/FieldHT/FieldHT/Resources/APRSSymbols/DW.png (in target 'FieldHT' from project 'FieldHT')
    cd /Users/benjaminfaershtein/Documents/FieldHT
    /Applications/Xcode.app/Contents/Developer/usr/bin/copypng -compress -strip-PNG-text /Users/benjaminfaershtein/Documents/FieldHT/FieldHT/Resources/APRSSymbols/DW.png /Users/benjaminfaershtein/Library/Developer/Xcode/DerivedData/FieldHT-bkhkrfdficylzyexnvmumnbbolba/Build/Products/Debug-iphonesimulator/FieldHT.app/DW.png

CopyPNGFile /Users/benjaminfaershtein/Library/Developer/Xcode/DerivedData/FieldHT-bkhkrfdficylzyexnvmumnbbolba/Build/Products/Debug-iphonesimulator/FieldHT.app/DV.png /Users/benjaminfaershtein/Documents/FieldHT/FieldHT/Resources/APRSSymbols/DV.png (in target 'FieldHT' from project 'FieldHT')
    cd /Users/benjaminfaershtein/Documents/FieldHT
    /Applications/Xcode.app/Contents/Developer/usr/bin/copypng -compress -strip-PNG-text /Users/benjaminfaershtein/Documents/FieldHT/FieldHT/Resources/APRSSymbols/DV.png /Users/benjaminfaershtein/Library/Developer/Xcode/DerivedData/FieldHT-bkhkrfdficylzyexnvmumnbbolba/Build/Products/Debug-iphonesimulator/FieldHT.app/DV.png

CopyPNGFile /Users/benjaminfaershtein/Library/Developer/Xcode/DerivedData/FieldHT-bkhkrfdficylzyexnvmumnbbolba/Build/Products/Debug-iphonesimulator/FieldHT.app/DS.png /Users/benjaminfaershtein/Documents/FieldHT/FieldHT/Resources/APRSSymbols/DS.png (in target 'FieldHT' from project 'FieldHT')
    cd /Users/benjaminfaershtein/Documents/FieldHT
    /Applications/Xcode.app/Contents/Developer/usr/bin/copypng -compress -strip-PNG-text /Users/benjaminfaershtein/Documents/FieldHT/FieldHT/Resources/APRSSymbols/DS.png /Users/benjaminfaershtein/Library/Developer/Xcode/DerivedData/FieldHT-bkhkrfdficylzyexnvmumnbbolba/Build/Products/Debug-iphonesimulator/FieldHT.app/DS.png

CopyPNGFile /Users/benjaminfaershtein/Library/Developer/Xcode/DerivedData/FieldHT-bkhkrfdficylzyexnvmumnbbolba/Build/Products/Debug-iphonesimulator/FieldHT.app/BP.png /Users/benjaminfaershtein/Documents/FieldHT/FieldHT/Resources/APRSSymbols/BP.png (in target 'FieldHT' from project 'FieldHT')
    cd /Users/benjaminfaershtein/Documents/FieldHT
    /Applications/Xcode.app/Contents/Developer/usr/bin/copypng -compress -strip-PNG-text /Users/benjaminfaershtein/Documents/FieldHT/FieldHT/Resources/APRSSymbols/BP.png /Users/benjaminfaershtein/Library/Developer/Xcode/DerivedData/FieldHT-bkhkrfdficylzyexnvmumnbbolba/Build/Products/Debug-iphonesimulator/FieldHT.app/BP.png

CopyPNGFile /Users/benjaminfaershtein/Library/Developer/Xcode/DerivedData/FieldHT-bkhkrfdficylzyexnvmumnbbolba/Build/Products/Debug-iphonesimulator/FieldHT.app/BO.png /Users/benjaminfaershtein/Documents/FieldHT/FieldHT/Resources/APRSSymbols/BO.png (in target 'FieldHT' from project 'FieldHT')
    cd /Users/benjaminfaershtein/Documents/FieldHT
    /Applications/Xcode.app/Contents/Developer/usr/bin/copypng -compress -strip-PNG-text /Users/benjaminfaershtein/Documents/FieldHT/FieldHT/Resources/APRSSymbols/BO.png /Users/benjaminfaershtein/Library/Developer/Xcode/DerivedData/FieldHT-bkhkrfdficylzyexnvmumnbbolba/Build/Products/Debug-iphonesimulator/FieldHT.app/BO.png

CopyPNGFile /Users/benjaminfaershtein/Library/Developer/Xcode/DerivedData/FieldHT-bkhkrfdficylzyexnvmumnbbolba/Build/Products/Debug-iphonesimulator/FieldHT.app/BN.png /Users/benjaminfaershtein/Documents/FieldHT/FieldHT/Resources/APRSSymbols/BN.png (in target 'FieldHT' from project 'FieldHT')
    cd /Users/benjaminfaershtein/Documents/FieldHT
    /Applications/Xcode.app/Contents/Developer/usr/bin/copypng -compress -strip-PNG-text /Users/benjaminfaershtein/Documents/FieldHT/FieldHT/Resources/APRSSymbols/BN.png /Users/benjaminfaershtein/Library/Developer/Xcode/DerivedData/FieldHT-bkhkrfdficylzyexnvmumnbbolba/Build/Products/Debug-iphonesimulator/FieldHT.app/BN.png

CopyPNGFile /Users/benjaminfaershtein/Library/Developer/Xcode/DerivedData/FieldHT-bkhkrfdficylzyexnvmumnbbolba/Build/Products/Debug-iphonesimulator/FieldHT.app/BM.png /Users/benjaminfaershtein/Documents/FieldHT/FieldHT/Resources/APRSSymbols/BM.png (in target 'FieldHT' from project 'FieldHT')
    cd /Users/benjaminfaershtein/Documents/FieldHT
    /Applications/Xcode.app/Contents/Developer/usr/bin/copypng -compress -strip-PNG-text /Users/benjaminfaershtein/Documents/FieldHT/FieldHT/Resources/APRSSymbols/BM.png /Users/benjaminfaershtein/Library/Developer/Xcode/DerivedData/FieldHT-bkhkrfdficylzyexnvmumnbbolba/Build/Products/Debug-iphonesimulator/FieldHT.app/BM.png

CopyPNGFile /Users/benjaminfaershtein/Library/Developer/Xcode/DerivedData/FieldHT-bkhkrfdficylzyexnvmumnbbolba/Build/Products/Debug-iphonesimulator/FieldHT.app/BL.png /Users/benjaminfaershtein/Documents/FieldHT/FieldHT/Resources/APRSSymbols/BL.png (in target 'FieldHT' from project 'FieldHT')
    cd /Users/benjaminfaershtein/Documents/FieldHT
    /Applications/Xcode.app/Contents/Developer/usr/bin/copypng -compress -strip-PNG-text /Users/benjaminfaershtein/Documents/FieldHT/FieldHT/Resources/APRSSymbols/BL.png /Users/benjaminfaershtein/Library/Developer/Xcode/DerivedData/FieldHT-bkhkrfdficylzyexnvmumnbbolba/Build/Products/Debug-iphonesimulator/FieldHT.app/BL.png

CopyPNGFile /Users/benjaminfaershtein/Library/Developer/Xcode/DerivedData/FieldHT-bkhkrfdficylzyexnvmumnbbolba/Build/Products/Debug-iphonesimulator/FieldHT.app/BK.png /Users/benjaminfaershtein/Documents/FieldHT/FieldHT/Resources/APRSSymbols/BK.png (in target 'FieldHT' from project 'FieldHT')
    cd /Users/benjaminfaershtein/Documents/FieldHT
    /Applications/Xcode.app/Contents/Developer/usr/bin/copypng -compress -strip-PNG-text /Users/benjaminfaershtein/Documents/FieldHT/FieldHT/Resources/APRSSymbols/BK.png /Users/benjaminfaershtein/Library/Developer/Xcode/DerivedData/FieldHT-bkhkrfdficylzyexnvmumnbbolba/Build/Products/Debug-iphonesimulator/FieldHT.app/BK.png

CopyPNGFile /Users/benjaminfaershtein/Library/Developer/Xcode/DerivedData/FieldHT-bkhkrfdficylzyexnvmumnbbolba/Build/Products/Debug-iphonesimulator/FieldHT.app/BJ.png /Users/benjaminfaershtein/Documents/FieldHT/FieldHT/Resources/APRSSymbols/BJ.png (in target 'FieldHT' from project 'FieldHT')
    cd /Users/benjaminfaershtein/Documents/FieldHT
    /Applications/Xcode.app/Contents/Developer/usr/bin/copypng -compress -strip-PNG-text /Users/benjaminfaershtein/Documents/FieldHT/FieldHT/Resources/APRSSymbols/BJ.png /Users/benjaminfaershtein/Library/Developer/Xcode/DerivedData/FieldHT-bkhkrfdficylzyexnvmumnbbolba/Build/Products/Debug-iphonesimulator/FieldHT.app/BJ.png

CopyPNGFile /Users/benjaminfaershtein/Library/Developer/Xcode/DerivedData/FieldHT-bkhkrfdficylzyexnvmumnbbolba/Build/Products/Debug-iphonesimulator/FieldHT.app/BI.png /Users/benjaminfaershtein/Documents/FieldHT/FieldHT/Resources/APRSSymbols/BI.png (in target 'FieldHT' from project 'FieldHT')
    cd /Users/benjaminfaershtein/Documents/FieldHT
    /Applications/Xcode.app/Contents/Developer/usr/bin/copypng -compress -strip-PNG-text /Users/benjaminfaershtein/Documents/FieldHT/FieldHT/Resources/APRSSymbols/BI.png /Users/benjaminfaershtein/Library/Developer/Xcode/DerivedData/FieldHT-bkhkrfdficylzyexnvmumnbbolba/Build/Products/Debug-iphonesimulator/FieldHT.app/BI.png

CopyPNGFile /Users/benjaminfaershtein/Library/Developer/Xcode/DerivedData/FieldHT-bkhkrfdficylzyexnvmumnbbolba/Build/Products/Debug-iphonesimulator/FieldHT.app/BH.png /Users/benjaminfaershtein/Documents/FieldHT/FieldHT/Resources/APRSSymbols/BH.png (in target 'FieldHT' from project 'FieldHT')
    cd /Users/benjaminfaershtein/Documents/FieldHT
    /Applications/Xcode.app/Contents/Developer/usr/bin/copypng -compress -strip-PNG-text /Users/benjaminfaershtein/Documents/FieldHT/FieldHT/Resources/APRSSymbols/BH.png /Users/benjaminfaershtein/Library/Developer/Xcode/DerivedData/FieldHT-bkhkrfdficylzyexnvmumnbbolba/Build/Products/Debug-iphonesimulator/FieldHT.app/BH.png

CopyPNGFile /Users/benjaminfaershtein/Library/Developer/Xcode/DerivedData/FieldHT-bkhkrfdficylzyexnvmumnbbolba/Build/Products/Debug-iphonesimulator/FieldHT.app/BG.png /Users/benjaminfaershtein/Documents/FieldHT/FieldHT/Resources/APRSSymbols/BG.png (in target 'FieldHT' from project 'FieldHT')
    cd /Users/benjaminfaershtein/Documents/FieldHT
    /Applications/Xcode.app/Contents/Developer/usr/bin/copypng -compress -strip-PNG-text /Users/benjaminfaershtein/Documents/FieldHT/FieldHT/Resources/APRSSymbols/BG.png /Users/benjaminfaershtein/Library/Developer/Xcode/DerivedData/FieldHT-bkhkrfdficylzyexnvmumnbbolba/Build/Products/Debug-iphonesimulator/FieldHT.app/BG.png

CopyPNGFile /Users/benjaminfaershtein/Library/Developer/Xcode/DerivedData/FieldHT-bkhkrfdficylzyexnvmumnbbolba/Build/Products/Debug-iphonesimulator/FieldHT.app/BF.png /Users/benjaminfaershtein/Documents/FieldHT/FieldHT/Resources/APRSSymbols/BF.png (in target 'FieldHT' from project 'FieldHT')
    cd /Users/benjaminfaershtein/Documents/FieldHT
    /Applications/Xcode.app/Contents/Developer/usr/bin/copypng -compress -strip-PNG-text /Users/benjaminfaershtein/Documents/FieldHT/FieldHT/Resources/APRSSymbols/BF.png /Users/benjaminfaershtein/Library/Developer/Xcode/DerivedData/FieldHT-bkhkrfdficylzyexnvmumnbbolba/Build/Products/Debug-iphonesimulator/FieldHT.app/BF.png

CopyPNGFile /Users/benjaminfaershtein/Library/Developer/Xcode/DerivedData/FieldHT-bkhkrfdficylzyexnvmumnbbolba/Build/Products/Debug-iphonesimulator/FieldHT.app/BE.png /Users/benjaminfaershtein/Documents/FieldHT/FieldHT/Resources/APRSSymbols/BE.png (in target 'FieldHT' from project 'FieldHT')
    cd /Users/benjaminfaershtein/Documents/FieldHT
    /Applications/Xcode.app/Contents/Developer/usr/bin/copypng -compress -strip-PNG-text /Users/benjaminfaershtein/Documents/FieldHT/FieldHT/Resources/APRSSymbols/BE.png /Users/benjaminfaershtein/Library/Developer/Xcode/DerivedData/FieldHT-bkhkrfdficylzyexnvmumnbbolba/Build/Products/Debug-iphonesimulator/FieldHT.app/BE.png

CopyPNGFile /Users/benjaminfaershtein/Library/Developer/Xcode/DerivedData/FieldHT-bkhkrfdficylzyexnvmumnbbolba/Build/Products/Debug-iphonesimulator/FieldHT.app/BD.png /Users/benjaminfaershtein/Documents/FieldHT/FieldHT/Resources/APRSSymbols/BD.png (in target 'FieldHT' from project 'FieldHT')
    cd /Users/benjaminfaershtein/Documents/FieldHT
    /Applications/Xcode.app/Contents/Developer/usr/bin/copypng -compress -strip-PNG-text /Users/benjaminfaershtein/Documents/FieldHT/FieldHT/Resources/APRSSymbols/BD.png /Users/benjaminfaershtein/Library/Developer/Xcode/DerivedData/FieldHT-bkhkrfdficylzyexnvmumnbbolba/Build/Products/Debug-iphonesimulator/FieldHT.app/BD.png

CopyPNGFile /Users/benjaminfaershtein/Library/Developer/Xcode/DerivedData/FieldHT-bkhkrfdficylzyexnvmumnbbolba/Build/Products/Debug-iphonesimulator/FieldHT.app/BB.png /Users/benjaminfaershtein/Documents/FieldHT/FieldHT/Resources/APRSSymbols/BB.png (in target 'FieldHT' from project 'FieldHT')
    cd /Users/benjaminfaershtein/Documents/FieldHT
    /Applications/Xcode.app/Contents/Developer/usr/bin/copypng -compress -strip-PNG-text /Users/benjaminfaershtein/Documents/FieldHT/FieldHT/Resources/APRSSymbols/BB.png /Users/benjaminfaershtein/Library/Developer/Xcode/DerivedData/FieldHT-bkhkrfdficylzyexnvmumnbbolba/Build/Products/Debug-iphonesimulator/FieldHT.app/BB.png

CopyPNGFile /Users/benjaminfaershtein/Library/Developer/Xcode/DerivedData/FieldHT-bkhkrfdficylzyexnvmumnbbolba/Build/Products/Debug-iphonesimulator/FieldHT.app/AX.png /Users/benjaminfaershtein/Documents/FieldHT/FieldHT/Resources/APRSSymbols/AX.png (in target 'FieldHT' from project 'FieldHT')
    cd /Users/benjaminfaershtein/Documents/FieldHT
    /Applications/Xcode.app/Contents/Developer/usr/bin/copypng -compress -strip-PNG-text /Users/benjaminfaershtein/Documents/FieldHT/FieldHT/Resources/APRSSymbols/AX.png /Users/benjaminfaershtein/Library/Developer/Xcode/DerivedData/FieldHT-bkhkrfdficylzyexnvmumnbbolba/Build/Products/Debug-iphonesimulator/FieldHT.app/AX.png

CopyPNGFile /Users/benjaminfaershtein/Library/Developer/Xcode/DerivedData/FieldHT-bkhkrfdficylzyexnvmumnbbolba/Build/Products/Debug-iphonesimulator/FieldHT.app/AW.png /Users/benjaminfaershtein/Documents/FieldHT/FieldHT/Resources/APRSSymbols/AW.png (in target 'FieldHT' from project 'FieldHT')
    cd /Users/benjaminfaershtein/Documents/FieldHT
    /Applications/Xcode.app/Contents/Developer/usr/bin/copypng -compress -strip-PNG-text /Users/benjaminfaershtein/Documents/FieldHT/FieldHT/Resources/APRSSymbols/AW.png /Users/benjaminfaershtein/Library/Developer/Xcode/DerivedData/FieldHT-bkhkrfdficylzyexnvmumnbbolba/Build/Products/Debug-iphonesimulator/FieldHT.app/AW.png

CopyPNGFile /Users/benjaminfaershtein/Library/Developer/Xcode/DerivedData/FieldHT-bkhkrfdficylzyexnvmumnbbolba/Build/Products/Debug-iphonesimulator/FieldHT.app/AV.png /Users/benjaminfaershtein/Documents/FieldHT/FieldHT/Resources/APRSSymbols/AV.png (in target 'FieldHT' from project 'FieldHT')
    cd /Users/benjaminfaershtein/Documents/FieldHT
    /Applications/Xcode.app/Contents/Developer/usr/bin/copypng -compress -strip-PNG-text /Users/benjaminfaershtein/Documents/FieldHT/FieldHT/Resources/APRSSymbols/AV.png /Users/benjaminfaershtein/Library/Developer/Xcode/DerivedData/FieldHT-bkhkrfdficylzyexnvmumnbbolba/Build/Products/Debug-iphonesimulator/FieldHT.app/AV.png

CopyPNGFile /Users/benjaminfaershtein/Library/Developer/Xcode/DerivedData/FieldHT-bkhkrfdficylzyexnvmumnbbolba/Build/Products/Debug-iphonesimulator/FieldHT.app/AU.png /Users/benjaminfaershtein/Documents/FieldHT/FieldHT/Resources/APRSSymbols/AU.png (in target 'FieldHT' from project 'FieldHT')
    cd /Users/benjaminfaershtein/Documents/FieldHT
    /Applications/Xcode.app/Contents/Developer/usr/bin/copypng -compress -strip-PNG-text /Users/benjaminfaershtein/Documents/FieldHT/FieldHT/Resources/APRSSymbols/AU.png /Users/benjaminfaershtein/Library/Developer/Xcode/DerivedData/FieldHT-bkhkrfdficylzyexnvmumnbbolba/Build/Products/Debug-iphonesimulator/FieldHT.app/AU.png

CopyPNGFile /Users/benjaminfaershtein/Library/Developer/Xcode/DerivedData/FieldHT-bkhkrfdficylzyexnvmumnbbolba/Build/Products/Debug-iphonesimulator/FieldHT.app/AT.png /Users/benjaminfaershtein/Documents/FieldHT/FieldHT/Resources/APRSSymbols/AT.png (in target 'FieldHT' from project 'FieldHT')
    cd /Users/benjaminfaershtein/Documents/FieldHT
    /Applications/Xcode.app/Contents/Developer/usr/bin/copypng -compress -strip-PNG-text /Users/benjaminfaershtein/Documents/FieldHT/FieldHT/Resources/APRSSymbols/AT.png /Users/benjaminfaershtein/Library/Developer/Xcode/DerivedData/FieldHT-bkhkrfdficylzyexnvmumnbbolba/Build/Products/Debug-iphonesimulator/FieldHT.app/AT.png

CopyPNGFile /Users/benjaminfaershtein/Library/Developer/Xcode/DerivedData/FieldHT-bkhkrfdficylzyexnvmumnbbolba/Build/Products/Debug-iphonesimulator/FieldHT.app/AS.png /Users/benjaminfaershtein/Documents/FieldHT/FieldHT/Resources/APRSSymbols/AS.png (in target 'FieldHT' from project 'FieldHT')
    cd /Users/benjaminfaershtein/Documents/FieldHT
    /Applications/Xcode.app/Contents/Developer/usr/bin/copypng -compress -strip-PNG-text /Users/benjaminfaershtein/Documents/FieldHT/FieldHT/Resources/APRSSymbols/AS.png /Users/benjaminfaershtein/Library/Developer/Xcode/DerivedData/FieldHT-bkhkrfdficylzyexnvmumnbbolba/Build/Products/Debug-iphonesimulator/FieldHT.app/AS.png

CopyPNGFile /Users/benjaminfaershtein/Library/Developer/Xcode/DerivedData/FieldHT-bkhkrfdficylzyexnvmumnbbolba/Build/Products/Debug-iphonesimulator/FieldHT.app/AR.png /Users/benjaminfaershtein/Documents/FieldHT/FieldHT/Resources/APRSSymbols/AR.png (in target 'FieldHT' from project 'FieldHT')
    cd /Users/benjaminfaershtein/Documents/FieldHT
    /Applications/Xcode.app/Contents/Developer/usr/bin/copypng -compress -strip-PNG-text /Users/benjaminfaershtein/Documents/FieldHT/FieldHT/Resources/APRSSymbols/AR.png /Users/benjaminfaershtein/Library/Developer/Xcode/DerivedData/FieldHT-bkhkrfdficylzyexnvmumnbbolba/Build/Products/Debug-iphonesimulator/FieldHT.app/AR.png

CopyPNGFile /Users/benjaminfaershtein/Library/Developer/Xcode/DerivedData/FieldHT-bkhkrfdficylzyexnvmumnbbolba/Build/Products/Debug-iphonesimulator/FieldHT.app/AQ.png /Users/benjaminfaershtein/Documents/FieldHT/FieldHT/Resources/APRSSymbols/AQ.png (in target 'FieldHT' from project 'FieldHT')
    cd /Users/benjaminfaershtein/Documents/FieldHT
    /Applications/Xcode.app/Contents/Developer/usr/bin/copypng -compress -strip-PNG-text /Users/benjaminfaershtein/Documents/FieldHT/FieldHT/Resources/APRSSymbols/AQ.png /Users/benjaminfaershtein/Library/Developer/Xcode/DerivedData/FieldHT-bkhkrfdficylzyexnvmumnbbolba/Build/Products/Debug-iphonesimulator/FieldHT.app/AQ.png

CopyPNGFile /Users/benjaminfaershtein/Library/Developer/Xcode/DerivedData/FieldHT-bkhkrfdficylzyexnvmumnbbolba/Build/Products/Debug-iphonesimulator/FieldHT.app/AP.png /Users/benjaminfaershtein/Documents/FieldHT/FieldHT/Resources/APRSSymbols/AP.png (in target 'FieldHT' from project 'FieldHT')
    cd /Users/benjaminfaershtein/Documents/FieldHT
    /Applications/Xcode.app/Contents/Developer/usr/bin/copypng -compress -strip-PNG-text /Users/benjaminfaershtein/Documents/FieldHT/FieldHT/Resources/APRSSymbols/AP.png /Users/benjaminfaershtein/Library/Developer/Xcode/DerivedData/FieldHT-bkhkrfdficylzyexnvmumnbbolba/Build/Products/Debug-iphonesimulator/FieldHT.app/AP.png

CopyPNGFile /Users/benjaminfaershtein/Library/Developer/Xcode/DerivedData/FieldHT-bkhkrfdficylzyexnvmumnbbolba/Build/Products/Debug-iphonesimulator/FieldHT.app/AO.png /Users/benjaminfaershtein/Documents/FieldHT/FieldHT/Resources/APRSSymbols/AO.png (in target 'FieldHT' from project 'FieldHT')
    cd /Users/benjaminfaershtein/Documents/FieldHT
    /Applications/Xcode.app/Contents/Developer/usr/bin/copypng -compress -strip-PNG-text /Users/benjaminfaershtein/Documents/FieldHT/FieldHT/Resources/APRSSymbols/AO.png /Users/benjaminfaershtein/Library/Developer/Xcode/DerivedData/FieldHT-bkhkrfdficylzyexnvmumnbbolba/Build/Products/Debug-iphonesimulator/FieldHT.app/AO.png

CopyPNGFile /Users/benjaminfaershtein/Library/Developer/Xcode/DerivedData/FieldHT-bkhkrfdficylzyexnvmumnbbolba/Build/Products/Debug-iphonesimulator/FieldHT.app/AN.png /Users/benjaminfaershtein/Documents/FieldHT/FieldHT/Resources/APRSSymbols/AN.png (in target 'FieldHT' from project 'FieldHT')
    cd /Users/benjaminfaershtein/Documents/FieldHT
    /Applications/Xcode.app/Contents/Developer/usr/bin/copypng -compress -strip-PNG-text /Users/benjaminfaershtein/Documents/FieldHT/FieldHT/Resources/APRSSymbols/AN.png /Users/benjaminfaershtein/Library/Developer/Xcode/DerivedData/FieldHT-bkhkrfdficylzyexnvmumnbbolba/Build/Products/Debug-iphonesimulator/FieldHT.app/AN.png

CopyPNGFile /Users/benjaminfaershtein/Library/Developer/Xcode/DerivedData/FieldHT-bkhkrfdficylzyexnvmumnbbolba/Build/Products/Debug-iphonesimulator/FieldHT.app/AL.png /Users/benjaminfaershtein/Documents/FieldHT/FieldHT/Resources/APRSSymbols/AL.png (in target 'FieldHT' from project 'FieldHT')
    cd /Users/benjaminfaershtein/Documents/FieldHT
    /Applications/Xcode.app/Contents/Developer/usr/bin/copypng -compress -strip-PNG-text /Users/benjaminfaershtein/Documents/FieldHT/FieldHT/Resources/APRSSymbols/AL.png /Users/benjaminfaershtein/Library/Developer/Xcode/DerivedData/FieldHT-bkhkrfdficylzyexnvmumnbbolba/Build/Products/Debug-iphonesimulator/FieldHT.app/AL.png

CopyPNGFile /Users/benjaminfaershtein/Library/Developer/Xcode/DerivedData/FieldHT-bkhkrfdficylzyexnvmumnbbolba/Build/Products/Debug-iphonesimulator/FieldHT.app/AK.png /Users/benjaminfaershtein/Documents/FieldHT/FieldHT/Resources/APRSSymbols/AK.png (in target 'FieldHT' from project 'FieldHT')
    cd /Users/benjaminfaershtein/Documents/FieldHT
    /Applications/Xcode.app/Contents/Developer/usr/bin/copypng -compress -strip-PNG-text /Users/benjaminfaershtein/Documents/FieldHT/FieldHT/Resources/APRSSymbols/AK.png /Users/benjaminfaershtein/Library/Developer/Xcode/DerivedData/FieldHT-bkhkrfdficylzyexnvmumnbbolba/Build/Products/Debug-iphonesimulator/FieldHT.app/AK.png

CopyPNGFile /Users/benjaminfaershtein/Library/Developer/Xcode/DerivedData/FieldHT-bkhkrfdficylzyexnvmumnbbolba/Build/Products/Debug-iphonesimulator/FieldHT.app/AJ.png /Users/benjaminfaershtein/Documents/FieldHT/FieldHT/Resources/APRSSymbols/AJ.png (in target 'FieldHT' from project 'FieldHT')
    cd /Users/benjaminfaershtein/Documents/FieldHT
    /Applications/Xcode.app/Contents/Developer/usr/bin/copypng -compress -strip-PNG-text /Users/benjaminfaershtein/Documents/FieldHT/FieldHT/Resources/APRSSymbols/AJ.png /Users/benjaminfaershtein/Library/Developer/Xcode/DerivedData/FieldHT-bkhkrfdficylzyexnvmumnbbolba/Build/Products/Debug-iphonesimulator/FieldHT.app/AJ.png

CopyPNGFile /Users/benjaminfaershtein/Library/Developer/Xcode/DerivedData/FieldHT-bkhkrfdficylzyexnvmumnbbolba/Build/Products/Debug-iphonesimulator/FieldHT.app/AI.png /Users/benjaminfaershtein/Documents/FieldHT/FieldHT/Resources/APRSSymbols/AI.png (in target 'FieldHT' from project 'FieldHT')
    cd /Users/benjaminfaershtein/Documents/FieldHT
    /Applications/Xcode.app/Contents/Developer/usr/bin/copypng -compress -strip-PNG-text /Users/benjaminfaershtein/Documents/FieldHT/FieldHT/Resources/APRSSymbols/AI.png /Users/benjaminfaershtein/Library/Developer/Xcode/DerivedData/FieldHT-bkhkrfdficylzyexnvmumnbbolba/Build/Products/Debug-iphonesimulator/FieldHT.app/AI.png

CopyPNGFile /Users/benjaminfaershtein/Library/Developer/Xcode/DerivedData/FieldHT-bkhkrfdficylzyexnvmumnbbolba/Build/Products/Debug-iphonesimulator/FieldHT.app/AH.png /Users/benjaminfaershtein/Documents/FieldHT/FieldHT/Resources/APRSSymbols/AH.png (in target 'FieldHT' from project 'FieldHT')
    cd /Users/benjaminfaershtein/Documents/FieldHT
    /Applications/Xcode.app/Contents/Developer/usr/bin/copypng -compress -strip-PNG-text /Users/benjaminfaershtein/Documents/FieldHT/FieldHT/Resources/APRSSymbols/AH.png /Users/benjaminfaershtein/Library/Developer/Xcode/DerivedData/FieldHT-bkhkrfdficylzyexnvmumnbbolba/Build/Products/Debug-iphonesimulator/FieldHT.app/AH.png

CopyPNGFile /Users/benjaminfaershtein/Library/Developer/Xcode/DerivedData/FieldHT-bkhkrfdficylzyexnvmumnbbolba/Build/Products/Debug-iphonesimulator/FieldHT.app/AG.png /Users/benjaminfaershtein/Documents/FieldHT/FieldHT/Resources/APRSSymbols/AG.png (in target 'FieldHT' from project 'FieldHT')
    cd /Users/benjaminfaershtein/Documents/FieldHT
    /Applications/Xcode.app/Contents/Developer/usr/bin/copypng -compress -strip-PNG-text /Users/benjaminfaershtein/Documents/FieldHT/FieldHT/Resources/APRSSymbols/AG.png /Users/benjaminfaershtein/Library/Developer/Xcode/DerivedData/FieldHT-bkhkrfdficylzyexnvmumnbbolba/Build/Products/Debug-iphonesimulator/FieldHT.app/AG.png

CopyPNGFile /Users/benjaminfaershtein/Library/Developer/Xcode/DerivedData/FieldHT-bkhkrfdficylzyexnvmumnbbolba/Build/Products/Debug-iphonesimulator/FieldHT.app/AF.png /Users/benjaminfaershtein/Documents/FieldHT/FieldHT/Resources/APRSSymbols/AF.png (in target 'FieldHT' from project 'FieldHT')
    cd /Users/benjaminfaershtein/Documents/FieldHT
    /Applications/Xcode.app/Contents/Developer/usr/bin/copypng -compress -strip-PNG-text /Users/benjaminfaershtein/Documents/FieldHT/FieldHT/Resources/APRSSymbols/AF.png /Users/benjaminfaershtein/Library/Developer/Xcode/DerivedData/FieldHT-bkhkrfdficylzyexnvmumnbbolba/Build/Products/Debug-iphonesimulator/FieldHT.app/AF.png

CopyPNGFile /Users/benjaminfaershtein/Library/Developer/Xcode/DerivedData/FieldHT-bkhkrfdficylzyexnvmumnbbolba/Build/Products/Debug-iphonesimulator/FieldHT.app/AE.png /Users/benjaminfaershtein/Documents/FieldHT/FieldHT/Resources/APRSSymbols/AE.png (in target 'FieldHT' from project 'FieldHT')
    cd /Users/benjaminfaershtein/Documents/FieldHT
    /Applications/Xcode.app/Contents/Developer/usr/bin/copypng -compress -strip-PNG-text /Users/benjaminfaershtein/Documents/FieldHT/FieldHT/Resources/APRSSymbols/AE.png /Users/benjaminfaershtein/Library/Developer/Xcode/DerivedData/FieldHT-bkhkrfdficylzyexnvmumnbbolba/Build/Products/Debug-iphonesimulator/FieldHT.app/AE.png

CopyPNGFile /Users/benjaminfaershtein/Library/Developer/Xcode/DerivedData/FieldHT-bkhkrfdficylzyexnvmumnbbolba/Build/Products/Debug-iphonesimulator/FieldHT.app/AD.png /Users/benjaminfaershtein/Documents/FieldHT/FieldHT/Resources/APRSSymbols/AD.png (in target 'FieldHT' from project 'FieldHT')
    cd /Users/benjaminfaershtein/Documents/FieldHT
    /Applications/Xcode.app/Contents/Developer/usr/bin/copypng -compress -strip-PNG-text /Users/benjaminfaershtein/Documents/FieldHT/FieldHT/Resources/APRSSymbols/AD.png /Users/benjaminfaershtein/Library/Developer/Xcode/DerivedData/FieldHT-bkhkrfdficylzyexnvmumnbbolba/Build/Products/Debug-iphonesimulator/FieldHT.app/AD.png

CopyPNGFile /Users/benjaminfaershtein/Library/Developer/Xcode/DerivedData/FieldHT-bkhkrfdficylzyexnvmumnbbolba/Build/Products/Debug-iphonesimulator/FieldHT.app/AC.png /Users/benjaminfaershtein/Documents/FieldHT/FieldHT/Resources/APRSSymbols/AC.png (in target 'FieldHT' from project 'FieldHT')
    cd /Users/benjaminfaershtein/Documents/FieldHT
    /Applications/Xcode.app/Contents/Developer/usr/bin/copypng -compress -strip-PNG-text /Users/benjaminfaershtein/Documents/FieldHT/FieldHT/Resources/APRSSymbols/AC.png /Users/benjaminfaershtein/Library/Developer/Xcode/DerivedData/FieldHT-bkhkrfdficylzyexnvmumnbbolba/Build/Products/Debug-iphonesimulator/FieldHT.app/AC.png

CopyPNGFile /Users/benjaminfaershtein/Library/Developer/Xcode/DerivedData/FieldHT-bkhkrfdficylzyexnvmumnbbolba/Build/Products/Debug-iphonesimulator/FieldHT.app/AB.png /Users/benjaminfaershtein/Documents/FieldHT/FieldHT/Resources/APRSSymbols/AB.png (in target 'FieldHT' from project 'FieldHT')
    cd /Users/benjaminfaershtein/Documents/FieldHT
    /Applications/Xcode.app/Contents/Developer/usr/bin/copypng -compress -strip-PNG-text /Users/benjaminfaershtein/Documents/FieldHT/FieldHT/Resources/APRSSymbols/AB.png /Users/benjaminfaershtein/Library/Developer/Xcode/DerivedData/FieldHT-bkhkrfdficylzyexnvmumnbbolba/Build/Products/Debug-iphonesimulator/FieldHT.app/AB.png

CopyPNGFile /Users/benjaminfaershtein/Library/Developer/Xcode/DerivedData/FieldHT-bkhkrfdficylzyexnvmumnbbolba/Build/Products/Debug-iphonesimulator/FieldHT.app/AA.png /Users/benjaminfaershtein/Documents/FieldHT/FieldHT/Resources/APRSSymbols/AA.png (in target 'FieldHT' from project 'FieldHT')
    cd /Users/benjaminfaershtein/Documents/FieldHT
    /Applications/Xcode.app/Contents/Developer/usr/bin/copypng -compress -strip-PNG-text /Users/benjaminfaershtein/Documents/FieldHT/FieldHT/Resources/APRSSymbols/AA.png /Users/benjaminfaershtein/Library/Developer/Xcode/DerivedData/FieldHT-bkhkrfdficylzyexnvmumnbbolba/Build/Products/Debug-iphonesimulator/FieldHT.app/AA.png

CopyPNGFile /Users/benjaminfaershtein/Library/Developer/Xcode/DerivedData/FieldHT-bkhkrfdficylzyexnvmumnbbolba/Build/Products/Debug-iphonesimulator/FieldHT.app/A9.png /Users/benjaminfaershtein/Documents/FieldHT/FieldHT/Resources/APRSSymbols/A9.png (in target 'FieldHT' from project 'FieldHT')
    cd /Users/benjaminfaershtein/Documents/FieldHT
    /Applications/Xcode.app/Contents/Developer/usr/bin/copypng -compress -strip-PNG-text /Users/benjaminfaershtein/Documents/FieldHT/FieldHT/Resources/APRSSymbols/A9.png /Users/benjaminfaershtein/Library/Developer/Xcode/DerivedData/FieldHT-bkhkrfdficylzyexnvmumnbbolba/Build/Products/Debug-iphonesimulator/FieldHT.app/A9.png

CopyPNGFile /Users/benjaminfaershtein/Library/Developer/Xcode/DerivedData/FieldHT-bkhkrfdficylzyexnvmumnbbolba/Build/Products/Debug-iphonesimulator/FieldHT.app/A0.png /Users/benjaminfaershtein/Documents/FieldHT/FieldHT/Resources/APRSSymbols/A0.png (in target 'FieldHT' from project 'FieldHT')
    cd /Users/benjaminfaershtein/Documents/FieldHT
    /Applications/Xcode.app/Contents/Developer/usr/bin/copypng -compress -strip-PNG-text /Users/benjaminfaershtein/Documents/FieldHT/FieldHT/Resources/APRSSymbols/A0.png /Users/benjaminfaershtein/Library/Developer/Xcode/DerivedData/FieldHT-bkhkrfdficylzyexnvmumnbbolba/Build/Products/Debug-iphonesimulator/FieldHT.app/A0.png

SwiftDriverJobDiscovery normal arm64 Compiling SettingsView.swift, VFOEditSheet.swift, FieldHTApp.swift, RadioController.swift, GeneratedAssetSymbols.swift (in target 'FieldHT' from project 'FieldHT')

SwiftDriverJobDiscovery normal arm64 Compiling RadioManager.swift, SatelliteTrackingViewModel.swift, SettingsViewModel.swift, RssiLinearGauge.swift, APRSSymbolPicker.swift, BeaconSettingsView.swift (in target 'FieldHT' from project 'FieldHT')

SwiftDriverJobDiscovery normal arm64 Compiling PFSettingsView.swift, RadioControlView.swift, RegionManagementView.swift, SatelliteSearchView.swift, SatelliteTrackingView.swift (in target 'FieldHT' from project 'FieldHT')

SwiftDriverJobDiscovery normal arm64 Compiling ChannelDetailView.swift, ChannelListView.swift, ChannelSelectionView.swift, ConnectView.swift, GlobalStatusToolbar.swift, MainTabView.swift (in target 'FieldHT' from project 'FieldHT')

SwiftDriver\ Compilation FieldHT normal arm64 com.apple.xcode.tools.swift.compiler (in target 'FieldHT' from project 'FieldHT')
    cd /Users/benjaminfaershtein/Documents/FieldHT
    builtin-Swift-Compilation -- /Applications/Xcode.app/Contents/Developer/Toolchains/XcodeDefault.xctoolchain/usr/bin/swiftc -module-name FieldHT -Onone -enforce-exclusivity\=checked @/Users/benjaminfaershtein/Library/Developer/Xcode/DerivedData/FieldHT-bkhkrfdficylzyexnvmumnbbolba/Build/Intermediates.noindex/FieldHT.build/Debug-iphonesimulator/FieldHT.build/Objects-normal/arm64/FieldHT.SwiftFileList -DDEBUG -default-isolation\=MainActor -enable-bare-slash-regex -enable-upcoming-feature DisableOutwardActorInference -enable-upcoming-feature InferSendableFromCaptures -enable-upcoming-feature GlobalActorIsolatedTypesUsability -enable-upcoming-feature MemberImportVisibility -enable-upcoming-feature InferIsolatedConformances -enable-upcoming-feature NonisolatedNonsendingByDefault -enable-experimental-feature DebugDescriptionMacro -sdk /Applications/Xcode.app/Contents/Developer/Platforms/iPhoneSimulator.platform/Developer/SDKs/iPhoneSimulator26.0.sdk -target arm64-apple-ios26.0-simulator -g -module-cache-path /Users/benjaminfaershtein/Library/Developer/Xcode/DerivedData/ModuleCache.noindex -Xfrontend -serialize-debugging-options -enable-testing -index-store-path /Users/benjaminfaershtein/Library/Developer/Xcode/DerivedData/FieldHT-bkhkrfdficylzyexnvmumnbbolba/Index.noindex/DataStore -Xcc -D_LIBCPP_HARDENING_MODE\=_LIBCPP_HARDENING_MODE_DEBUG -swift-version 5 -I /Users/benjaminfaershtein/Library/Developer/Xcode/DerivedData/FieldHT-bkhkrfdficylzyexnvmumnbbolba/Build/Products/Debug-iphonesimulator -F /Users/benjaminfaershtein/Library/Developer/Xcode/DerivedData/FieldHT-bkhkrfdficylzyexnvmumnbbolba/Build/Products/Debug-iphonesimulator/PackageFrameworks -F /Users/benjaminfaershtein/Library/Developer/Xcode/DerivedData/FieldHT-bkhkrfdficylzyexnvmumnbbolba/Build/Products/Debug-iphonesimulator -emit-localized-strings -emit-localized-strings-path /Users/benjaminfaershtein/Library/Developer/Xcode/DerivedData/FieldHT-bkhkrfdficylzyexnvmumnbbolba/Build/Intermediates.noindex/FieldHT.build/Debug-iphonesimulator/FieldHT.build/Objects-normal/arm64 -c -j10 -enable-batch-mode -incremental -Xcc -ivfsstatcache -Xcc /Users/benjaminfaershtein/Library/Developer/Xcode/DerivedData/SDKStatCaches.noindex/iphonesimulator26.0-23A339-26257891a6c027eb51374368541b8346.sdkstatcache -output-file-map /Users/benjaminfaershtein/Library/Developer/Xcode/DerivedData/FieldHT-bkhkrfdficylzyexnvmumnbbolba/Build/Intermediates.noindex/FieldHT.build/Debug-iphonesimulator/FieldHT.build/Objects-normal/arm64/FieldHT-OutputFileMap.json -use-frontend-parseable-output -save-temps -no-color-diagnostics -explicit-module-build -module-cache-path /Users/benjaminfaershtein/Library/Developer/Xcode/DerivedData/FieldHT-bkhkrfdficylzyexnvmumnbbolba/Build/Intermediates.noindex/SwiftExplicitPrecompiledModules -clang-scanner-module-cache-path /Users/benjaminfaershtein/Library/Developer/Xcode/DerivedData/ModuleCache.noindex -sdk-module-cache-path /Users/benjaminfaershtein/Library/Developer/Xcode/DerivedData/ModuleCache.noindex -serialize-diagnostics -emit-dependencies -emit-module -emit-module-path /Users/benjaminfaershtein/Library/Developer/Xcode/DerivedData/FieldHT-bkhkrfdficylzyexnvmumnbbolba/Build/Intermediates.noindex/FieldHT.build/Debug-iphonesimulator/FieldHT.build/Objects-normal/arm64/FieldHT.swiftmodule -validate-clang-modules-once -clang-build-session-file /Users/benjaminfaershtein/Library/Developer/Xcode/DerivedData/ModuleCache.noindex/Session.modulevalidation -Xcc -I/Users/benjaminfaershtein/Library/Developer/Xcode/DerivedData/FieldHT-bkhkrfdficylzyexnvmumnbbolba/Build/Intermediates.noindex/FieldHT.build/Debug-iphonesimulator/FieldHT.build/swift-overrides.hmap -emit-const-values -Xfrontend -const-gather-protocols-file -Xfrontend /Users/benjaminfaershtein/Library/Developer/Xcode/DerivedData/FieldHT-bkhkrfdficylzyexnvmumnbbolba/Build/Intermediates.noindex/FieldHT.build/Debug-iphonesimulator/FieldHT.build/Objects-normal/arm64/FieldHT_const_extract_protocols.json -Xcc -iquote -Xcc /Users/benjaminfaershtein/Library/Developer/Xcode/DerivedData/FieldHT-bkhkrfdficylzyexnvmumnbbolba/Build/Intermediates.noindex/FieldHT.build/Debug-iphonesimulator/FieldHT.build/FieldHT-generated-files.hmap -Xcc -I/Users/benjaminfaershtein/Library/Developer/Xcode/DerivedData/FieldHT-bkhkrfdficylzyexnvmumnbbolba/Build/Intermediates.noindex/FieldHT.build/Debug-iphonesimulator/FieldHT.build/FieldHT-own-target-headers.hmap -Xcc -I/Users/benjaminfaershtein/Library/Developer/Xcode/DerivedData/FieldHT-bkhkrfdficylzyexnvmumnbbolba/Build/Intermediates.noindex/FieldHT.build/Debug-iphonesimulator/FieldHT.build/FieldHT-all-non-framework-target-headers.hmap -Xcc -ivfsoverlay -Xcc /Users/benjaminfaershtein/Library/Developer/Xcode/DerivedData/FieldHT-bkhkrfdficylzyexnvmumnbbolba/Build/Intermediates.noindex/FieldHT.build/Debug-iphonesimulator/FieldHT-8db3a85ec02ee428a21b172cdb8cc156-VFS-iphonesimulator/all-product-headers.yaml -Xcc -iquote -Xcc /Users/benjaminfaershtein/Library/Developer/Xcode/DerivedData/FieldHT-bkhkrfdficylzyexnvmumnbbolba/Build/Intermediates.noindex/FieldHT.build/Debug-iphonesimulator/FieldHT.build/FieldHT-project-headers.hmap -Xcc -I/Users/benjaminfaershtein/Library/Developer/Xcode/DerivedData/FieldHT-bkhkrfdficylzyexnvmumnbbolba/Build/Products/Debug-iphonesimulator/include -Xcc -I/Users/benjaminfaershtein/Library/Developer/Xcode/DerivedData/FieldHT-bkhkrfdficylzyexnvmumnbbolba/Build/Intermediates.noindex/FieldHT.build/Debug-iphonesimulator/FieldHT.build/DerivedSources-normal/arm64 -Xcc -I/Users/benjaminfaershtein/Library/Developer/Xcode/DerivedData/FieldHT-bkhkrfdficylzyexnvmumnbbolba/Build/Intermediates.noindex/FieldHT.build/Debug-iphonesimulator/FieldHT.build/DerivedSources/arm64 -Xcc -I/Users/benjaminfaershtein/Library/Developer/Xcode/DerivedData/FieldHT-bkhkrfdficylzyexnvmumnbbolba/Build/Intermediates.noindex/FieldHT.build/Debug-iphonesimulator/FieldHT.build/DerivedSources -Xcc -DDEBUG\=1 -emit-objc-header -emit-objc-header-path /Users/benjaminfaershtein/Library/Developer/Xcode/DerivedData/FieldHT-bkhkrfdficylzyexnvmumnbbolba/Build/Intermediates.noindex/FieldHT.build/Debug-iphonesimulator/FieldHT.build/Objects-normal/arm64/FieldHT-Swift.h -working-directory /Users/benjaminfaershtein/Documents/FieldHT -experimental-emit-module-separately -disable-cmo

Ld /Users/benjaminfaershtein/Library/Developer/Xcode/DerivedData/FieldHT-bkhkrfdficylzyexnvmumnbbolba/Build/Products/Debug-iphonesimulator/FieldHT.app/FieldHT.debug.dylib normal (in target 'FieldHT' from project 'FieldHT')
    cd /Users/benjaminfaershtein/Documents/FieldHT
    /Applications/Xcode.app/Contents/Developer/Toolchains/XcodeDefault.xctoolchain/usr/bin/clang -Xlinker -reproducible -target arm64-apple-ios26.0-simulator -dynamiclib -isysroot /Applications/Xcode.app/Contents/Developer/Platforms/iPhoneSimulator.platform/Developer/SDKs/iPhoneSimulator26.0.sdk -O0 -L/Users/benjaminfaershtein/Library/Developer/Xcode/DerivedData/FieldHT-bkhkrfdficylzyexnvmumnbbolba/Build/Intermediates.noindex/EagerLinkingTBDs/Debug-iphonesimulator -L/Users/benjaminfaershtein/Library/Developer/Xcode/DerivedData/FieldHT-bkhkrfdficylzyexnvmumnbbolba/Build/Products/Debug-iphonesimulator -F/Users/benjaminfaershtein/Library/Developer/Xcode/DerivedData/FieldHT-bkhkrfdficylzyexnvmumnbbolba/Build/Intermediates.noindex/EagerLinkingTBDs/Debug-iphonesimulator -F/Users/benjaminfaershtein/Library/Developer/Xcode/DerivedData/FieldHT-bkhkrfdficylzyexnvmumnbbolba/Build/Products/Debug-iphonesimulator/PackageFrameworks -F/Users/benjaminfaershtein/Library/Developer/Xcode/DerivedData/FieldHT-bkhkrfdficylzyexnvmumnbbolba/Build/Products/Debug-iphonesimulator -filelist /Users/benjaminfaershtein/Library/Developer/Xcode/DerivedData/FieldHT-bkhkrfdficylzyexnvmumnbbolba/Build/Intermediates.noindex/FieldHT.build/Debug-iphonesimulator/FieldHT.build/Objects-normal/arm64/FieldHT.LinkFileList -install_name @rpath/FieldHT.debug.dylib -Xlinker -rpath -Xlinker /Users/benjaminfaershtein/Library/Developer/Xcode/DerivedData/FieldHT-bkhkrfdficylzyexnvmumnbbolba/Build/Products/Debug-iphonesimulator/PackageFrameworks -Xlinker -rpath -Xlinker @executable_path/Frameworks -dead_strip -Xlinker -object_path_lto -Xlinker /Users/benjaminfaershtein/Library/Developer/Xcode/DerivedData/FieldHT-bkhkrfdficylzyexnvmumnbbolba/Build/Intermediates.noindex/FieldHT.build/Debug-iphonesimulator/FieldHT.build/Objects-normal/arm64/FieldHT_lto.o -rdynamic -Xlinker -no_deduplicate -Xlinker -objc_abi_version -Xlinker 2 -Xlinker -dependency_info -Xlinker /Users/benjaminfaershtein/Library/Developer/Xcode/DerivedData/FieldHT-bkhkrfdficylzyexnvmumnbbolba/Build/Intermediates.noindex/FieldHT.build/Debug-iphonesimulator/FieldHT.build/Objects-normal/arm64/FieldHT_dependency_info.dat -fobjc-link-runtime -L/Applications/Xcode.app/Contents/Developer/Toolchains/XcodeDefault.xctoolchain/usr/lib/swift/iphonesimulator -L/usr/lib/swift -Xlinker -add_ast_path -Xlinker /Users/benjaminfaershtein/Library/Developer/Xcode/DerivedData/FieldHT-bkhkrfdficylzyexnvmumnbbolba/Build/Intermediates.noindex/FieldHT.build/Debug-iphonesimulator/FieldHT.build/Objects-normal/arm64/FieldHT.swiftmodule @/Users/benjaminfaershtein/Library/Developer/Xcode/DerivedData/FieldHT-bkhkrfdficylzyexnvmumnbbolba/Build/Intermediates.noindex/FieldHT.build/Debug-iphonesimulator/FieldHT.build/Objects-normal/arm64/FieldHT-linker-args.resp -Wl,-no_warn_duplicate_libraries -Xlinker -alias -Xlinker _main -Xlinker ___debug_main_executable_dylib_entry_point -Xlinker -no_adhoc_codesign -o /Users/benjaminfaershtein/Library/Developer/Xcode/DerivedData/FieldHT-bkhkrfdficylzyexnvmumnbbolba/Build/Products/Debug-iphonesimulator/FieldHT.app/FieldHT.debug.dylib -Xlinker -add_ast_path -Xlinker /Users/benjaminfaershtein/Library/Developer/Xcode/DerivedData/FieldHT-bkhkrfdficylzyexnvmumnbbolba/Build/Intermediates.noindex/SatelliteKit.build/Debug-iphonesimulator/SatelliteKit.build/Objects-normal/arm64/SatelliteKit.swiftmodule @/Users/benjaminfaershtein/Library/Developer/Xcode/DerivedData/FieldHT-bkhkrfdficylzyexnvmumnbbolba/Build/Intermediates.noindex/SatelliteKit.build/Debug-iphonesimulator/SatelliteKit.build/Objects-normal/arm64/SatelliteKit-linker-args.resp

ConstructStubExecutorLinkFileList /Users/benjaminfaershtein/Library/Developer/Xcode/DerivedData/FieldHT-bkhkrfdficylzyexnvmumnbbolba/Build/Intermediates.noindex/FieldHT.build/Debug-iphonesimulator/FieldHT.build/FieldHT-ExecutorLinkFileList-normal-arm64.txt (in target 'FieldHT' from project 'FieldHT')
    cd /Users/benjaminfaershtein/Documents/FieldHT
    construct-stub-executor-link-file-list /Users/benjaminfaershtein/Library/Developer/Xcode/DerivedData/FieldHT-bkhkrfdficylzyexnvmumnbbolba/Build/Products/Debug-iphonesimulator/FieldHT.app/FieldHT.debug.dylib /Applications/Xcode.app/Contents/Developer/Platforms/iPhoneSimulator.platform/Developer/usr/lib/libPreviewsJITStubExecutor_no_swift_entry_point.a /Applications/Xcode.app/Contents/Developer/Platforms/iPhoneSimulator.platform/Developer/usr/lib/libPreviewsJITStubExecutor.a --output /Users/benjaminfaershtein/Library/Developer/Xcode/DerivedData/FieldHT-bkhkrfdficylzyexnvmumnbbolba/Build/Intermediates.noindex/FieldHT.build/Debug-iphonesimulator/FieldHT.build/FieldHT-ExecutorLinkFileList-normal-arm64.txt
note: Using stub executor library with Swift entry point. (in target 'FieldHT' from project 'FieldHT')

Ld /Users/benjaminfaershtein/Library/Developer/Xcode/DerivedData/FieldHT-bkhkrfdficylzyexnvmumnbbolba/Build/Products/Debug-iphonesimulator/FieldHT.app/FieldHT normal (in target 'FieldHT' from project 'FieldHT')
    cd /Users/benjaminfaershtein/Documents/FieldHT
    /Applications/Xcode.app/Contents/Developer/Toolchains/XcodeDefault.xctoolchain/usr/bin/clang -Xlinker -reproducible -target arm64-apple-ios26.0-simulator -isysroot /Applications/Xcode.app/Contents/Developer/Platforms/iPhoneSimulator.platform/Developer/SDKs/iPhoneSimulator26.0.sdk -O0 -L/Users/benjaminfaershtein/Library/Developer/Xcode/DerivedData/FieldHT-bkhkrfdficylzyexnvmumnbbolba/Build/Products/Debug-iphonesimulator -F/Users/benjaminfaershtein/Library/Developer/Xcode/DerivedData/FieldHT-bkhkrfdficylzyexnvmumnbbolba/Build/Products/Debug-iphonesimulator/PackageFrameworks -F/Users/benjaminfaershtein/Library/Developer/Xcode/DerivedData/FieldHT-bkhkrfdficylzyexnvmumnbbolba/Build/Products/Debug-iphonesimulator -Xlinker -rpath -Xlinker @executable_path -Xlinker -rpath -Xlinker /Users/benjaminfaershtein/Library/Developer/Xcode/DerivedData/FieldHT-bkhkrfdficylzyexnvmumnbbolba/Build/Products/Debug-iphonesimulator/PackageFrameworks -Xlinker -rpath -Xlinker @executable_path/Frameworks -rdynamic -Xlinker -no_deduplicate -Xlinker -objc_abi_version -Xlinker 2 -e ___debug_blank_executor_main -Xlinker -sectcreate -Xlinker __TEXT -Xlinker __debug_dylib -Xlinker /Users/benjaminfaershtein/Library/Developer/Xcode/DerivedData/FieldHT-bkhkrfdficylzyexnvmumnbbolba/Build/Intermediates.noindex/FieldHT.build/Debug-iphonesimulator/FieldHT.build/FieldHT-DebugDylibPath-normal-arm64.txt -Xlinker -sectcreate -Xlinker __TEXT -Xlinker __debug_instlnm -Xlinker /Users/benjaminfaershtein/Library/Developer/Xcode/DerivedData/FieldHT-bkhkrfdficylzyexnvmumnbbolba/Build/Intermediates.noindex/FieldHT.build/Debug-iphonesimulator/FieldHT.build/FieldHT-DebugDylibInstallName-normal-arm64.txt -Xlinker -filelist -Xlinker /Users/benjaminfaershtein/Library/Developer/Xcode/DerivedData/FieldHT-bkhkrfdficylzyexnvmumnbbolba/Build/Intermediates.noindex/FieldHT.build/Debug-iphonesimulator/FieldHT.build/FieldHT-ExecutorLinkFileList-normal-arm64.txt -Xlinker -sectcreate -Xlinker __TEXT -Xlinker __entitlements -Xlinker /Users/benjaminfaershtein/Library/Developer/Xcode/DerivedData/FieldHT-bkhkrfdficylzyexnvmumnbbolba/Build/Intermediates.noindex/FieldHT.build/Debug-iphonesimulator/FieldHT.build/FieldHT.app-Simulated.xcent -Xlinker -sectcreate -Xlinker __TEXT -Xlinker __ents_der -Xlinker /Users/benjaminfaershtein/Library/Developer/Xcode/DerivedData/FieldHT-bkhkrfdficylzyexnvmumnbbolba/Build/Intermediates.noindex/FieldHT.build/Debug-iphonesimulator/FieldHT.build/FieldHT.app-Simulated.xcent.der /Users/benjaminfaershtein/Library/Developer/Xcode/DerivedData/FieldHT-bkhkrfdficylzyexnvmumnbbolba/Build/Products/Debug-iphonesimulator/FieldHT.app/FieldHT.debug.dylib -Xlinker -no_adhoc_codesign -o /Users/benjaminfaershtein/Library/Developer/Xcode/DerivedData/FieldHT-bkhkrfdficylzyexnvmumnbbolba/Build/Products/Debug-iphonesimulator/FieldHT.app/FieldHT

Copy /Users/benjaminfaershtein/Library/Developer/Xcode/DerivedData/FieldHT-bkhkrfdficylzyexnvmumnbbolba/Build/Products/Debug-iphonesimulator/FieldHT.app/PlugIns/WidgetExtension.appex /Users/benjaminfaershtein/Library/Developer/Xcode/DerivedData/FieldHT-bkhkrfdficylzyexnvmumnbbolba/Build/Products/Debug-iphonesimulator/WidgetExtension.appex (in target 'FieldHT' from project 'FieldHT')
    cd /Users/benjaminfaershtein/Documents/FieldHT
    builtin-copy -exclude .DS_Store -exclude CVS -exclude .svn -exclude .git -exclude .hg -exclude Headers -exclude PrivateHeaders -exclude Modules -exclude \*.tbd -resolve-src-symlinks -remove-static-executable /Users/benjaminfaershtein/Library/Developer/Xcode/DerivedData/FieldHT-bkhkrfdficylzyexnvmumnbbolba/Build/Products/Debug-iphonesimulator/WidgetExtension.appex /Users/benjaminfaershtein/Library/Developer/Xcode/DerivedData/FieldHT-bkhkrfdficylzyexnvmumnbbolba/Build/Products/Debug-iphonesimulator/FieldHT.app/PlugIns

ProcessInfoPlistFile /Users/benjaminfaershtein/Library/Developer/Xcode/DerivedData/FieldHT-bkhkrfdficylzyexnvmumnbbolba/Build/Products/Debug-iphonesimulator/FieldHT.app/Info.plist /Users/benjaminfaershtein/Documents/FieldHT/FieldHT/Info.plist (in target 'FieldHT' from project 'FieldHT')
    cd /Users/benjaminfaershtein/Documents/FieldHT
    builtin-infoPlistUtility /Users/benjaminfaershtein/Documents/FieldHT/FieldHT/Info.plist -producttype com.apple.product-type.application -genpkginfo /Users/benjaminfaershtein/Library/Developer/Xcode/DerivedData/FieldHT-bkhkrfdficylzyexnvmumnbbolba/Build/Products/Debug-iphonesimulator/FieldHT.app/PkgInfo -expandbuildsettings -format binary -platform iphonesimulator -additionalcontentfile /Users/benjaminfaershtein/Library/Developer/Xcode/DerivedData/FieldHT-bkhkrfdficylzyexnvmumnbbolba/Build/Intermediates.noindex/FieldHT.build/Debug-iphonesimulator/FieldHT.build/assetcatalog_generated_info.plist -scanforprivacyfile /Users/benjaminfaershtein/Library/Developer/Xcode/DerivedData/FieldHT-bkhkrfdficylzyexnvmumnbbolba/Build/Products/Debug-iphonesimulator/FieldHT.app/PlugIns/WidgetExtension.appex -o /Users/benjaminfaershtein/Library/Developer/Xcode/DerivedData/FieldHT-bkhkrfdficylzyexnvmumnbbolba/Build/Products/Debug-iphonesimulator/FieldHT.app/Info.plist

CopySwiftLibs /Users/benjaminfaershtein/Library/Developer/Xcode/DerivedData/FieldHT-bkhkrfdficylzyexnvmumnbbolba/Build/Products/Debug-iphonesimulator/FieldHT.app (in target 'FieldHT' from project 'FieldHT')
    cd /Users/benjaminfaershtein/Documents/FieldHT
    builtin-swiftStdLibTool --copy --verbose --sign - --scan-executable /Users/benjaminfaershtein/Library/Developer/Xcode/DerivedData/FieldHT-bkhkrfdficylzyexnvmumnbbolba/Build/Products/Debug-iphonesimulator/FieldHT.app/FieldHT.debug.dylib --scan-folder /Users/benjaminfaershtein/Library/Developer/Xcode/DerivedData/FieldHT-bkhkrfdficylzyexnvmumnbbolba/Build/Products/Debug-iphonesimulator/FieldHT.app/Frameworks --scan-folder /Users/benjaminfaershtein/Library/Developer/Xcode/DerivedData/FieldHT-bkhkrfdficylzyexnvmumnbbolba/Build/Products/Debug-iphonesimulator/FieldHT.app/PlugIns --scan-folder /Users/benjaminfaershtein/Library/Developer/Xcode/DerivedData/FieldHT-bkhkrfdficylzyexnvmumnbbolba/Build/Products/Debug-iphonesimulator/FieldHT.app/SystemExtensions --scan-folder /Users/benjaminfaershtein/Library/Developer/Xcode/DerivedData/FieldHT-bkhkrfdficylzyexnvmumnbbolba/Build/Products/Debug-iphonesimulator/FieldHT.app/Extensions --platform iphonesimulator --toolchain /Applications/Xcode.app/Contents/Developer/Toolchains/XcodeDefault.xctoolchain --destination /Users/benjaminfaershtein/Library/Developer/Xcode/DerivedData/FieldHT-bkhkrfdficylzyexnvmumnbbolba/Build/Products/Debug-iphonesimulator/FieldHT.app/Frameworks --strip-bitcode --strip-bitcode-tool /Applications/Xcode.app/Contents/Developer/Toolchains/XcodeDefault.xctoolchain/usr/bin/bitcode_strip --emit-dependency-info /Users/benjaminfaershtein/Library/Developer/Xcode/DerivedData/FieldHT-bkhkrfdficylzyexnvmumnbbolba/Build/Intermediates.noindex/FieldHT.build/Debug-iphonesimulator/FieldHT.build/SwiftStdLibToolInputDependencies.dep --filter-for-swift-os

ExtractAppIntentsMetadata (in target 'FieldHT' from project 'FieldHT')
    cd /Users/benjaminfaershtein/Documents/FieldHT
    /Applications/Xcode.app/Contents/Developer/Toolchains/XcodeDefault.xctoolchain/usr/bin/appintentsmetadataprocessor --toolchain-dir /Applications/Xcode.app/Contents/Developer/Toolchains/XcodeDefault.xctoolchain --module-name FieldHT --sdk-root /Applications/Xcode.app/Contents/Developer/Platforms/iPhoneSimulator.platform/Developer/SDKs/iPhoneSimulator26.0.sdk --xcode-version 17A400 --platform-family iOS --deployment-target 26.0 --bundle-identifier BenFaer.FieldHT --output /Users/benjaminfaershtein/Library/Developer/Xcode/DerivedData/FieldHT-bkhkrfdficylzyexnvmumnbbolba/Build/Products/Debug-iphonesimulator/FieldHT.app --target-triple arm64-apple-ios26.0-simulator --binary-file /Users/benjaminfaershtein/Library/Developer/Xcode/DerivedData/FieldHT-bkhkrfdficylzyexnvmumnbbolba/Build/Products/Debug-iphonesimulator/FieldHT.app/FieldHT --dependency-file /Users/benjaminfaershtein/Library/Developer/Xcode/DerivedData/FieldHT-bkhkrfdficylzyexnvmumnbbolba/Build/Intermediates.noindex/FieldHT.build/Debug-iphonesimulator/FieldHT.build/Objects-normal/arm64/FieldHT_dependency_info.dat --stringsdata-file /Users/benjaminfaershtein/Library/Developer/Xcode/DerivedData/FieldHT-bkhkrfdficylzyexnvmumnbbolba/Build/Intermediates.noindex/FieldHT.build/Debug-iphonesimulator/FieldHT.build/Objects-normal/arm64/ExtractedAppShortcutsMetadata.stringsdata --source-file-list /Users/benjaminfaershtein/Library/Developer/Xcode/DerivedData/FieldHT-bkhkrfdficylzyexnvmumnbbolba/Build/Intermediates.noindex/FieldHT.build/Debug-iphonesimulator/FieldHT.build/Objects-normal/arm64/FieldHT.SwiftFileList --metadata-file-list /Users/benjaminfaershtein/Library/Developer/Xcode/DerivedData/FieldHT-bkhkrfdficylzyexnvmumnbbolba/Build/Intermediates.noindex/FieldHT.build/Debug-iphonesimulator/FieldHT.build/FieldHT.DependencyMetadataFileList --static-metadata-file-list /Users/benjaminfaershtein/Library/Developer/Xcode/DerivedData/FieldHT-bkhkrfdficylzyexnvmumnbbolba/Build/Intermediates.noindex/FieldHT.build/Debug-iphonesimulator/FieldHT.build/FieldHT.DependencyStaticMetadataFileList --swift-const-vals-list /Users/benjaminfaershtein/Library/Developer/Xcode/DerivedData/FieldHT-bkhkrfdficylzyexnvmumnbbolba/Build/Intermediates.noindex/FieldHT.build/Debug-iphonesimulator/FieldHT.build/Objects-normal/arm64/FieldHT.SwiftConstValuesFileList --compile-time-extraction --deployment-aware-processing --validate-assistant-intents --no-app-shortcuts-localization
2026-03-31 17:47:43.132 appintentsmetadataprocessor[79499:6311079] Starting appintentsmetadataprocessor export
2026-03-31 17:47:43.134 appintentsmetadataprocessor[79499:6311079] warning: Metadata extraction skipped. No AppIntents.framework dependency found.

AppIntentsSSUTraining (in target 'FieldHT' from project 'FieldHT')
    cd /Users/benjaminfaershtein/Documents/FieldHT
    /Applications/Xcode.app/Contents/Developer/Toolchains/XcodeDefault.xctoolchain/usr/bin/appintentsnltrainingprocessor --infoplist-path /Users/benjaminfaershtein/Library/Developer/Xcode/DerivedData/FieldHT-bkhkrfdficylzyexnvmumnbbolba/Build/Products/Debug-iphonesimulator/FieldHT.app/Info.plist --temp-dir-path /Users/benjaminfaershtein/Library/Developer/Xcode/DerivedData/FieldHT-bkhkrfdficylzyexnvmumnbbolba/Build/Intermediates.noindex/FieldHT.build/Debug-iphonesimulator/FieldHT.build/ssu --bundle-id BenFaer.FieldHT --product-path /Users/benjaminfaershtein/Library/Developer/Xcode/DerivedData/FieldHT-bkhkrfdficylzyexnvmumnbbolba/Build/Products/Debug-iphonesimulator/FieldHT.app --extracted-metadata-path /Users/benjaminfaershtein/Library/Developer/Xcode/DerivedData/FieldHT-bkhkrfdficylzyexnvmumnbbolba/Build/Products/Debug-iphonesimulator/FieldHT.app/Metadata.appintents --metadata-file-list /Users/benjaminfaershtein/Library/Developer/Xcode/DerivedData/FieldHT-bkhkrfdficylzyexnvmumnbbolba/Build/Intermediates.noindex/FieldHT.build/Debug-iphonesimulator/FieldHT.build/FieldHT.DependencyMetadataFileList --archive-ssu-assets
2026-03-31 17:47:43.149 appintentsnltrainingprocessor[79500:6311080] Parsing options for appintentsnltrainingprocessor
2026-03-31 17:47:43.149 appintentsnltrainingprocessor[79500:6311080] No AppShortcuts found - Skipping.

CodeSign /Users/benjaminfaershtein/Library/Developer/Xcode/DerivedData/FieldHT-bkhkrfdficylzyexnvmumnbbolba/Build/Products/Debug-iphonesimulator/FieldHT.app/FieldHT.debug.dylib (in target 'FieldHT' from project 'FieldHT')
    cd /Users/benjaminfaershtein/Documents/FieldHT
    
    Signing Identity:     "Sign to Run Locally"
    
    /usr/bin/codesign --force --sign - --timestamp\=none --generate-entitlement-der /Users/benjaminfaershtein/Library/Developer/Xcode/DerivedData/FieldHT-bkhkrfdficylzyexnvmumnbbolba/Build/Products/Debug-iphonesimulator/FieldHT.app/FieldHT.debug.dylib

CodeSign /Users/benjaminfaershtein/Library/Developer/Xcode/DerivedData/FieldHT-bkhkrfdficylzyexnvmumnbbolba/Build/Products/Debug-iphonesimulator/FieldHT.app/__preview.dylib (in target 'FieldHT' from project 'FieldHT')
    cd /Users/benjaminfaershtein/Documents/FieldHT
    
    Signing Identity:     "Sign to Run Locally"
    
    /usr/bin/codesign --force --sign - --timestamp\=none --generate-entitlement-der /Users/benjaminfaershtein/Library/Developer/Xcode/DerivedData/FieldHT-bkhkrfdficylzyexnvmumnbbolba/Build/Products/Debug-iphonesimulator/FieldHT.app/__preview.dylib

CodeSign /Users/benjaminfaershtein/Library/Developer/Xcode/DerivedData/FieldHT-bkhkrfdficylzyexnvmumnbbolba/Build/Products/Debug-iphonesimulator/FieldHT.app (in target 'FieldHT' from project 'FieldHT')
    cd /Users/benjaminfaershtein/Documents/FieldHT
    
    Signing Identity:     "Sign to Run Locally"
    
    /usr/bin/codesign --force --sign - --timestamp\=none --generate-entitlement-der /Users/benjaminfaershtein/Library/Developer/Xcode/DerivedData/FieldHT-bkhkrfdficylzyexnvmumnbbolba/Build/Products/Debug-iphonesimulator/FieldHT.app

ValidateEmbeddedBinary /Users/benjaminfaershtein/Library/Developer/Xcode/DerivedData/FieldHT-bkhkrfdficylzyexnvmumnbbolba/Build/Products/Debug-iphonesimulator/FieldHT.app/PlugIns/WidgetExtension.appex (in target 'FieldHT' from project 'FieldHT')
    cd /Users/benjaminfaershtein/Documents/FieldHT
    /Applications/Xcode.app/Contents/Developer/usr/bin/embeddedBinaryValidationUtility /Users/benjaminfaershtein/Library/Developer/Xcode/DerivedData/FieldHT-bkhkrfdficylzyexnvmumnbbolba/Build/Products/Debug-iphonesimulator/FieldHT.app/PlugIns/WidgetExtension.appex -signing-cert - -info-plist-path /Users/benjaminfaershtein/Library/Developer/Xcode/DerivedData/FieldHT-bkhkrfdficylzyexnvmumnbbolba/Build/Products/Debug-iphonesimulator/FieldHT.app/Info.plist
warning: The CFBundleShortVersionString of an app extension ('1.0') must match that of its containing parent app ('1.2').

RegisterExecutionPolicyException /Users/benjaminfaershtein/Library/Developer/Xcode/DerivedData/FieldHT-bkhkrfdficylzyexnvmumnbbolba/Build/Products/Debug-iphonesimulator/FieldHT.app (in target 'FieldHT' from project 'FieldHT')
    cd /Users/benjaminfaershtein/Documents/FieldHT
    builtin-RegisterExecutionPolicyException /Users/benjaminfaershtein/Library/Developer/Xcode/DerivedData/FieldHT-bkhkrfdficylzyexnvmumnbbolba/Build/Products/Debug-iphonesimulator/FieldHT.app

Validate /Users/benjaminfaershtein/Library/Developer/Xcode/DerivedData/FieldHT-bkhkrfdficylzyexnvmumnbbolba/Build/Products/Debug-iphonesimulator/FieldHT.app (in target 'FieldHT' from project 'FieldHT')
    cd /Users/benjaminfaershtein/Documents/FieldHT
    builtin-validationUtility /Users/benjaminfaershtein/Library/Developer/Xcode/DerivedData/FieldHT-bkhkrfdficylzyexnvmumnbbolba/Build/Products/Debug-iphonesimulator/FieldHT.app -shallow-bundle -infoplist-subpath Info.plist

Touch /Users/benjaminfaershtein/Library/Developer/Xcode/DerivedData/FieldHT-bkhkrfdficylzyexnvmumnbbolba/Build/Products/Debug-iphonesimulator/FieldHT.app (in target 'FieldHT' from project 'FieldHT')
    cd /Users/benjaminfaershtein/Documents/FieldHT
    /usr/bin/touch -c /Users/benjaminfaershtein/Library/Developer/Xcode/DerivedData/FieldHT-bkhkrfdficylzyexnvmumnbbolba/Build/Products/Debug-iphonesimulator/FieldHT.app

Build Timing Summary

SwiftCompile (29 tasks) | 28.371 seconds

CopyPNGFile (160 tasks) | 5.119 seconds

SwiftEmitModule (3 tasks) | 1.884 seconds

CompileAssetCatalogVariant (2 tasks) | 1.544 seconds

SwiftDriver (3 tasks) | 0.820 seconds

Ld (7 tasks) | 0.727 seconds

ValidateEmbeddedBinary (1 task) | 0.516 seconds

ExtractAppIntentsMetadata (3 tasks) | 0.340 seconds

CodeSign (6 tasks) | 0.170 seconds

AppIntentsSSUTraining (2 tasks) | 0.053 seconds

GenerateAssetSymbols (2 tasks) | 0.046 seconds

RegisterExecutionPolicyException (3 tasks) | 0.023 seconds

Copy (14 tasks) | 0.021 seconds

ProcessInfoPlistFile (2 tasks) | 0.014 seconds

ProcessProductPackagingDER (2 tasks) | 0.011 seconds

CopySwiftLibs (1 task) | 0.010 seconds

WriteAuxiliaryFile (41 tasks) | 0.007 seconds

ConstructStubExecutorLinkFileList (2 tasks) | 0.006 seconds

SwiftDriver Compilation (3 tasks) | 0.005 seconds

Touch (2 tasks) | 0.004 seconds

LinkAssetCatalog (2 tasks) | 0.003 seconds

CpResource (1 task) | 0.002 seconds

SwiftDriver Compilation Requirements (3 tasks) | 0.001 seconds

SwiftMergeGeneratedHeaders (3 tasks) | 0.001 seconds

ProcessProductPackaging (2 tasks) | 0.001 seconds

Validate (1 task) | 0.000 seconds

** BUILD SUCCEEDED **

